variant;y
N127A;0.062650042
N127Y;0.042368631
F129R;0.051102779
K131G;0.313585235
N132Q;0.870906516
H134D;1.064959529
P135S;1.024196828
I137G;0.029331952
D138S;0.739296394
K140D;0.206325245
Y143F;1.004412883
A141S;1.063916034
D144S;1.163182441
F146I;0.94300666
S147V;0.87350099
F149N;0.174971472
N127C;0.024995925
I128A;0.413213877
D151C;0.779644302
I152N;0.046778139
K131I;0.061160241
F129T;0.13853163
N132P;0.758048149
S154D;0.028875715
S155R;0.179943344
I157G;0.062730001
H134G;0.890065722
P135R;1.040147459
I137F;0.585169946
A158T;0.650884395
D138R;0.530682705
D160H;0.992290341
K140G;0.771584723
E161Y;1.033936888
G163L;1.24768601
Y143I;0.683098956
A141R;0.452682098
S165A;0.927940267
K166P;0.167840093
D144R;0.853146155
F146H;0.206966255
F168D;0.031915264
G169W;0.049860563
S147Y;0.819478629
F149P;0.057490626
N127E;0.027818045
I128C;0.809561882
D151E;0.974267953
I152P;0.135961886
V171N;0.05775143
K131H;0.216409582
F129W;0.045387337
E174T;1.021969302
N132S;0.938513912
S154G;0.127053146
S155T;0.533335269
E176L;0.94950938
I157F;0.273047529
A178C;0.97705806
P135T;1.059721172
I137H;0.234221071
A179P;0.368011134
A158V;0.953042213
E181G;0.86888267
D138T;0.624096105
H134F;0.793696502
K140I;0.55185413
A182R;0.066774381
N162A;0.995565693
D160K;0.964204708
Y143H;1.003854744
A141T;1.052043271
S165C;0.654068404
F173G;0.009474844
G163Q;0.93694096
K166S;0.470956104
D144T;1.142394383
F146M;1.03791802
D184G;0.886958521
N187D;0.962531812
F168I;0.232343721
V148A;0.816810377
F149S;0.107162606
A185S;0.939967582
G188P;0.192219046
N127D;0.092973688
L191S;0.917796963
I128G;0.034152847
D151G;0.939305973
I152S;0.045343821
L190G;0.736799305
K131M;0.062306421
F129V;0.058542172
N192Y;0.69238734
V171P;0.074983711
S154F;0.070660163
N132R;1.094081819
E195Y;0.950719637
S155W;0.655690014
E174V;0.951073498
I157H;0.492406928
E176N;0.936801121
G169V;0.04447894
A178E;0.911374429
Q194K;1.048921589
P135V;1.112721801
A179S;0.964776256
I137K;0.102121507
E181F;0.420519614
D138V;0.524002923
A158Y;0.051607661
K140H;0.814977012
Y197H;0.675273848
H134I;0.99352733
A182T;0.91624181
N162C;0.930140613
Y143K;0.911113319
A141V;0.828612388
D160L;1.009591749
G163P;0.120352216
S165D;0.321296201
F173I;0.33299337
K166R;1.039985649
D144V;0.970700926
F146L;1.039454452
D184F;0.874958599
F168H;0.804125887
N187G;0.958689329
A185R;0.560930885
V148E;0.883449633
G188S;0.937625076
F149R;0.129192419
N127G;0.062339233
L191R;0.825313557
D151F;1.026198483
I152R;0.032340801
I128F;0.055125025
F129Y;1.039766256
K131L;0.054954275
L190F;1.020502945
G193A;0.994089168
S154I;0.101802703
N132T;0.640878512
S155V;0.501689579
V171S;0.399924781
I196A;0.841103269
I157K;0.346071068
E174Y;0.937303269
E176Q;0.876837103
F170A;0.164348695
A178D;0.993007503
A179R;0.649578948
P135Y;0.885318911
Q194L;1.068201167
I137M;0.584683917
D138Y;0.420693789
T159A;0.992654158
E181I;0.771008399
K140M;0.656502579
Y197K;0.718390639
A182V;1.010176792
N162E;1.069397165
A141Y;0.610235699
Y143L;0.881613546
H134K;0.79034223
D160N;1.006409096
G163S;0.907074665
F173H;0.15592886
K166T;0.142179708
D144Y;0.886877396
F146N;0.238807217
D184I;0.804472306
F168M;0.665550014
N187F;0.924012367
V148D;0.60885311
A185T;1.028322362
G188R;1.279470658
L191T;0.809682619
N127F;0.040344299
F149T;0.084723028
I152T;0.29395153
D151I;0.787920781
I128H;0.167680994
K131N;0.143878782
G193C;0.933225191
S154H;0.022458889
N132V;0.448707328
I157M;0.999693578
I130A;0.717802041
I196C;0.825232881
E175A;1.005272604
E176P;0.988697739
F170C;0.126042227
S155Y;0.614475213
A178G;0.95101882
L190I;0.995115482
Q194N;1.171251225
D136A;0.972866638
I137L;0.801001824
N139A;0.886224774
T159C;1.05515571
A179T;0.632446651
E181H;0.885787956
V171T;0.667736862
Y197L;0.630036085
A182Y;0.078900168
N162D;0.989847862
K140L;0.683379144
L142A;0.723566236
Y143N;1.036783632
H134M;0.628248082
D160Q;0.911472908
G163R;1.048650991
F173M;0.547360897
K166W;0.325380007
T145A;1.042326875
F146P;0.159696184
D184H;0.894010198
F168L;0.094666101
N187I;0.769871911
V148G;0.610404245
A185V;0.960047607
G188T;0.863398621
L191W;0.646856373
N127I;0.059962776
F149W;0.950587585
I152V;0.817004047
I128K;0.025665458
D151H;0.928274298
K131Q;0.114325622
S154L;0.07725642
G193E;0.782166483
I157L;0.95752698
I196D;0.098324393
N132Y;0.817462946
E175D;1.011483466
I130C;0.781004736
E176S;0.77681857
F170G;0.012766106
A178F;0.986604836
Q194P;0.387851124
L190H;0.909375494
D136C;0.984371877
K156A;0.375917056
I137N;0.165554164
N139C;0.705984892
T159D;0.853797138
E181K;0.79810541
V171Y;0.030758914
A179V;0.624416197
Y197N;0.523818869
I183A;0.878095887
N162G;0.999849181
K140N;0.599387918
Y143Q;0.81081005
L142C;0.966161916
D160P;0.308915667
H134L;1.03217468
G163T;0.735409164
F173L;0.739520468
K166V;0.658552595
T145C;0.930382656
F146S;0.684864649
D184K;0.833938855
N187H;0.992637585
F168N;0.050885875
V148F;0.745689082
G188W;0.347385768
A185Y;0.760847429
L191V;1.030155189
F149V;0.39866903
N127H;0.047049254
I152Y;0.04883678
I128M;0.819935615
D151K;0.886870084
K131P;0.014836291
S154P;0.049251684
I157N;0.289647474
I196G;0.036021148
G193D;1.022131157
E175G;0.880462718
L133A;0.390502368
I130D;0.032851787
E176R;1.00281634
A178I;1.129310248
F170I;0.042800271
Q194S;1.153527183
L190K;0.798423642
I137P;0.058555268
D136E;0.853471763
N139E;0.399739512
T159G;0.945198401
E181L;0.945093468
H172A;0.277624343
K156E;0.058984989
A179Y;0.708215258
Y197Q;0.61331057
I183C;1.025858095
N162F;1.054076389
K140Q;0.68855667
Y143P;0.097291829
D160S;1.071382818
L142G;0.032237734
H134N;1.101929197
G163W;0.775103363
F173N;0.019250477
K166Y;0.680785084
T145D;0.22254436
F146R;0.125760745
D184L;1.178789754
N187K;1.034804345
F168P;0.014437857
V148I;1.06870542
G188V;0.352351137
L186A;0.645219625
L191Y;0.831808743
F149Y;0.556732409
L153A;0.505038708
N127K;0.106342179
I128L;0.956552144
D151L;0.768902536
K131S;0.329209482
S154R;0.2115314
I157P;0.06530354
I196F;0.813812083
G193F;0.814528209
E175I;0.919805076
L133C;0.590368291
I130G;0.065703573
E176T;0.93003221
A178H;1.061903443
F170H;0.635970013
S165G;0.721892872
L190M;0.98449501
Q194R;1.128068907
I137S;0.205772789
N139D;0.857708691
T159F;0.802826214
H172C;0.257256369
Y197P;0.040416073
E181N;0.889396142
I183D;0.294973179
K156D;0.036792203
N162I;0.927742375
K140P;0.766541685
K180A;0.825992415
Y143S;0.848158596
D160R;0.914596507
L142F;1.054158376
H134Q;0.900618222
D136G;0.813717785
G163V;0.795389889
G167A;0.957030772
F173P;0.014102093
T145G;0.708788545
F146T;0.717802041
D184N;0.869828385
N187M;1.171809215
F168S;0.208596807
V148K;0.604988569
L186C;0.917884755
G188Y;0.540353386
N192A;0.989202983
L153C;0.499949213
G150A;0.61725798
N127L;0.029995109
I128N;0.421403732
D151N;0.978529947
K131R;0.854050198
S154T;0.200400876
I196H;0.152393594
I130F;0.461896214
E176V;0.968400431
E175H;0.994479621
I157S;0.397814363
G193I;0.448511108
L133E;0.051484143
A178L;0.894915938
F170M;0.315486696
Q194T;1.06879892
L190Q;0.930791897
N139G;0.932490199
T159I;0.945462092
H172E;0.090958502
I137R;0.049803556
Y197S;0.527856762
I183G;0.690436283
K140S;0.641612356
K180E;0.998266373
N162H;1.02679722
Y143R;1.011734604
K156G;0.052729566
D160T;1.029846726
L142I;0.8042288
E181Q;0.901113459
K164A;0.718307633
D136F;1.003417299
H134P;1.040896517
G167C;1.121656878
F173S;0.038612014
T145F;0.548420068
F146W;0.563633592
D184Q;1.035312265
N187L;0.96846812
F168R;0.228146737
V148M;1.019467233
L186E;0.392787653
N192C;1.028335879
M189A;0.778353075
N127Q;0.135272062
L153E;0.135758958
G150C;0.30304445
I128P;0.032117668
D151Q;1.167344463
K131T;0.059495756
S154W;0.109150202
I196K;0.038926079
I130H;0.071227325
E176Y;0.689464008
E175K;1.038989061
I157R;0.499582681
G193H;1.206708458
F170L;0.049255932
A178N;0.827720415
Q194V;0.973517143
L190P;0.954500969
N139F;0.324606938
L133F;0.924148958
T159H;0.420813759
H172D;0.182747675
I137T;0.431186569
K180D;0.901048808
Y197R;0.819824831
K140R;1.046506186
N162K;1.029582958
I183F;0.766240116
Y143T;0.475129144
D160V;0.870921701
L142K;0.078396309
K164E;0.927805075
D136I;0.855232459
G167E;0.850222628
K156I;0.679441262
H134S;0.867543922
F173R;0.038942478
T145I;0.625987605
F146V;0.864084052
E181P;0.619066579
D184P;0.673059926
F168T;0.113281651
V148L;1.056643212
L186G;0.479377333
N192E;1.229206413
M189E;0.716211855
L153G;0.438085846
N127P;0.042361514
G150E;0.052699741
I128S;0.104905837
N187Q;1.000988138
D151P;0.721221344
K131W;0.158917179
S154V;0.072404778
I196M;1.050810932
E175L;0.867536077
I130K;0.106464123
G177A;1.045686049
I157T;0.762126235
G193L;0.968613516
A178Q;0.798684735
F170N;0.292366613
Q194Y;1.016358362
L190S;0.792113094
N139I;0.610538282
H172G;0.194044804
T159K;0.510204011
I137V;0.770355557
Y197T;0.596723963
K180G;0.893960624
K140T;0.552503623
L133I;1.03835111
I183H;0.950202249
N162M;1.109808137
Y143W;0.7475208
D160Y;1.009465022
L142M;0.964769752
K164D;0.886599116
D136H;1.088617273
K156H;0.27177372
H134R;0.829494074
F146Y;0.689853849
T145H;0.589369315
F173T;0.024255601
G167D;0.339047675
E181S;0.773149367
D184S;0.894479409
F168W;0.15067873
V148Q;0.676788387
L186F;0.590106004
M189G;0.801629647
L153F;0.772661842
N192D;0.995612316
N127S;0.090002529
G150D;0.110568142
N187P;0.464477724
D151S;0.953835101
S154Y;0.067566871
K131V;0.042585649
I196L;1.106330975
I128R;0.024334657
I130M;0.927107068
G177C;0.957656588
I157V;0.947624659
E175N;0.985717686
G193N;1.013348646
A178P;0.924839134
F170S;0.061896926
E195A;0.963037742
N139H;0.883681273
L190R;0.932539433
H172F;0.097580002
K180I;0.967442824
Y197W;0.483217325
K140W;0.774086387
T159M;1.219970421
I183K;1.008202305
N162L;1.022490273
Y143V;0.591982688
E161A;1.052363798
L142Q;0.335900289
L133K;0.057490626
I137Y;0.440582371
K164G;1.011658151
D136K;0.636503364
K156M;0.443346243
H134T;0.901523962
T145K;0.581414637
S147A;0.865589756
F173W;0.312611
E181R;0.617774016
D184R;1.178738395
G167F;0.716460807
V148P;0.566106678
F168V;0.294287439
L186I;1.094817912
M189F;0.871993096
N192G;0.920909087
L153I;0.415810295
N127R;0.07300397
G150F;0.021491823
N187S;1.039508749
S155A;0.786918337
D151R;0.714340762
K131Y;0.158855678
I196N;0.087992657
I128T;0.826977841
I130L;1.024281564
G177E;0.965640707
I157Y;0.071522925
E175Q;1.028297419
G193P;0.203456659
A178S;1.016407216
F170R;0.028536001
N139K;0.376005045
E195D;0.986846317
H172I;0.055126365
S165F;0.86120174
L190T;1.143818115
K180H;0.872907487
K140V;0.636673053
T159L;1.001949061
Y197V;0.706631079
I183M;0.96639938
N162Q;0.95049673
E161D;0.993208092
L142P;0.08623594
D138A;0.58302597
D144A;0.955474543
K164F;1.109250023
H134V;1.051100483
K156L;0.689604907
D136L;1.107347861
T145M;0.86111501
S147C;0.845823207
F173V;0.152823052
L133M;0.946810993
E181T;0.934902623
D184T;0.883194126
V148S;0.763320922
F168Y;0.870284839
G167I;0.099408199
L186K;0.609795733
M189I;0.923263263
L153K;0.650093798
N192F;0.781487383
N127T;0.044739787
G150I;0.043553505
N187R;1.027414547
S155C;0.924188721
D151T;0.794847604
I196P;0.269063372
N132A;1.029255513
I130N;0.103044032
I128V;0.90688375
A158C;1.1008311
G177D;1.015404036
E175P;0.843753688
A178R;0.899918172
G193S;1.048120097
F170T;0.07875195
N139M;0.824294826
E195G;0.982113709
H172K;0.242556005
L190W;0.784803056
K180M;0.942127619
K140Y;0.616613546
T159N;0.896891167
I183L;0.922618922
N162P;0.601473337
E161G;1.028314888
L142S;0.093146364
D138C;0.858526688
K164I;0.942820692
K156N;0.204442564
H134Y;0.799517398
D144C;0.961318671
T145L;0.503284945
D136N;0.881276303
S147D;0.811952923
F173Y;0.96824545
E181V;0.880837011
L133Q;0.070396685
D184V;0.89532811
V148R;0.515696649
G169A;1.044262046
L186M;0.692146915
M189K;0.761294156
G167H;1.055237522
L153M;0.972176869
G150H;0.01493263
N192I;0.937524048
N127V;0.022768565
N187T;1.0405576
S155E;0.388711547
D151V;0.972492756
I196S;0.278667843
N132C;0.825419333
I128Y;0.082129466
I130P;0.089429863
A158E;0.550044038
G177F;1.126075866
E175S;0.965447953
A178T;0.982946977
F170W;0.744857024
N139L;0.597216059
G193R;0.997456334
E195F;0.734518192
H172L;0.279770495
L190V;1.021934262
A141C;1.510538027
K180L;0.964763413
T159P;0.910218364
I183N;0.717395337
N162S;0.97850183
E161I;1.03483935
L142R;0.037331576
D138E;0.754585957
K164H;0.777560865
K156Q;0.312454193
D144E;1.056912048
P135A;1.02701377
T145N;0.556583587
S147G;0.9655477
D136Q;0.884471175
E174A;0.986194248
E181Y;0.911556806
L133P;0.046457072
D184Y;0.90858969
V148T;0.865385219
G169C;0.65024841
L186Q;0.411377884
M189L;1.04303602
L153Q;0.723858235
G150L;0.083840497
N192H;0.771378206
N187V;0.81084922
G167L;1.102047936
S155D;0.25504816
D151Y;0.90186952
I196R;0.07021443
N132E;0.587541567
F129A;0.047908855
I130S;0.126146252
A158D;0.487228761
G177I;1.142658116
E175R;1.016035026
A178V;1.024489614
F170V;0.04101328
N139Q;0.861258043
G193T;0.789845536
E195I;0.998389223
H172N;0.298646226
L191A;0.853018048
K180N;0.948953542
A141E;0.463959441
T159S;0.990831397
I183Q;0.993020502
N162R;0.956866247
E161H;1.033061024
L142T;0.544107714
D138G;0.738283904
K156P;0.015957632
K164M;1.03805748
S147F;0.844121677
D144G;0.876154052
T145P;0.153468732
P135C;1.012823145
D136P;0.245553184
E174D;0.913007681
A182C;0.854751825
L133S;0.098464609
A185C;0.985819453
V148W;0.572615801
G169E;0.037672642
L186P;0.221923395
M189N;0.80054805
L153P;0.226452702
G150N;0.170576584
N192K;0.925284516
N187Y;0.955870023
G167N;1.061182522
S155G;0.816967431
I152A;0.166685406
I196T;0.830127581
N132D;0.598524468
F129C;0.056152415
A158G;0.814387559
I130R;0.035198343
G177H;0.971818675
E175T;0.811840428
A178Y;0.946710419
F170Y;0.9494581
N139P;0.740499649
G193W;0.645337128
E195H;1.073649351
H172Q;0.73270601
L191C;1.021809582
K180Q;1.012571795
A141D;0.658949394
T159R;0.821232596
I183P;0.130064385
N162T;0.986947454
E161K;1.050292222
L142W;0.050678887
D138F;0.386337009
K164L;0.830377137
K156S;0.252459564
S147I;0.844393575
T145S;1.071077191
D144F;0.871464246
D136S;0.93986799
P135D;0.969880033
E174G;0.989115565
A182E;0.088422603
L133R;0.023307011
A185E;0.993225532
F149A;0.15570378
G169D;0.038082465
L186S;0.719068969
M189Q;0.890765183
L153S;0.824983633
G150P;0.010266183
N192M;0.703740782
G188A;0.827014353
S155F;0.307386642
I152C;0.299788321
G167P;0.781173017
I196V;1.049993656
N132G;0.86042151
A158F;0.243441246
F129G;0.040109739
G177L;0.840534857
I130T;0.689047215
A179C;0.667790118
E175V;1.026708753
N139S;0.884585633
V171A;0.875520122
E195K;1.072498521
H172P;0.025456222
G193V;0.645759188
L191E;0.796305074
K180P;0.638189924
A141G;0.780726033
T159V;1.036926922
I183S;0.755204745
N162V;1.009006688
E161L;0.91219128
L142V;0.839189264
D138I;0.565481571
K164N;0.958185783
K156R;0.674010415
S147H;0.919243261
T145R;0.440078341
S165I;0.45479251
D144I;0.922875845
D136R;0.734217638
P135G;0.782346669
A182D;0.074935477
E174I;0.93572252
L133T;0.451372687
A185D;0.823479553
F149C;0.362425353
M189P;0.270893736
L186R;0.609304468
G169K;0.013475334
L153R;0.806419965
G150S;0.656831779
N192L;0.803772765
G188C;0.810427711
S155I;0.306362715
I152D;0.016961958
I196Y;0.308585751
N132F;0.808959012
A158I;0.515670247
F129I;0.153378856
G177N;0.951644001
I130V;0.858048625
G167S;1.031980323
A179E;0.485330641
E175Y;0.933160761
N139R;0.236474112
V171C;0.794765609
H172S;0.248253629
E195L;0.922013168
G193Y;0.637007453
L191G;0.578387847
K180S;0.921122873
A141F;0.551117039
T159Y;1.106177215
I183R;0.934328072
N162Y;0.914194103
E161N;1.172448368
L142Y;0.263092697
D138H;0.913983673
K164Q;0.936046115
S147L;1.126165998
K156T;0.355056914
T145V;0.722802846
D144H;0.971402937
D136T;0.78311556
P135F;1.03413017
A182G;0.697171277
E174H;0.884493019
L133W;0.056352735
A185G;0.818152949
F149D;0.017965821
M189S;0.617171502
G169M;0.062460774
L153T;0.67022054
L186T;0.753716955
N192Q;0.988747982
G188E;0.949142115
S155H;0.56307644
I152G;0.101065002
G150R;0.043596584
Y197A;0.839083323
N132I;0.299041464
A158H;0.514612065
F129H;0.185828287
G177P;0.876968356
I130Y;0.085171298
A179D;0.589099698
E176A;0.897948709
N139T;0.855969815
V171E;0.057502501
G167R;1.139924376
H172R;0.149581205
E195N;0.982742093
Q194A;1.091049501
L191F;1.02186369
K180R;1.001866279
A141I;0.704723808
D160A;1.025337891
I183T;0.95100536
G163A;0.980699132
E161Q;1.034312066
Y143A;0.894298633
D138K;0.441152562
K164P;0.451145834
S147N;0.99209488
K156W;0.369106964
T145Y;0.399052583
D144K;0.975308756
D136V;0.905118948
P135I;0.933977412
A182F;0.338035594
E174K;1.053700209
L133V;0.962821986
F149G;0.049077364
A185F;0.758282508
M189R;0.696916156
G169L;0.023713576
L153W;0.803164604
L186W;0.57760906
N192P;0.167194545
G188D;0.773161816
S155K;0.070102892
G150T;0.083244346
I152F;0.055499654
A158L;0.153929772
N132H;0.922015851
Y197C;0.670965463
F129M;0.021292825
G177S;0.94939709
K131A;0.335507607
A179G;0.955147086
E176D;0.924992675
N139V;0.812501358
V171D;0.032661687
H172T;0.065911958
E195Q;0.976396087
Q194C;2.868778599
G167T;0.841965989
L191I;1.155247436
K180T;0.988981057
A141H;0.56905976
D160C;1.046561443
I183V;1.024614326
E161P;0.952355475
G163C;0.811060251
Y143C;0.727607702
K164S;0.927686214
D138L;0.605789658
S147P;0.075353175
K156V;0.447057943
F146A;0.845881191
D144L;0.81366515
D136Y;0.944138144
P135H;0.990642162
A182I;0.822755767
E174L;0.867557989
L133Y;0.082129466
F149I;0.717010059
A185I;1.112554455
M189T;0.780911993
G169Q;0.011369813
L153V;0.512878592
L186V;1.042199053
N192S;0.968018551
G188F;0.574623075
S155M;0.331326502
G150W;0.07734165
A158N;0.764357159
Y197E;0.153338644
N132K;1.024934487
F129L;0.096322196
G177R;0.960332901
K131C;0.281065285
A179F;0.921177443
I152H;0.031915264
E176G;0.902172873
N139Y;0.472952659
V171G;0.397099684
H172V;0.04890242
E195P;0.891029452
L191H;0.583242422
Q194E;1.078387558
K180W;1.020306339
G167W;0.494095566
A141L;0.876523753
D160E;0.944627341
I183Y;0.803558133
E161S;0.87054347
G163E;0.899167118
K164R;0.950060586
Y143E;0.380179949
D138N;0.934821971
S147R;0.892617621
K156Y;0.215384431
F146C;0.94752414
D144N;0.974213448
P135L;1.047671732
I137A;0.387930671
A182H;0.024014099
E174N;1.08178288
H134A;0.838181095
F149H;0.389878961
A185H;0.494886053
M189W;0.860378775
L153Y;0.700104833
G169P;0.043941305
N192R;0.866139172
L186Y;0.505133773
G188I;0.129914782
S155L;0.736899149
G150V;0.045810772
A158P;0.909068129
Y197D;0.258099142
F129N;0.100860748
N132M;0.753460769
G177T;0.858351513
K131E;0.100301621
A179I;0.406538144
E176F;0.419724681
K140A;0.689887517
I152K;0.028110795
V171F;0.088764501
H172Y;0.130079543
E195S;1.053873928
L191K;0.644121407
Q194D;1.020224754
K180V;0.992267103
D160G;1.024528557
A141N;0.763009235
G167V;0.18227928
D184A;0.920251617
E161R;1.058685622
G163D;0.914647645
K164T;0.942795106
D138Q;0.625732948
S147T;1.026427831
Y143D;0.721637609
I157A;0.602426679
F146D;0.0615971
D144Q;1.005051958
P135N;0.941100683
I137C;0.538329846
A182L;0.773448773
E174Q;1.007713577
F149M;1.027017015
H134C;0.976194112
A185L;0.86344347
S165H;1.004333459
M189V;0.940465321
S154A;0.257897555
G169S;0.455809943
N192T;1.00384307
N187A;1.408195559
G188H;0.863766081
S155N;0.694240428
G150Y;0.016425893
A158S;0.873176233
Y197G;0.522133468
F129S;0.061435844
N132L;0.730610044
G177W;0.91353342
K131D;0.025896679
A179H;0.57446121
E176I;0.835341592
K140E;0.316643211
I152M;0.24905574
V171I;0.817026792
F173A;0.038298317
E195R;0.959095343
L191M;1.023319734
Q194G;1.018160262
K180Y;0.901095418
D160F;0.977707948
A141P;0.29623595
E161T;1.205067593
D184C;0.870197167
G163I;0.990883365
K164V;0.799731756
S147W;0.805151279
Y143G;0.537349573
I157C;1.10459777
D138P;0.871342306
G167Y;0.786489499
F146G;0.79223008
D144P;0.127014175
I137D;0.060516449
P135Q;1.153664496
A182N;0.056125975
E174P;0.619668626
F149L;0.776265487
A185N;0.943646015
H134E;0.818849121
L190A;1.089639727
S154C;0.404591627
G169R;0.034884791
N192W;0.551095202
N187C;0.974205714
G188L;0.592232492
S155P;0.378545245
D151A;0.985499615
A158R;0.708630189
Y197F;0.896740007
G177V;1.039998499
A179L;0.63322325
E176H;0.717560565
V171M;0.322826338
I152L;0.591959775
F173C;0.203148822
E195T;1.177805262
L191Q;0.64116662
E181A;0.867824446
Q194I;0.940740064
D160I;0.881039942
E161V;1.045318696
D184E;1.064362616
G163K;0.798985583
K164Y;0.804570763
I157D;0.036383401
F168A;0.249690005
A182P;0.091569885
E174S;0.897457219
A185P;0.077938088
L190E;0.991558888
G169T;0.02181259
N192V;1.13128918
N187E;0.96757416
G188N;0.829428563
Y197I;0.790602093
G177Y;0.862694585
A179N;0.223637089
E176K;0.906989159
F173D;0.020213
V171L;0.459979377
E195V;0.939699592
L191P;0.520881349
E181D;1.025900382
Q194H;1.106452862
A182S;0.917549262
E174R;0.865188608
F168C;0.236891436
S165L;0.82349261
S165N;1.106661773
S165P;0.912190993
S165R;0.65505094
S165T;0.891848648
S165W;0.523700466
S165V;0.836538037
S165Y;0.74468591
K166A;0.502166729
K166E;0.440687382
K166D;0.335198924
K166G;0.394763968
K166I;0.480997571
K166H;0.595108338
K166M;0.702864036
K166L;0.740202334
K166N;0.506050927
K166Q;0.654938649
