mutant;enrichment
V2V;0.005051896
V2A;-0.162
V2D;0.227
V2F;0.341
V2G;-0.241
V2I;-0.294
V2L;0.249
P3A;-0.799
P3L;-1.53
P3Q;-1.189
P3R;0.147
P3S;-1.258
P3T;-1.597
A4E;-1.84
A4G;0.591
A4P;0.266
A4S;-0.096
A4T;-1.922
A4V;-0.286
A5E;-1.295
A5G;-0.559
A5P;-0.309
A5S;-0.352
A5T;-1.416
A5V;-0.441
Q6E;-0.205
Q6H;-0.483
Q6K;-0.827
Q6L;0.207
Q6P;0.192
Q6R;0.018
Q7E;0.231
Q7H;-0.189
Q7K;-0.866
Q7L;-0.051
Q7P;0.471
Q7R;-0.119
T8A;-0.012
T8K;-0.417
T8M;-0.291
T8P;0.159
T8R;0.724
T8S;0.23
A9D;-0.306
A9G;0.526
A9P;0.018
A9S;-0.237
A9T;-0.901
A9V;-0.375
M10A;0.238
M10I;-0.287
M10K;-0.288
M10L;-0.21
M10R;0.056
M10T;-0.549
M10V;-0.264
A11E;-0.355
A11G;-0.229
A11P;-0.069
A11S;-0.556
A11T;-0.432
A11V;-0.249
P12A;0.222
P12L;-0.554
P12Q;-0.994
P12R;-0.95
P12S;-0.646
P12T;-0.229
D13A;0.244
D13E;-0.49
D13G;-0.638
D13H;-0.376
D13N;-0.513
D13V;-0.517
D13Y;-0.569
A14E;-0.388
A14G;-0.15
A14P;0.04
A14S;-0.441
A14T;-0.559
A14V;-0.291
A15E;-0.482
A15G;-0.795
A15P;-0.227
A15S;-0.593
A15T;-1.093
A15V;-0.867
L16M;-0.408
L16P;-0.379
L16Q;-0.498
L16R;-0.301
L16V;0.225
T17A;-0.09
T17K;-0.18
T17M;-0.521
T17P;0.382
T17R;0.31
T17S;-0.19
F18C;-2.681
F18I;-2.531
F18L;-1.204
F18S;-3.078
F18V;-2.103
F18Y;-0.638
P19A;-0.957
P19L;-2.02
P19Q;-0.789
P19R;-1.095
P19S;-0.935
P19T;-0.484
E20A;0.303
E20D;0.014
E20G;-0.323
E20K;-0.321
E20Q;0.361
E20V;-0.296
G21A;0.169
G21C;-0.66
G21D;-0.363
G21R;-0.465
G21S;-0.534
G21V;-0.555
F22C;-1.976
F22I;-2.94
F22L;-2.355
F22S;-3.035
F22V;-2.519
F22Y;-1.903
L23M;-0.197
L23P;-2.846
L23Q;-0.415
L23R;-0.494
L23V;-0.611
W24C;-1.746
W24G;-2.24
W24L;-0.444
W24R;-3.079
W24S;-0.744
G25A;-0.861
G25C;-1.621
G25D;-2.876
G25R;-1.405
G25S;-2.804
G25V;-1.546
S26A;-0.131
S26L;-0.271
S26P;-2.133
S26T;0.297
S26W;0.139
A27E;-1.885
A27G;0.178
A27P;-2.555
A27S;-0.177
A27T;-0.079
A27V;-0.858
T28A;-2.032
T28K;-2.632
T28M;-1.075
T28P;-0.557
T28R;-1.955
T28S;-2.484
A29E;-1.294
A29G;-0.747
A29P;-2.079
A29S;-0.202
A29T;-2.062
A29V;-2.363
S30C;-0.227
S30G;-0.507
S30I;-2.048
S30N;-2.466
S30R;-1.524
S30T;-0.894
Y31C;-2.49
Y31D;-1.431
Y31F;-0.418
Y31H;-2.145
Y31N;-3.023
Y31S;-0.291
Q32E;-0.029
Q32H;-1.297
Q32K;-0.951
Q32L;-2.688
Q32P;-1.181
Q32R;-2.606
I33F;-2.337
I33L;0.269
I33M;-1.148
I33N;-2.404
I33S;-1.732
I33T;-1.156
I33V;-0.313
E34A;-0.797
E34D;-1.673
E34G;-2.661
E34K;-2.552
E34Q;-1.53
E34V;-2.566
G35A;-1.603
G35C;-1.611
G35D;-2.384
G35R;-2.292
G35S;-2.566
G35V;-1.311
A36E;-1.474
A36G;-0.296
A36P;-1.479
A36S;-0.549
A36T;-2.04
A36V;-1.614
A37E;-0.943
A37G;0.071
A37P;-0.729
A37S;-0.663
A37T;-0.448
A37V;-0.24
A38E;-0.137
A38G;0.34
A38P;-1.087
A38S;-0.043
A38T;-0.175
A38V;-0.289
E39A;0.247
E39D;-0.323
E39G;-0.489
E39K;-0.277
E39Q;-0.539
E39V;-0.237
D40A;0.449
D40E;-0.289
D40G;-0.323
D40H;-0.264
D40N;-0.069
D40V;-1.243
D40Y;-0.155
G41A;-0.621
G41C;-0.377
G41D;-0.405
G41R;-0.391
G41S;-0.436
G41V;-1.3
R42C;-2.174
R42G;-1.132
R42H;-2.336
R42L;-1.749
R42P;-2.538
R42S;-1.018
T43A;-0.058
T43K;-0.252
T43M;-0.163
T43P;-0.891
T43R;-0.322
T43S;-0.198
P44A;0.055
P44L;-0.331
P44Q;-0.455
P44R;-0.44
P44S;-0.413
P44T;-0.226
S45A;-0.361
S45C;0.076
S45F;-2.189
S45P;-2.465
S45T;-0.71
S45Y;-1.273
I46F;-1.192
I46L;-1.298
I46M;-0.983
I46N;-2.096
I46S;-1.309
I46T;-0.837
I46V;-0.484
W47C;-1.506
W47G;-2.483
W47L;-0.84
W47R;-2.582
W47S;-0.837
D48A;-1.706
D48E;-1.569
D48G;-2.659
D48H;-1.601
D48N;-2.122
D48V;-2.622
D48Y;-0.808
T49A;-0.26
T49I;-0.124
T49N;0.142
T49P;-1.503
T49S;-0.335
Y50C;-1.331
Y50D;-1.68
Y50F;0.106
Y50H;-0.489
Y50N;-1.757
Y50S;-0.479
A51E;-2.148
A51G;-1.095
A51P;-1.741
A51S;-0.159
A51T;-0.278
A51V;-0.34
R52C;-0.39
R52G;-0.34
R52H;-0.278
R52L;-0.614
R52P;-2.675
R52S;-0.355
T53A;-0.35
T53K;-0.288
T53M;-0.208
T53P;-0.653
T53R;0.046
T53S;-0.257
P54A;-0.281
P54L;-0.457
P54Q;-0.589
P54R;0.023
P54S;-0.214
P54T;-0.731
G55A;-0.521
G55C;-0.508
G55D;-0.45
G55R;-0.404
G55S;-0.371
G55V;-1.077
R56C;-0.21
R56G;-1.035
R56H;0.022
R56L;-0.068
R56P;-0.614
R56S;-0.45
V57A;-1.807
V57E;-2.552
V57G;-1.812
V57L;-1.712
V57M;-2.337
R58C;-0.183
R58G;-1.781
R58H;-0.32
R58L;-0.042
R58P;-1.886
R58S;-0.713
N59D;-2.326
N59H;-0.082
N59I;-2.415
N59K;-2.198
N59S;-1.953
N59T;-0.406
N59Y;-1.362
G60A;0.039
G60C;-0.641
G60D;-0.552
G60R;-0.18
G60S;-0.376
G60V;-0.559
D61A;-0.806
D61E;-0.61
D61G;-2.822
D61H;-1.091
D61N;-0.525
D61V;-2.852
D61Y;-1.013
T62A;-1.071
T62I;-0.781
T62N;-0.556
T62P;-0.815
T62S;-0.54
G63A;-0.47
G63C;-1.579
G63D;-2.571
G63R;-1.715
G63S;-1.741
G63V;-1.792
D64A;0.148
D64E;-0.202
D64G;-0.471
D64H;-0.606
D64N;-0.487
D64V;-0.704
D64Y;-0.741
V65A;-0.703
V65D;-1.549
V65F;-0.276
V65G;-0.622
V65I;-0.143
V65L;-0.377
A66D;-1.965
A66G;-0.367
A66P;-1.01
A66S;0.071
A66T;-0.176
A66V;-2.451
T67A;-0.877
T67K;-1.83
T67M;-2.366
T67P;-1.137
T67R;-2.325
T67S;-0.793
D68A;0.007
D68E;-0.99
D68G;-0.697
D68H;-0.519
D68N;-0.51
D68V;-2.221
D68Y;-1.422
H69D;-0.656
H69L;-2.772
H69N;-0.917
H69P;-1.484
H69Q;-1.858
H69R;-3.118
H69Y;-0.939
Y70C;-2.249
Y70D;-1.781
Y70F;-0.366
Y70H;-2.648
Y70N;-2.922
Y70S;-0.64
H71D;-1.502
H71L;-1.771
H71N;-0.487
H71P;-0.743
H71Q;-1.074
H71R;-0.714
H71Y;-0.686
R72C;-0.576
R72G;-0.19
R72H;-0.247
R72L;-0.383
R72P;-2.085
R72S;-0.821
W73C;-0.729
W73G;-1.778
W73L;-0.514
W73R;-1.201
W73S;-0.466
R74C;-0.44
R74G;-0.252
R74H;-0.314
R74L;-0.369
R74P;-0.562
R74S;-0.045
E75A;0.002
E75D;-0.119
E75G;-0.672
E75K;-0.555
E75Q;-0.317
E75V;-0.668
D76A;-1.065
D76E;-1.657
D76G;-2.982
D76H;-1.339
D76N;-2.513
D76V;-2.944
D76Y;-1.041
V77A;-0.599
V77E;-2.533
V77G;-1.122
V77L;-0.553
V77M;-0.919
A78E;-0.424
A78G;-0.753
A78P;-1.101
A78S;-0.372
A78T;-0.417
A78V;-0.404
L79M;-0.269
L79P;-2.799
L79Q;-0.593
L79R;-0.742
L79V;0.005
M80I;-0.43
M80K;-2.763
M80L;-0.404
M80R;-2.336
M80T;-0.791
M80V;-0.534
A81E;-0.56
A81G;-0.263
A81P;-0.709
A81S;-0.198
A81T;-0.507
A81V;-0.426
E82A;0.032
E82D;-0.238
E82G;-0.553
E82K;-0.309
E82Q;-0.129
E82V;-0.579
L83M;-0.189
L83P;-2.717
L83Q;-0.88
L83R;-1.779
L83V;-0.86
G84A;0.066
G84C;-0.157
G84D;-0.577
G84R;-0.036
G84S;-0.351
G84V;-0.932
L85M;-0.454
L85P;-1.764
L85Q;-0.676
L85R;-2.291
L85V;0.337
G86A;0.74
G86C;-0.673
G86D;-0.181
G86R;-0.195
G86S;-0.324
G86V;-0.378
A87E;-1.597
A87G;-1.085
A87P;-1.119
A87S;-0.46
A87T;-1.009
A87V;-0.809
Y88C;-2.465
Y88D;-2.1
Y88F;-1.664
Y88H;-2.58
Y88N;-2.909
Y88S;-0.397
R89C;-2.45
R89G;-1.7
R89H;-2.314
R89L;-1.207
R89P;-1.775
R89S;-1.211
F90C;-0.834
F90I;-2.898
F90L;-0.87
F90S;-2.541
F90V;-1.476
F90Y;-0.886
S91C;-2.704
S91G;-1.243
S91I;-1.729
S91N;-2.405
S91R;-2.007
S91T;-1.092
L92M;-0.453
L92P;-2.402
L92Q;-3.049
L92R;-2.427
L92V;-0.758
A93D;-1.783
A93G;-0.113
A93P;-0.468
A93S;-0.039
A93T;-1.773
A93V;-2.397
W94C;-1.315
W94G;-2.278
W94L;-1.064
W94R;-2.864
W94S;0.232
P95A;-0.625
P95L;-2.276
P95Q;-1.436
P95R;-1.372
P95S;-0.525
P95T;-0.523
R96C;-2.646
R96G;-2.138
R96H;-2.605
R96L;-1.841
R96P;-1.801
R96S;-1.902
I97F;-0.809
I97L;0.122
I97M;-0.354
I97N;-1.885
I97S;-1.377
I97T;-1.335
I97V;-0.306
Q98E;-0.346
Q98H;-0.204
Q98K;-0.644
Q98L;-0.546
Q98P;-0.844
Q98R;-0.604
P99A;-0.824
P99L;-0.841
P99Q;-0.654
P99R;-0.63
P99S;-0.258
P99T;-0.946
T100A;-0.525
T100I;-0.536
T100N;0.132
T100P;-0.073
T100S;-0.182
G101A;-0.512
G101C;-0.448
G101D;-0.947
G101R;-0.78
G101S;-0.592
G101V;-0.237
R102C;-0.085
R102G;-0.363
R102H;-0.318
R102L;-0.314
R102P;-0.703
R102S;-0.514
G103A;-0.112
G103C;-0.146
G103D;-0.751
G103R;-0.414
G103S;-0.593
G103V;-0.101
P104A;-0.597
P104L;-0.408
P104Q;-0.434
P104R;-0.581
P104S;-0.442
P104T;-0.447
A105E;-0.513
A105G;-0.576
A105P;-1.178
A105S;0.076
A105T;-0.45
A105V;-0.223
L106M;-0.44
L106P;-0.56
L106Q;-0.473
L106R;-0.5
L106V;-0.222
Q107E;0.484
Q107H;-0.202
Q107K;-0.551
Q107L;-0.602
Q107P;-0.065
Q107R;-0.493
K108E;-0.491
K108I;-0.31
K108N;-0.41
K108Q;0.105
K108R;-0.431
K108T;0.076
G109A;0.248
G109C;-0.76
G109D;-2.145
G109R;-0.989
G109S;-0.686
G109V;-1.017
L110M;-0.715
L110P;-2.658
L110Q;-1.978
L110R;-1.426
L110V;0.044
D111A;-0.356
D111E;-0.523
D111G;-0.974
D111H;-1.201
D111N;-0.437
D111V;-1.135
D111Y;-1.26
F112C;-1.213
F112I;-1.329
F112L;-1.004
F112S;-2.363
F112V;-0.807
F112Y;-0.661
Y113C;-2.837
Y113D;-1.901
Y113F;-1.972
Y113H;-2.947
Y113N;-2.883
Y113S;-0.552
R114C;-0.301
R114G;-1.101
R114H;-0.576
R114L;-0.306
R114P;-1.301
R114S;-0.194
R115C;-0.445
R115G;-0.631
R115H;-0.316
R115L;-0.476
R115P;-1.114
R115S;-0.436
L116M;-0.412
L116P;-3.023
L116Q;-2.485
L116R;-2.472
L116V;-0.263
A117E;-2.008
A117G;-0.056
A117P;-1.232
A117S;-0.394
A117T;0.037
A117V;-0.195
D118A;-0.798
D118E;-0.544
D118G;-1.425
D118H;-1.416
D118N;-1.069
D118V;-2.566
D118Y;-1.409
E119A;-0.123
E119D;-0.171
E119G;-0.506
E119K;-0.576
E119Q;-0.18
E119V;-0.419
L120M;-0.135
L120P;-2.736
L120Q;-1.164
L120R;-2.385
L120V;-0.466
L121M;-0.271
L121P;-2.48
L121Q;-0.447
L121R;-0.372
L121V;-0.666
A122D;-0.3
A122G;0.048
A122P;-0.362
A122S;-0.196
A122T;-0.172
A122V;-0.249
K123E;-0.421
K123I;-0.49
K123N;-0.147
K123Q;-0.292
K123R;-0.286
K123T;-0.074
G124A;-0.335
G124C;-0.567
G124D;-0.263
G124R;0.014
G124S;-0.269
G124V;-0.59
I125F;-2.227
I125L;-0.022
I125M;-0.811
I125N;-2.583
I125S;-2.042
I125T;-1.111
I125V;-0.46
Q126E;0.138
Q126H;0.047
Q126K;-0.394
Q126L;-0.301
Q126P;-0.703
Q126R;-0.313
P127A;-1.085
P127L;-0.979
P127Q;-1.468
P127R;-1.461
P127S;-0.809
P127T;-0.896
V128A;-0.566
V128D;-1.637
V128F;-0.212
V128G;-1.233
V128I;-0.16
V128L;-0.64
A129D;-1.63
A129G;-0.537
A129P;-0.817
A129S;-0.623
A129T;-0.568
A129V;-0.182
T130A;-2.598
T130I;-1.889
T130N;-0.882
T130P;-1.164
T130S;-2.289
L131M;-0.413
L131P;-2.976
L131Q;-2.615
L131R;-2.044
L131V;-0.586
Y132C;-1.146
Y132D;-1.752
Y132F;-0.464
Y132H;-2.256
Y132N;-2.59
Y132S;-0.654
H133L;-3.179
H133N;-0.941
H133P;-1.089
H133Q;-0.778
H133R;-2.642
H133Y;-2.301
W134C;-2.148
W134G;-2.199
W134L;-0.807
W134R;-2.702
W134S;-0.318
D135A;-0.817
D135E;-2.106
D135G;-2.632
D135H;-1.214
D135N;-2.453
D135V;-2.65
D135Y;-1.395
L136M;-0.549
L136P;-2.566
L136Q;-1.693
L136R;-1.906
L136V;-0.842
P137A;-1.585
P137L;-2.038
P137Q;-1.277
P137R;-1.268
P137S;-1.679
P137T;-1.475
Q138E;-0.523
Q138H;-0.506
Q138K;-0.974
Q138L;-0.339
Q138P;-0.722
Q138R;-0.708
E139A;0.192
E139D;-0.18
E139G;-0.303
E139K;-0.631
E139Q;0.115
E139V;-0.569
L140M;-0.166
L140P;-1.923
L140Q;-0.613
L140R;-0.611
L140V;-0.101
E141A;-0.757
E141D;-0.685
E141G;-1.452
E141K;-2.527
E141Q;-0.015
E141V;-2.624
N142D;-0.254
N142H;-0.334
N142I;-0.216
N142K;-0.428
N142S;-0.255
N142T;-0.219
N142Y;-0.213
A143E;-0.276
A143G;-0.195
A143P;-0.278
A143S;-0.441
A143T;-0.257
A143V;-0.324
G144A;-0.36
G144C;-0.812
G144D;-1.347
G144R;-0.5
G144S;-1.097
G144V;-1.725
G145A;-1.394
G145C;-1.531
G145D;-2.276
G145R;-1.128
G145S;-2.162
G145V;-1.476
W146C;-1.812
W146G;-1.676
W146L;-1.206
W146R;-3.018
W146S;0.183
P147A;-0.057
P147L;-0.511
P147Q;-0.717
P147R;-0.49
P147S;-0.46
P147T;-0.576
E148A;-0.112
E148D;-0.468
E148G;-0.558
E148K;-0.367
E148Q;-0.378
E148V;-0.319
R149C;-1.91
R149G;-1.505
R149H;-1.085
R149L;-0.504
R149P;-1.373
R149S;-1.308
A150D;0.55
A150G;-0.061
A150P;-0.575
A150S;-0.597
A150T;-0.157
A150V;-0.243
T151A;-0.724
T151K;-2.051
T151M;-0.544
T151P;-0.542
T151S;-0.593
A152E;-1.797
A152G;0.122
A152P;-0.606
A152S;-0.322
A152T;-0.404
A152V;-0.61
E153A;-0.267
E153D;-0.399
E153G;-0.31
E153K;-0.631
E153Q;0.042
E153V;-0.455
R154C;-0.266
R154G;0.287
R154H;-0.211
R154L;-0.529
R154P;-1.116
R154S;-0.105
F155C;-0.824
F155I;-0.793
F155L;-0.493
F155S;-2.702
F155V;-0.433
F155Y;-0.674
A156E;-0.492
A156G;-0.451
A156P;-0.578
A156S;-0.502
A156T;-0.675
A156V;-0.612
E157A;0.075
E157D;-0.259
E157G;-0.485
E157K;-0.816
E157Q;-0.65
E157V;-0.801
Y158C;-1.274
Y158D;-1.251
Y158F;-0.305
Y158H;-1.579
Y158N;-2.833
Y158S;-0.606
A159D;-1.869
A159G;-0.7
A159P;-1.937
A159S;-1.006
A159T;-0.749
A159V;-0.562
A160E;-0.439
A160G;-0.166
A160P;-1.167
A160S;-0.259
A160T;-0.382
A160V;-0.066
I161F;-0.293
I161L;-0.295
I161M;-0.176
I161N;-0.861
I161S;-0.323
I161T;-0.51
I161V;-0.278
A162D;-1.249
A162G;-0.879
A162P;-0.556
A162S;-0.333
A162T;-0.407
A162V;-0.533
A163E;-1.488
A163G;-0.248
A163P;-1.592
A163S;-0.355
A163T;-0.479
A163V;-0.381
D164A;-0.112
D164E;0.087
D164G;-0.131
D164H;-0.216
D164N;-0.063
D164V;-0.507
D164Y;-0.566
A165D;-0.684
A165G;-0.598
A165P;-0.334
A165S;-0.47
A165T;-0.773
A165V;-0.562
L166M;-0.467
L166P;-2.705
L166Q;-2.991
L166R;-1.912
L166V;-0.749
G167A;0.304
G167C;-0.249
G167D;-0.327
G167R;-0.326
G167S;-0.136
G167V;-0.391
D168A;-0.612
D168E;-0.549
D168G;-0.614
D168H;-0.768
D168N;-0.486
D168V;-1.562
D168Y;-0.617
R169C;-0.267
R169G;-0.597
R169H;-0.257
R169L;-0.488
R169P;-1.001
R169S;-0.196
V170A;-1.702
V170D;-2.935
V170F;-0.796
V170G;-1.64
V170I;-0.342
V170L;-0.931
K171E;-0.624
K171I;-0.751
K171N;-0.379
K171Q;-0.348
K171R;-0.355
K171T;-0.33
T172A;-0.433
T172I;-0.094
T172N;-0.266
T172P;-1.153
T172S;-0.422
W173C;-0.589
W173G;-1.713
W173L;-0.997
W173R;-3.012
W173S;-0.536
T174A;-0.351
T174I;-0.042
T174N;-0.543
T174P;-1.56
T174S;-0.189
T175A;-2.684
T175K;-2.146
T175M;-2.672
T175P;-1.648
T175S;-0.562
L176M;-0.247
L176P;-2.753
L176Q;-0.92
L176R;-2.303
L176V;-0.116
N177D;-2.759
N177H;-1.247
N177I;-2.918
N177K;-1.656
N177S;-2.748
N177T;-0.949
N177Y;-3.047
E178A;-0.834
E178D;-2.292
E178G;-3.068
E178K;-2.538
E178Q;-1.884
E178V;-3.1
P179A;-1.836
P179L;-2.762
P179Q;-1.512
P179R;-2.351
P179S;-2.592
P179T;-1.298
W180C;-1.185
W180G;-1.194
W180L;-0.76
W180R;-2.545
W180S;-1.536
C181F;-1.003
C181G;-1.348
C181R;-2.702
C181S;-2.629
C181W;-1.959
C181Y;-1.575
S182C;-0.348
S182G;-1.599
S182I;-0.118
S182N;-2.531
S182R;-2.452
S182T;0.268
A183E;-1.891
A183G;-0.907
A183P;-0.506
A183S;-0.7
A183T;-1.645
A183V;-2.211
F184C;-0.917
F184I;-2.244
F184L;-1.42
F184S;-1.639
F184V;-1.525
F184Y;-0.864
L185M;-0.068
L185P;-1.806
L185Q;-0.858
L185R;-1.837
L185V;-0.645
G186A;-0.603
G186C;-2.147
G186D;-2.775
G186R;-1.321
G186S;-1.274
G186V;-1.782
Y187C;-2.604
Y187D;-1.379
Y187F;-2.046
Y187H;-0.991
Y187N;-3.143
Y187S;-0.962
G188A;-0.484
G188C;-0.296
G188D;-0.929
G188R;-1.617
G188S;-0.654
G188V;-0.966
S189A;-0.374
S189C;-1.856
S189F;-1.58
S189P;-2.843
S189T;-0.847
S189Y;-1.327
G190A;-0.874
G190C;-1.33
G190D;-1.698
G190R;-1.969
G190S;-2.006
G190V;-1.71
V191A;-0.449
V191D;-0.255
V191F;-0.486
V191G;-0.449
V191I;-0.457
V191L;0.644
H192D;-1.037
H192L;-1.097
H192N;-0.652
H192P;-1.829
H192Q;-0.603
H192R;-2.754
H192Y;-2.778
A193E;-1.403
A193G;-0.656
A193P;-0.741
A193S;-1.023
A193T;-2.433
A193V;-2.559
P194A;-1.627
P194L;-2.606
P194Q;-1.409
P194R;-2.941
P194S;-2.854
P194T;-0.674
G195A;-0.675
G195C;-1.525
G195D;-1.704
G195R;-2.225
G195S;-2.166
G195V;-1.528
R196C;-0.543
R196G;-0.511
R196H;-0.544
R196L;-0.562
R196P;-1.772
R196S;-0.684
T197A;-0.274
T197I;-0.618
T197N;-0.361
T197P;-0.004
T197S;-0.542
D198A;-0.337
D198E;-0.339
D198G;-0.706
D198H;-1.101
D198N;-0.261
D198V;-0.815
D198Y;-0.689
P199A;0.365
P199L;-0.753
P199Q;-0.423
P199R;-0.781
P199S;-0.472
P199T;-0.537
V200A;-0.483
V200D;-0.362
V200F;-0.468
V200G;-0.225
V200I;-0.451
V200L;0.218
A201D;-0.078
A201G;-0.123
A201P;0.004
A201S;-0.669
A201T;-0.609
A201V;-0.587
A202E;-1.047
A202G;-0.998
A202P;-0.051
A202S;-0.405
A202T;-0.55
A202V;-0.966
L203M;-0.63
L203P;-2.875
L203Q;-3.372
L203R;-1.758
L203V;-0.286
R204C;-0.348
R204G;-0.42
R204H;-0.47
R204L;-0.438
R204P;-0.739
R204S;-0.443
A205D;-2.003
A205G;-0.958
A205P;-1.146
A205S;-0.538
A205T;-0.856
A205V;-1.115
A206E;-0.942
A206G;0.191
A206P;-1.742
A206S;-0.486
A206T;-0.996
A206V;-0.443
H207D;-0.053
H207L;-2.887
H207N;-1.718
H207P;-1.031
H207Q;-2.536
H207R;-2.955
H207Y;-2.47
H208D;-1.369
H208L;-1.753
H208N;-0.391
H208P;-0.691
H208Q;-1.058
H208R;-2.915
H208Y;-0.514
L209M;-0.532
L209P;-2.837
L209Q;-1.505
L209R;-1.938
L209V;-1.943
N210D;-1.49
N210H;-1.008
N210I;-0.63
N210K;-2.201
N210S;-0.362
N210T;-0.378
N210Y;-3.086
L211M;-0.041
L211P;-2.986
L211Q;-2.251
L211R;-0.47
L211V;-0.313
G212A;-0.148
G212C;-0.509
G212D;-2.227
G212R;-2.068
G212S;-0.374
G212V;-1.293
H213D;-0.452
H213L;-3.118
H213N;-0.659
H213P;-1.441
H213Q;-2.584
H213R;-3.11
H213Y;-2.584
G214A;-0.947
G214C;-0.938
G214D;-2.583
G214R;-0.636
G214S;-2.158
G214V;-1.421
L215M;-0.256
L215P;-2.982
L215Q;-0.662
L215R;-0.197
L215V;-0.287
A216E;-1.014
A216G;-0.648
A216P;-1.095
A216S;-0.69
A216T;-0.662
A216V;-0.656
V217A;-0.426
V217D;-2.119
V217F;-0.8
V217G;-0.427
V217I;-0.289
V217L;-0.445
Q218E;0.295
Q218H;-0.266
Q218K;-0.441
Q218L;-0.267
Q218P;-0.717
Q218R;-0.272
A219D;-0.743
A219G;-0.023
A219P;-1.685
A219S;-0.053
A219T;-0.014
A219V;-0.128
L220M;0.066
L220P;-2.857
L220Q;-1.374
L220R;-1.456
L220V;0.322
R221C;-0.964
R221G;-0.913
R221H;-0.486
R221L;-1.24
R221P;-2.083
R221S;-0.968
D222A;-0.203
D222E;-0.177
D222G;-0.492
D222H;-0.48
D222N;-0.386
D222V;-0.835
D222Y;-0.495
R223C;-0.259
R223G;-0.601
R223H;-0.177
R223L;-0.019
R223P;-0.827
R223S;-0.403
L224M;-0.478
L224P;-1.916
L224Q;-1.069
L224R;-0.68
L224V;-0.449
P225A;-0.612
P225L;-0.813
P225Q;-0.579
P225R;-0.484
P225S;-0.367
P225T;-0.252
A226E;-0.04
A226G;-0.381
A226P;0.19
A226S;-0.325
A226T;-0.333
A226V;-0.359
D227A;-0.438
D227E;-0.555
D227G;-0.392
D227H;-0.162
D227N;-0.376
D227V;-0.588
D227Y;-0.527
A228E;-0.831
A228G;-0.328
A228P;-0.675
A228S;-0.264
A228T;-0.313
A228V;-0.421
Q229E;-0.336
Q229H;-0.412
Q229K;-0.276
Q229L;-0.293
Q229P;-0.677
Q229R;-0.313
C230F;-0.258
C230G;-0.71
C230R;-1.254
C230S;-0.755
C230W;-0.952
C230Y;-0.611
S231C;-2.062
S231G;-0.294
S231I;-1.718
S231N;-1.173
S231R;-1.501
S231T;-0.936
V232A;-1.029
V232D;-3.14
V232F;-1.83
V232G;-1.961
V232I;-0.5
V232L;-0.853
T233A;-1.584
T233I;-0.684
T233N;-1.499
T233P;-1.226
T233S;-2.017
L234M;-0.922
L234P;-2.583
L234Q;-3.076
L234R;-2.108
L234V;-1.793
N235D;-1.278
N235H;-0.769
N235I;-1.362
N235K;-1.324
N235P;0.239
N235S;-2.77
N235T;-0.725
N235Y;-1.759
I236F;-1.011
I236L;0.094
I236M;-0.169
I236N;-2.763
I236S;-1.024
I236T;-3.052
I236V;-0.716
H237D;-0.248
H237L;-0.522
H237N;-0.331
H237P;-0.642
H237Q;-0.197
H237R;-2.826
H237Y;-2.812
H238D;-0.712
H238L;-0.403
H238N;-0.297
H238P;-0.608
H238Q;0.024
H238R;-0.588
H238Y;-0.338
V239A;-0.491
V239E;-2.944
V239G;-0.944
V239L;-0.302
V239M;-0.834
R240C;-0.863
R240G;-1.16
R240H;-0.806
R240L;-0.934
R240P;-2.175
R240S;-0.356
P241A;-0.925
P241L;-1.785
P241Q;-0.377
P241R;-0.803
P241S;-0.61
P241T;-0.59
L242M;-0.426
L242P;-2.175
L242Q;-0.528
L242R;-0.465
L242V;-1.123
T243A;-0.557
T243K;-0.739
T243M;-0.954
T243P;-1.138
T243R;-0.547
T243S;-0.172
D244A;0.012
D244E;-0.116
D244G;-0.359
D244H;-0.775
D244N;-0.132
D244V;-0.402
D244Y;-0.7
S245A;-0.476
S245C;0.532
S245F;-0.895
S245P;-1.397
S245T;-0.391
S245Y;-0.554
D246A;0.048
D246E;-0.125
D246G;-0.346
D246H;0.659
D246N;-0.16
D246V;-0.174
D246Y;-0.26
A247D;-0.364
A247G;0.452
A247P;-0.005
A247S;-0.45
A247T;-0.204
A247V;-0.106
D248A;-0.281
D248E;-1.505
D248G;-1.194
D248H;-0.169
D248N;-0.781
D248V;-1.691
D248Y;-1.016
A249E;-0.542
A249G;-0.312
A249P;-0.888
A249S;-0.369
A249T;-0.637
A249V;-0.315
D250A;-0.623
D250E;-0.399
D250G;-0.534
D250H;-0.245
D250N;-0.327
D250V;-0.846
D250Y;-0.902
A251D;-1.285
A251G;-0.933
A251P;-1.366
A251S;-0.4
A251T;-0.514
A251V;-0.796
V252A;-0.201
V252E;-0.784
V252G;-0.356
V252L;-0.593
V252M;-0.756
R253C;-1.52
R253G;-1.157
R253H;-1.715
R253L;-1.479
R253P;-2.834
R253S;-0.866
R254C;-0.491
R254G;-0.911
R254H;-0.568
R254L;-0.938
R254P;-1.534
R254S;-0.545
I255F;-0.41
I255L;-0.58
I255M;-0.365
I255N;-2.541
I255S;-0.708
I255T;-1.021
I255V;-0.463
D256A;-0.471
D256E;-0.57
D256G;-1.311
D256H;-0.899
D256N;-1.212
D256V;-2.422
D256Y;-1.207
A257E;-1.117
A257G;-0.578
A257P;-2.264
A257S;-0.703
A257T;-0.578
A257V;-0.802
L258M;-0.264
L258P;-2.886
L258Q;-0.872
L258R;-1.052
L258V;-0.454
A259D;-0.912
A259G;-0.532
A259P;-1.968
A259S;-0.546
A259T;-0.657
A259V;-1.171
N260D;-1.621
N260H;-0.337
N260I;-1.989
N260K;-1.361
N260S;-1.258
N260T;-0.268
N260Y;-3.036
R261C;-1.232
R261G;0.617
R261H;-1.374
R261L;-1.367
R261P;-1.281
R261S;-0.803
V262A;-0.503
V262D;-2.275
V262F;0.171
V262G;-0.986
V262I;0.033
V262L;-0.698
F263C;-1.417
F263I;-3.447
F263L;-2.859
F263S;-3.242
F263V;-0.969
F263Y;-1.197
T264A;-0.662
T264I;-0.411
T264N;-1.578
T264P;-0.811
T264S;-0.735
G265A;-1.064
G265C;-0.957
G265D;-0.782
G265R;-0.994
G265S;-0.779
G265V;-0.708
P266A;-0.35
P266L;-2.722
P266Q;-1.262
P266R;-1.871
P266S;-2.038
P266T;-1.094
M267I;-0.439
M267K;-2.867
M267L;-0.439
M267R;-1.771
M267T;-1.12
M267V;-1.015
L268M;-0.258
L268P;-3.063
L268Q;-1.735
L268R;-2.156
L268V;0.348
Q269E;0.013
Q269H;-0.336
Q269K;-0.19
Q269L;-0.356
Q269P;-1.325
Q269R;-0.254
G270A;-0.089
G270C;-0.603
G270D;-2.504
G270R;-0.171
G270S;-0.566
G270V;-1.143
A271E;-0.15
A271G;0.118
A271P;-2.241
A271S;-0.511
A271T;-0.344
A271V;-0.188
Y272C;-1.834
Y272D;-1.433
Y272F;-0.912
Y272H;-3.033
Y272N;-2.712
Y272S;-0.784
P273A;-0.221
P273L;-2.55
P273Q;-0.709
P273R;-2.917
P273S;-0.55
P273T;-0.918
E274A;-0.322
E274D;-0.251
E274G;-0.444
E274K;-0.554
E274Q;-0.077
E274V;-0.495
D275A;-0.429
D275E;-1.56
D275G;-1.652
D275N;-1.413
D275V;-2.428
D275Y;-1.851
L276M;-0.419
L276P;-2.902
L276Q;-2.846
L276R;-2.39
L276V;0.273
V277A;-0.562
V277D;-1.971
V277F;-0.424
V277G;-0.895
V277I;-0.004
V277L;0.07
K278D;1.255
K278E;-0.255
K278I;-0.489
K278N;-0.282
K278Q;-0.528
K278R;-0.144
K278T;-0.065
D279A;-1.03
D279E;-0.482
D279G;-1.399
D279H;-0.393
D279N;-0.586
D279V;-1.316
D279Y;-0.662
T280A;-1.162
T280I;-0.818
T280N;-0.993
T280P;-1.907
T280S;-0.869
A281D;-0.082
A281G;0.13
A281P;-2.27
A281S;-0.359
A281T;-0.355
A281V;-0.21
G282A;-0.039
G282C;-0.216
G282D;-0.274
G282R;0.119
G282S;-0.081
G282V;0.144
L283M;-0.634
L283P;-2.908
L283Q;-0.537
L283R;-0.899
L283V;-0.426
T284A;-1.013
T284K;-2.233
T284M;-1.157
T284P;-1.607
T284R;-2.051
T284S;-0.429
D285A;-0.264
D285E;-0.559
D285G;-0.826
D285H;-0.28
D285N;-0.335
D285V;-1.425
D285Y;-1.506
W286C;-1.76
W286G;-1.621
W286L;-1.253
W286R;-3.159
W286S;-2.126
S287A;-0.074
S287C;0.224
S287F;-0.226
S287P;-0.725
S287T;-0.435
S287Y;-0.197
F288C;-0.294
F288I;-3.057
F288L;-3.238
F288S;-3.417
F288V;-0.574
F288Y;-0.417
V289A;-0.603
V289E;-1.994
V289G;-1.543
V289L;-0.793
V289M;-0.792
R290C;-0.425
R290G;-0.184
R290H;-0.341
R290L;-0.185
R290P;-2.277
R290S;-0.48
D291A;-0.089
D291E;-0.327
D291G;-0.35
D291H;0.318
D291N;-0.404
D291V;-0.623
D291Y;-0.626
G292A;-0.06
G292C;-0.341
G292D;-0.22
G292R;-0.283
G292S;-0.38
G292V;-0.187
D293A;-2.162
D293E;-1.736
D293G;-3.43
D293H;-1.025
D293N;-2.953
D293V;-3.223
D293Y;-0.978
L294M;-0.285
L294P;-0.449
L294Q;-0.705
L294R;-0.533
L294V;0.238
R295C;-0.318
R295G;-0.174
R295H;-0.479
R295L;-0.367
R295P;-0.153
R295S;-0.414
L296M;-0.194
L296P;-2.094
L296Q;-0.351
L296R;-0.333
L296V;0.769
A297E;-0.99
A297G;0.181
A297P;-0.851
A297S;-0.335
A297T;-0.065
A297V;-0.126
H298D;-0.615
H298L;-0.64
H298N;-0.617
H298P;-0.913
H298Q;-0.343
H298R;-0.621
H298Y;-0.369
Q299E;-0.349
Q299H;-0.479
Q299K;-0.523
Q299L;-1.2
Q299P;-0.612
Q299R;-0.55
K300E;-0.309
K300I;-0.55
K300N;-0.367
K300Q;-0.122
K300R;-0.37
K300T;-0.289
L301M;-0.648
L301P;-1.6
L301Q;-2.632
L301R;-1.616
L301V;-0.711
D302A;-0.326
D302E;-0.555
D302G;-1.362
D302H;-1.409
D302N;-0.565
D302V;-3.313
D302Y;-1.509
F303C;-0.175
F303I;-0.923
F303L;-0.824
F303S;-1.083
F303V;-0.396
F303Y;-0.693
L304M;-0.401
L304P;-3.278
L304Q;-3.267
L304R;-1.406
L304V;-0.193
G305A;-1.273
G305C;-1.247
G305D;-2.95
G305R;-2.029
G305S;-1.48
G305V;-1.468
V306A;-1.455
V306D;-3.153
V306F;-0.803
V306G;-1.406
V306I;-0.287
V306L;-0.322
N307D;-2.994
N307H;-2.17
N307I;-2.649
N307K;-1.358
N307S;-2.985
N307T;-1.391
N307Y;-3.159
Y308C;-3.017
Y308D;-0.837
Y308F;-0.508
Y308H;-2.753
Y308N;-2.992
Y308S;-0.963
Y309C;-2.685
Y309D;-1.651
Y309F;-2.319
Y309H;-2.772
Y309N;-3.143
Y309S;-1.224
S310A;-0.297
S310L;-2.645
S310P;-3.197
S310T;-0.655
P311A;-1.09
P311L;-2.72
P311Q;-1.137
P311R;-1.306
P311S;-1.532
P311T;-0.649
T312A;-1.21
T312I;-2.007
T312N;-0.437
T312P;-1.843
T312S;-0.442
L313M;-0.312
L313P;-1.98
L313Q;-0.701
L313R;-0.56
L313V;0.026
V314A;-1.081
V314E;-3.141
V314G;-1.344
V314L;-1.3
V314M;-2.464
S315A;-0.282
S315L;-1.487
S315P;-2.997
S315T;-0.605
S315W;-0.299
E316A;0.256
E316D;-0.179
E316G;-0.25
E316K;0.086
E316Q;-0.18
E316V;-0.38
A317E;-0.681
A317G;-0.347
A317P;-0.968
A317S;-0.209
A317T;-0.214
A317V;-0.418
D318A;-0.08
D318E;-0.487
D318G;-0.382
D318H;0.184
D318N;-0.187
D318V;-0.529
D318Y;-0.484
G319A;-0.508
G319C;-0.444
G319D;-0.319
G319R;-0.387
G319S;-0.252
G319V;-0.239
S320C;-0.403
S320G;-0.447
S320I;-0.451
S320N;-0.237
S320R;-0.229
S320T;-0.676
G321A;0.59
G321C;-0.283
G321D;-0.287
G321R;-0.072
G321S;-0.284
G321V;-0.529
T322A;-0.287
T322K;-0.445
T322M;-0.462
T322P;-0.228
T322R;-0.551
T322S;-0.254
H323D;-0.201
H323L;-0.634
H323N;-0.385
H323P;-0.025
H323Q;-0.287
H323R;-0.478
H323Y;-0.362
N324D;-0.196
N324H;-0.279
N324I;-0.422
N324K;-0.33
N324S;-0.396
N324T;-0.034
N324Y;-0.443
S325A;-0.454
S325C;-0.013
S325F;-0.352
S325P;-0.37
S325T;-0.49
S325Y;-0.339
D326A;-0.492
D326E;-0.111
D326G;-0.49
D326H;-0.106
D326N;-0.336
D326V;-0.622
D326Y;-0.546
G327A;2.12
G327C;-0.203
G327D;-0.317
G327R;-0.213
G327S;-0.437
G327V;-0.239
H328D;0.106
H328L;-0.701
H328N;-0.522
H328P;-0.62
H328Q;-0.629
H328R;-0.326
H328Y;-0.301
G329A;-0.666
G329C;-0.558
G329D;-0.093
G329R;0.573
G329S;-0.475
G329V;-0.484
R330C;-0.209
R330G;-0.334
R330H;-0.353
R330L;-0.394
R330P;0.404
R330S;-0.449
S331C;-0.451
S331G;-0.479
S331I;-0.576
S331N;-0.786
S331R;-0.665
S331T;-0.883
A332E;-0.165
A332G;-0.262
A332P;-0.463
A332S;-0.805
A332T;-0.396
A332V;-0.381
H333D;-0.045
H333L;-0.294
H333N;-0.408
H333P;-0.555
H333Q;-0.125
H333R;-0.364
H333Y;-0.235
S334A;-0.515
S334C;-0.215
S334F;-1.167
S334P;-0.701
S334T;-0.495
S334Y;-0.967
P335A;0.879
P335L;-1.199
P335Q;-0.081
P335R;1.227
P335S;-0.501
P335T;-0.283
W336C;-1.393
W336G;-1.144
W336L;-0.746
W336R;-2.553
W336S;-0.8
P337A;-0.359
P337L;-0.584
P337Q;-0.969
P337R;-1.492
P337S;-0.689
P337T;-0.516
G338A;-0.113
G338C;-0.32
G338D;-0.739
G338R;-0.775
G338S;-0.466
G338V;-0.206
A339E;-0.954
A339G;-0.716
A339P;-1.232
A339S;-0.562
A339T;-0.652
A339V;-0.521
D340A;-0.102
D340E;-0.184
D340G;-0.32
D340H;-0.979
D340N;-0.152
D340V;-0.686
D340Y;-0.543
R341C;-0.483
R341G;0.043
R341H;-0.195
R341L;-0.248
R341P;-0.609
R341S;-0.226
V342A;-1.092
V342D;-2.791
V342F;-0.89
V342G;-1.116
V342I;-0.072
V342L;-0.02
A343E;-0.389
A343G;-0.256
A343P;-1.221
A343S;-0.299
A343T;-0.216
A343V;-0.218
F344C;-0.768
F344G;-0.098
F344I;-0.677
F344L;-0.6
F344S;-1.128
F344V;-0.416
F344Y;-0.754
H345D;-0.451
H345L;-0.402
H345N;-0.602
H345P;-0.535
H345Q;-0.63
H345R;-0.529
H345Y;-0.412
Q346E;0.21
Q346H;-0.484
Q346K;0.012
Q346L;-0.531
Q346P;-0.483
Q346R;-0.328
P347A;-0.42
P347L;-0.692
P347Q;-0.6
P347R;-0.201
P347S;-0.301
P347T;-0.386
P348A;-0.393
P348L;-0.38
P348Q;-0.352
P348R;0.091
P348S;-0.519
P348T;-0.395
G349A;-0.068
G349C;-0.655
G349D;-0.653
G349R;0.116
G349S;-0.856
G349V;-0.598
E350A;-0.192
E350D;-0.267
E350G;-0.436
E350K;-0.226
E350Q;-0.438
E350V;-0.359
T351A;-0.442
T351I;-0.235
T351N;-1.131
T351P;-0.365
T351S;-0.422
T352A;-1.782
T352K;-1.896
T352M;-1.776
T352P;-1.959
T352R;-1.796
T352S;-0.396
A353E;-0.228
A353G;-0.396
A353P;-1.019
A353S;-0.539
A353T;-0.888
A353V;-0.888
M354I;-0.626
M354K;-3.003
M354L;-0.409
M354R;-1.619
M354T;-0.499
M354V;-1.27
G355A;-0.671
G355C;-0.47
G355D;-0.374
G355R;-0.704
G355S;-0.718
G355V;-0.968
W356C;-1.1
W356G;-0.891
W356L;-0.33
W356R;-1.736
W356S;-1.844
A357D;-1.008
A357G;-0.751
A357P;-1.3
A357S;-0.618
A357T;-0.096
A357V;-0.323
V358A;-0.54
V358D;-0.905
V358F;-0.542
V358G;-0.506
V358I;-0.132
V358L;-0.646
D359A;-0.386
D359E;-0.722
D359G;-1.437
D359H;-1.843
D359N;-0.591
D359V;-1.116
D359Y;-0.91
P360A;0.04
P360L;-1.882
P360Q;-0.531
P360R;-1.225
P360S;-0.526
P360T;-0.223
S361C;-0.408
S361G;-0.278
S361I;-0.597
S361N;-0.318
S361R;-0.278
S361T;-0.118
G362A;-0.451
G362C;-0.398
G362D;-1.948
G362R;-0.503
G362S;-0.409
G362V;-1.16
L363M;-0.441
L363P;-3.272
L363Q;-2.299
L363R;-1.933
L363V;-0.726
Y364C;-0.969
Y364D;-0.796
Y364F;-0.818
Y364H;-0.813
Y364N;-1.186
Y364S;-0.167
E365A;-0.465
E365D;-0.648
E365G;-0.678
E365K;-0.47
E365Q;0.822
E365V;-0.775
L366M;-0.495
L366P;-3.256
L366Q;-1.554
L366R;-1.958
L366V;-0.645
L367M;-0.88
L367P;-3.261
L367Q;-3.149
L367R;-2.261
L367V;-0.197
R368C;-0.483
R368G;-0.824
R368H;-0.457
R368L;-0.544
R368P;-2.131
R368S;-0.514
R369C;-0.484
R369G;-0.688
R369H;-0.487
R369L;-1.015
R369P;-1.832
R369S;-0.444
L370M;-0.591
L370P;-2.927
L370Q;-1.435
L370R;-2.196
L370V;-0.267
S371C;-0.727
S371G;-0.661
S371I;-1.923
S371N;-0.455
S371R;-0.819
S371T;-0.313
S372A;0.014
S372C;0.263
S372F;-0.337
S372P;-2.604
S372T;-0.365
S372Y;-0.716
D373A;-0.283
D373E;-0.035
D373G;-0.701
D373H;-0.436
D373N;-0.296
D373V;-0.705
D373Y;-0.767
F374C;-0.579
F374I;-1.088
F374L;-0.929
F374S;-1.293
F374V;-0.465
F374Y;-0.256
P375A;-0.296
P375L;-1.205
P375Q;-0.648
P375R;-0.093
P375S;-0.924
P375T;-0.602
A376E;-0.169
A376G;0.208
A376P;-1.38
A376S;-0.268
A376T;0.051
A376V;-0.475
L377M;-0.546
L377P;-2.193
L377Q;-0.628
L377R;-1.312
L377V;0.202
P378A;-0.547
P378L;-2.181
P378Q;-0.746
P378R;-0.566
P378S;-0.729
P378T;-0.62
L379M;-0.407
L379P;-1.34
L379Q;-1.089
L379R;-1.713
L379V;-0.087
V380A;-0.785
V380E;-1.694
V380G;-1.292
V380L;-0.328
V380M;-0.146
I381F;-3.11
I381L;-0.557
I381M;-0.177
I381N;-2.568
I381S;-0.899
I381T;-2.617
I381V;-0.707
T382A;-2.319
T382I;-2.712
T382N;-1.54
T382P;-1.104
T382S;-1.451
E383A;-1.431
E383D;-2.589
E383G;-3.231
E383K;-2.835
E383Q;-2.098
E383V;-3.304
N384D;-3.034
N384H;-1.359
N384I;-3.087
N384K;-2.878
N384S;-0.891
N384T;-1.015
N384Y;-3.102
G385A;-1.43
G385C;-0.862
G385D;-2.804
G385R;-2.211
G385S;-2.765
G385V;-1.365
A386D;-1.969
A386G;0.13
A386P;-1.938
A386S;-0.714
A386T;-1.111
A386V;-0.579
A387E;-1.468
A387G;-1.194
A387P;-1.022
A387S;-0.624
A387T;-1.339
A387V;-1.605
F388C;-0.146
F388I;-0.916
F388L;-0.786
F388S;-0.763
F388V;-0.39
F388Y;-0.119
H389D;0.418
H389L;-1.56
H389N;-0.496
H389P;-0.18
H389Q;-0.623
H389R;-2.642
H389Y;-0.506
D390A;-1.198
D390E;-2.177
D390G;-2.956
D390N;-2.554
D390V;-3.107
D390Y;-0.993
Y391C;-2.892
Y391D;-1.117
Y391E;0.901
Y391F;-3.623
Y391H;-3.111
Y391N;-3.114
Y391S;-1.058
A392D;-2.016
A392G;-0.51
A392P;0.209
A392S;-0.213
A392T;-0.258
A392V;0.006
D393A;-0.976
D393E;-1.687
D393G;-1.334
D393H;-2.031
D393N;-0.236
D393V;-1.304
D393Y;-1.316
P394A;-0.535
P394L;-2.546
P394Q;-1.182
P394R;-2.674
P394S;-2.841
P394T;-0.816
E395A;-0.285
E395D;-0.186
E395G;-0.681
E395K;-0.518
E395Q;-0.991
E395V;-0.629
G396A;-0.51
G396C;-0.245
G396D;-2.521
G396R;-0.397
G396S;-0.255
G396V;-0.912
N397C;-0.51
N397D;-0.378
N397H;-0.417
N397I;-0.567
N397K;-0.46
N397S;-0.409
N397T;-0.409
N397Y;-0.293
V398A;-1.495
V398D;-3.289
V398F;-2.166
V398G;-0.976
V398I;-0.185
V398L;-2.079
N399D;-1.431
N399H;-0.246
N399I;-0.428
N399K;-0.187
N399S;-0.605
N399T;-0.376
N399Y;-0.382
D400A;-1.564
D400E;-2.125
D400G;-2.94
D400H;-1.505
D400N;-2.722
D400V;-2.891
D400Y;-1.876
P401A;-0.753
P401L;-0.409
P401Q;-0.393
P401R;-0.8
P401S;-0.378
P401T;-0.604
E402A;-0.47
E402D;-0.377
E402G;-0.677
E402K;-0.2
E402Q;-0.189
E402V;-1.391
R403C;-2.998
R403G;-1.624
R403H;-2.929
R403L;-2.058
R403P;-2.937
R403S;-1.793
I404F;-1.557
I404L;-0.541
I404M;-0.604
I404N;-2.435
I404S;-0.247
I404T;-0.783
I404V;-0.375
A405E;-0.324
A405G;-0.389
A405P;-1.313
A405S;0.045
A405T;-0.305
A405V;-0.245
Y406C;-1.353
Y406D;-0.982
Y406F;-0.27
Y406H;-2.149
Y406N;-2.766
Y406S;-1.348
V407A;-1.151
V407D;-2.96
V407F;-0.921
V407G;-1.546
V407I;-0.216
V407L;0.37
R408C;-0.569
R408G;0.295
R408H;-0.269
R408L;-0.701
R408P;-2.362
R408S;-0.7
D409A;-0.141
D409E;-0.066
D409G;-0.345
D409H;-0.235
D409N;-0.34
D409V;-0.718
D409Y;-0.515
H410D;-2.191
H410L;-3.252
H410N;-0.962
H410P;-2.271
H410Q;-0.856
H410R;-2.984
H410Y;-1.95
L411M;-0.813
L411P;-3.126
L411Q;-3.383
L411R;-2.071
L411V;-0.216
A412E;-0.019
A412G;-0.299
A412P;-2.265
A412S;-0.249
A412T;-0.125
A412V;-0.261
A413E;-0.66
A413G;-0.883
A413P;-1.546
A413S;-0.495
A413T;-1.005
A413V;-0.782
V414A;-0.616
V414D;-3.189
V414F;-2.401
V414G;-1.778
V414I;0.015
V414L;0.202
H415D;-0.79
H415L;-0.384
H415N;-0.746
H415P;-2.109
H415Q;-0.681
H415R;-0.918
H415Y;-0.259
R416C;-0.704
R416G;-0.46
R416H;-0.192
R416L;-0.625
R416P;-1.568
R416S;-0.504
A417E;-1.453
A417G;-0.735
A417P;-1.776
A417S;-0.564
A417T;-1.334
A417V;-1.389
I418F;-0.758
I418L;-0.194
I418M;-0.254
I418N;-1.39
I418S;-0.744
I418T;-1.148
I418V;-0.732
K419E;-0.318
K419I;-0.35
K419N;-0.484
K419Q;-0.201
K419R;-0.464
K419T;-0.064
D420A;0.152
D420E;-0.13
D420G;-0.594
D420H;-0.314
D420N;-0.535
D420V;-0.747
D420Y;-0.569
G421A;-1.572
G421C;-0.499
G421D;-0.906
G421R;-1.159
G421S;-1.31
G421V;-1.214
S422A;-0.245
S422L;-0.993
S422P;-2.842
S422T;-0.386
D423A;-0.767
D423E;-0.464
D423G;-1.136
D423N;0.036
D423V;-0.732
D423Y;-0.623
V424A;-1.748
V424E;-3.472
V424G;-1.73
V424L;-1.273
V424M;-2.053
R425C;-0.886
R425G;-0.633
R425H;-0.755
R425L;-0.74
R425P;-1.888
R425S;-0.769
G426A;-0.72
G426C;-1.599
G426D;-2.93
G426R;-1.286
G426S;-2.291
G426V;-1.198
Y427C;-3.195
Y427D;-1.416
Y427F;-0.463
Y427H;-1.387
Y427N;-3.077
Y427S;-0.939
F428C;-0.647
F428I;-1.353
F428L;-1.617
F428S;-3.191
F428V;-0.939
F428Y;-0.801
L429M;-0.542
L429P;-3.181
L429Q;-1.097
L429R;-1.755
L429V;-0.56
W430C;-1.284
W430G;-1.556
W430L;-1.159
W430R;-3.125
W430S;-1.912
S431A;-0.08
S431L;-2.614
S431P;-3.244
S431T;-0.483
S431W;-0.81
L432M;-0.494
L432P;-3.254
L432Q;-1.044
L432R;-1.98
L432V;-0.94
L433M;-0.637
L433P;-2.99
L433Q;-2.313
L433R;-1.965
L433V;-0.493
D434A;-1.364
D434E;-2.362
D434G;-2.766
D434H;-2.527
D434N;-2.594
D434V;-2.928
D434Y;-1.945
N435D;-2.748
N435H;-1.495
N435I;-3.238
N435K;-2.304
N435S;-2.671
N435T;-0.292
N435Y;-3.684
F436C;-1.479
F436I;-3.458
F436L;-0.933
F436S;-3.214
F436V;-0.945
F436Y;-0.348
E437A;-1.865
E437D;-1.902
E437G;-2.86
E437K;-2.777
E437Q;-2.299
E437V;-3.021
W438C;-1.564
W438G;-0.946
W438L;-0.999
W438R;-3.279
W438S;-2.354
A439E;-0.636
A439G;0.079
A439P;-1.428
A439S;-0.193
A439T;-0.547
A439V;-0.262
H440D;0.262
H440L;-0.67
H440N;-0.461
H440P;-1.614
H440Q;-0.455
H440R;-1.518
H440Y;-0.501
G441A;-2.968
G441C;-0.868
G441D;-3.08
G441R;-2.999
G441S;-3.037
G441V;-1.954
Y442C;-3.22
Y442D;-0.439
Y442F;-0.39
Y442H;-3.063
Y442N;-3.49
Y442S;-1.478
S443C;-1.576
S443G;-0.736
S443I;-1.959
S443N;-1.779
S443R;-2.07
S443T;-1.958
K444E;-0.796
K444I;-0.832
K444N;-0.966
K444Q;-0.343
K444R;-0.417
K444T;-0.128
R445C;-2.962
R445G;-1.882
R445H;-2.883
R445L;-2.282
R445S;-2.064
F446C;-1.45
F446I;-3.237
F446L;-1.711
F446S;-3.059
F446V;-0.77
F446Y;-0.391
G447A;-1.816
G447C;-1.831
G447D;-2.78
G447R;-1.979
G447S;-2.456
G447V;-2.122
A448D;-2.239
A448G;-0.991
A448P;-1.457
A448S;-0.327
A448T;-0.015
A448V;-0.093
V449A;-0.928
V449E;-2.732
V449G;-1.252
V449L;-0.714
V449M;-0.587
Y450C;-3.181
Y450D;-1.407
Y450F;-0.356
Y450H;-1.894
Y450N;-2.642
Y450S;-1.102
V451A;-3.14
V451D;-3.403
V451F;-1.824
V451G;-2.228
V451I;-0.241
V451L;-1.415
D452A;-1.12
D452E;-0.517
D452G;-2.339
D452H;0.037
D452N;-0.75
D452V;-0.875
D452Y;-0.378
Y453C;-3.094
Y453D;-1.977
Y453F;-0.251
Y453H;-2.027
Y453N;-3.594
Y453S;-1.318
P454A;-1.414
P454L;-0.919
P454Q;-1.233
P454R;-0.955
P454S;-1.492
P454T;-1.162
T455A;-1.244
T455I;-0.757
T455N;-0.857
T455P;-1.772
T455S;-0.483
G456A;0.014
G456C;-0.699
G456D;-2.881
G456R;-0.387
G456S;-0.402
G456V;-1.93
T457A;-0.297
T457K;-0.133
T457M;-0.605
T457P;-2.205
T457R;-0.736
T457S;-0.523
R458C;-3.067
R458G;-2.552
R458H;-2.396
R458L;-2
R458P;-2.331
R458S;-2.41
I459F;-0.549
I459L;-0.815
I459M;0.295
I459N;-2.236
I459S;-1.009
I459T;-0.341
I459V;-0.498
P460A;-1.405
P460L;-0.508
P460Q;-0.429
P460R;-1.014
P460S;-0.92
P460T;-0.714
K461E;-3.234
K461I;-3.214
K461N;-3.137
K461Q;-2.049
K461R;-3.31
K461T;-1.337
A462D;-0.439
A462G;-0.607
A462P;-1.42
A462S;-0.383
A462T;-0.176
A462V;-0.474
S463C;-0.829
S463G;-1.583
S463I;-0.761
S463N;-3.36
S463R;-2.903
S463T;-0.655
A464D;-2.127
A464G;-0.71
A464P;-1.774
A464S;-0.753
A464T;-1.31
A464V;-0.956
R465C;-0.507
R465G;-0.608
R465H;-0.189
R465L;-0.295
R465P;-1.992
R465S;-0.619
W466C;-0.603
W466G;-1.826
W466L;-0.626
W466R;-2.715
W466S;-1.477
Y467C;-2.112
Y467D;-1.384
Y467F;-0.377
Y467H;-3.186
Y467N;-3.148
Y467S;-2.054
A468D;-2.2
A468G;0.143
A468P;-1.97
A468S;-0.219
A468T;-0.5
A468V;-1.385
E469A;-0.306
E469D;-0.197
E469G;-0.276
E469K;-0.041
E469Q;-0.2
E469V;-0.416
V470A;-1.163
V470D;-3.666
V470F;-0.818
V470G;-1.466
V470I;-0.159
V470L;0.159
A471D;-2.169
A471G;-1.218
A471P;-1.125
A471S;-0.654
A471T;-0.335
A471V;-0.274
R472C;-0.539
R472G;-0.544
R472H;-0.464
R472L;-0.594
R472P;-2.598
R472S;-0.562
T473A;-0.615
T473K;-0.401
T473M;-0.63
T473P;-1.814
T473R;-0.427
T473S;-0.386
G474A;-0.767
G474C;-0.366
G474D;-0.628
G474R;-0.537
G474S;-0.408
G474V;-1.354
V475A;-0.423
V475D;-0.801
V475F;-0.434
V475G;0.01
V475I;-0.419
V475L;-0.531
L476M;-0.393
L476P;-1.154
L476Q;-1.408
L476R;-1.434
L476V;-0.265
P477A;-0.366
P477L;-0.536
P477Q;-0.495
P477R;-0.54
P477S;-0.289
P477T;-0.363
T478A;-0.109
T478I;-0.032
T478N;-0.567
T478P;-0.387
T478S;-0.06
A479D;-0.152
A479G;-0.222
A479P;-0.035
A479S;-0.185
A479T;-0.322
A479V;-0.611
