mutant;2500
H24A;-0.009783565
H24C;-0.418259925
H24E;-0.279024169
H24D;-0.18160661
H24G;-0.060241673
H24F;-0.818487096
H24I;-0.359191243
H24K;0.014469577
H24M;-0.224781293
H24L;-0.480346576
H24N;-0.043093163
H24Q;-0.135568334
H24P;-1.010848138
H24S;0.036166097
H24R;-0.002526258
H24T;-0.067187546
H24W;-1.347585961
H24V;-0.026874047
H24Y;-0.88502515
P25A;-1.642595093
P25C;-0.364138405
P25E;0.143257861
P25D;-0.028402505
P25G;-0.969267861
P25F;-0.199804031
P25I;-0.073523836
P25H;0.045784618
P25K;0.135590499
P25M;-0.02836574
P25L;-0.211868922
P25N;0.020640486
P25Q;-0.028213622
P25S;-0.160130436
P25R;0.054153993
P25T;-0.091199948
P25W;-0.109138595
P25V;0.045912991
P25Y;0.001744668
E26A;0.010913108
E26C;-0.158232612
E26D;-0.07578524
E26G;0.081310077
E26F;-0.232106116
E26I;-0.153907493
E26H;0.020916837
E26K;0.087119809
E26M;-0.036440986
E26L;-0.05818041
E26N;-0.006468797
E26Q;0.049690653
E26P;-0.387232365
E26S;-0.039584928
E26R;-0.220002694
E26T;-0.135908892
E26W;-0.442340179
E26V;-0.064567429
E26Y;-0.245436276
T27A;-1.454588308
T27C;-2.419022561
T27E;-2.414464268
T27D;-2.29488302
T27G;-2.356711536
T27F;-2.604569889
T27I;-0.280445552
T27H;-1.849536455
T27K;-1.427889436
T27M;-1.84309581
T27L;-0.765521147
T27N;-2.485724922
T27Q;-1.667099437
T27P;-1.790172161
T27S;-1.392478148
T27R;-2.375093809
T27W;-2.841700815
T27V;0.034189274
T27Y;-2.789134768
L28A;-0.20222814
L28C;-1.95959115
L28E;-1.721637749
L28D;-2.71076857
L28G;-1.484204085
L28F;-0.720047067
L28I;0.017395788
L28H;-0.889277008
L28K;0.069595673
L28M;-0.0480697
L28N;-1.420713538
L28Q;-0.222811812
L28P;-2.195354681
L28S;-1.264096226
L28R;-0.064935717
L28T;-0.313656419
L28W;-0.299738494
L28V;0.0502655
L28Y;-0.218600359
V29A;0.046784508
V29C;0.035059494
V29E;0.05100108
V29D;0.044413266
V29G;0.040152735
V29F;-0.060232139
V29I;-0.013303234
V29H;-0.014840417
V29K;0.036194098
V29M;0.096017091
V29L;-0.01214075
V29N;0.051505843
V29Q;0.021601685
V29P;-2.3870484
V29S;0.008377766
V29R;0.065185473
V29T;0.029703033
V29W;0.056414715
V29Y;-0.087401776
K30A;0.000581568
K30C;-1.580349542
K30E;-1.653192955
K30D;-2.167242514
K30G;-2.15303464
K30F;-2.087469761
K30I;-0.404046646
K30H;-0.866930596
K30M;-0.205193373
K30L;-0.302453322
K30N;-1.532004423
K30Q;-0.093847677
K30P;-2.525360861
K30S;-0.378632472
K30R;-0.006089577
K30T;-0.041735782
K30W;-2.032560763
K30V;-0.06138358
K30Y;-2.123162699
V31A;-1.100230314
V31C;-0.095361794
V31E;-2.976464559
V31D;-3.147911871
V31G;-3.019922186
V31F;-2.899465416
V31I;-0.051860533
V31H;-3.399465416
V31K;-2.791626345
V31M;-1.553265428
V31L;-0.088425787
V31N;-2.859011209
V31Q;-3.006913909
V31P;-3.137351061
V31S;-2.725262278
V31R;-3.148064951
V31T;-1.944226231
V31W;-2.890630995
V31Y;-2.670483841
K32A;0.054800478
K32C;-0.969015678
K32E;-0.144527081
K32D;-2.334892706
K32G;-0.282379712
K32F;-0.594552833
K32I;-0.017447561
K32H;0.006558769
K32M;-0.0038691
K32L;-0.075988297
K32N;-0.194365353
K32Q;0.122206575
K32P;-2.976554563
K32S;-0.177984501
K32R;0.068602495
K32T;-0.146127025
K32W;-0.240520849
K32V;-0.073791384
K32Y;-0.35842172
D33A;-0.005625546
D33C;-0.143159049
D33E;-0.038181221
D33G;-0.164200601
D33F;-0.244432783
D33I;-0.137432674
D33H;-0.043367243
D33K;-0.046872657
D33M;-0.057818308
D33L;-0.123256094
D33N;-0.112246453
D33Q;0.091680231
D33P;-2.895012627
D33S;-0.055098192
D33R;-0.055448761
D33T;0.00270366
D33W;-0.26217333
D33V;-0.080936175
D33Y;-0.160994389
A34C;-0.521398897
A34E;-2.556684305
A34D;-2.404831914
A34G;-1.861298253
A34F;-0.922138302
A34I;-0.548549981
A34H;-2.609230586
A34K;-2.635557452
A34M;0.003700525
A34L;-0.88252558
A34N;-2.37743765
A34Q;-1.292157836
A34P;-2.678125708
A34S;-0.245824713
A34R;-3.064020687
A34T;-0.410171144
A34W;-1.029580625
A34V;-0.029961704
A34Y;-1.621560847
E35A;-1.787649562
E35C;-2.420916886
E35D;-2.119519212
E35G;-2.321290613
E35F;-2.851699887
E35I;-2.987540701
E35H;-2.772221373
E35K;-2.940703589
E35M;-1.946449764
E35L;-2.885752479
E35N;-2.741755203
E35Q;-0.608613565
E35P;-3.388924727
E35S;-2.463913496
E35R;-3.10440097
E35T;-2.887142666
E35W;-3.040675803
E35V;-2.288299032
E35Y;-3.049756216
D36A;-0.005953824
D36C;-0.099956783
D36E;0.001811128
D36G;0.035435688
D36F;-0.068770939
D36I;-0.069870489
D36H;-0.026165024
D36K;-0.004920756
D36M;0.060808625
D36L;-0.015402454
D36N;0.044241268
D36Q;-0.016961135
D36P;-2.091987757
D36S;0.009267077
D36R;0.049957801
D36T;0.006112565
D36W;0.071250188
D36V;0.000466563
D36Y;-0.165573091
Q37A;0.008497057
Q37C;-0.092868754
Q37E;0.004526454
Q37D;-0.085462237
Q37G;-0.013549446
Q37F;-0.012968656
Q37I;0.009937148
Q37H;0.00280529
Q37K;0.011905738
Q37M;0.027739205
Q37L;0.01388525
Q37N;0.020191115
Q37P;-2.202043505
Q37S;0.007432733
Q37R;0.03108761
Q37T;-0.011476302
Q37W;-0.029962936
Q37V;-0.009010772
Q37Y;-0.050090694
L38A;-1.581118647
L38C;-2.132422185
L38E;-1.69693259
L38D;-1.72549043
L38G;-1.413216117
L38F;-0.674853968
L38I;-0.372458419
L38H;-1.263921658
L38K;-2.224309184
L38M;0.039525158
L38N;-1.721639345
L38Q;-1.495932181
L38P;-1.51455909
L38S;-0.884596349
L38R;-2.052487335
L38T;-0.369701482
L38W;-0.62371773
L38V;-1.660237684
L38Y;-0.342970173
G39A;-0.051723869
G39C;-1.109586321
G39E;-0.046368472
G39D;-0.041516899
G39F;-0.618090784
G39I;-0.672065611
G39H;-0.053090858
G39K;-0.058406355
G39M;-0.157725137
G39L;-0.179840624
G39N;-0.119873344
G39Q;-0.004546878
G39P;-2.311613621
G39S;-0.054611988
G39R;-0.042271582
G39T;-0.228329729
G39W;-1.518050793
G39V;-0.193850581
G39Y;-0.821028526
A40C;-1.570195837
A40E;-1.945210291
A40D;-2.183416924
A40G;0.036494768
A40F;-2.38393397
A40I;-1.756061106
A40H;-2.788829598
A40K;-2.764567772
A40M;-1.027279569
A40L;-1.977678207
A40N;-1.691389934
A40Q;-0.538026022
A40P;-2.675154675
A40S;-0.15070486
A40R;-2.49902172
A40T;-0.474438292
A40W;-1.923133717
A40V;-1.766813589
A40Y;-2.342321982
R41A;-0.329086585
R41C;-1.693509349
R41E;-1.883635418
R41D;-1.955265097
R41G;-1.974678812
R41F;-1.159161857
R41I;-0.608879904
R41H;0.021122042
R41K;-0.157427045
R41M;-0.282237032
R41L;-0.342520526
R41N;-0.225044473
R41Q;-0.280324444
R41P;-0.099713743
R41S;-0.309092945
R41T;-0.286286649
R41W;-2.024107135
R41V;-0.491868623
R41Y;-0.608998027
V42A;-1.919095692
V42C;-1.543953069
V42E;-2.394525721
V42D;-2.884112643
V42G;-1.921353464
V42F;-0.057509392
V42I;-0.201484743
V42H;-2.563731445
V42K;-2.601081474
V42M;-0.099695113
V42L;-0.143120966
V42N;-2.725804065
V42Q;-2.720700732
V42P;-3.330474001
V42S;-2.10528659
V42R;-2.541797031
V42T;-1.804800391
V42W;-0.748041039
V42Y;-1.576655735
G43A;-1.171754763
G43C;-2.695473786
G43E;-2.814362219
G43D;-2.734532397
G43F;-2.973649581
G43I;-2.97922017
G43H;-2.937324586
G43K;-3.171122562
G43M;-3.026176526
G43L;-3.575254088
G43N;-2.934463313
G43Q;-2.981492567
G43P;-3.090687976
G43S;-1.823495968
G43R;-2.774415405
G43T;-3.294010353
G43W;-2.926816531
G43V;-2.921696588
G43Y;-3.092822255
Y44A;-2.982065641
Y44C;-3.081494016
Y44E;-2.970126549
Y44D;-2.569204228
Y44G;-3.025105581
Y44F;-0.040809435
Y44I;-1.736939019
Y44H;-2.831751718
Y44K;-3.16469248
Y44M;-0.283943015
Y44L;-0.246511149
Y44N;-3.041988665
Y44Q;-3.196583271
Y44P;-3.027775819
Y44S;-3.19008419
Y44R;-3.025154107
Y44T;-3.195373822
Y44W;-2.641882621
Y44V;-1.726355619
I45A;-0.090534046
I45C;-0.208081948
I45E;-2.206823683
I45D;-2.744946474
I45G;-2.210408061
I45F;0.139663466
I45H;-2.169112095
I45K;-2.947329011
I45M;-0.361981496
I45L;0.108687949
I45N;-2.632616734
I45Q;-1.581182994
I45P;-2.896751736
I45S;-1.494600621
I45R;-2.60881519
I45T;-0.426357269
I45W;-2.910990886
I45V;0.12200949
I45Y;-0.198298791
E46A;-0.05797503
E46C;-1.899140071
E46D;-1.243973026
E46G;-1.769257835
E46F;-1.180487928
E46I;-0.638274182
E46H;-0.84199284
E46K;-0.224174499
E46M;-0.019380393
E46L;-0.114128551
E46N;0.002957374
E46Q;0.013281701
E46P;-2.526018257
E46S;-0.006555508
E46R;-2.305126814
E46T;-0.119318986
E46W;-2.282498331
E46V;-0.377810222
E46Y;-1.06271258
L47A;-0.587413548
L47C;-1.720747268
L47E;-1.741683954
L47D;-2.518467113
L47G;-2.814695063
L47F;-1.674340022
L47I;0.024688881
L47H;-2.394776979
L47K;-2.002716795
L47M;0.013633703
L47N;-2.469694379
L47Q;-0.861640165
L47P;-2.838862454
L47S;-1.746007831
L47R;-2.507271637
L47T;-0.895189117
L47W;-2.802612048
L47V;0.021797609
L47Y;-1.572375898
D48A;-1.202840841
D48C;-1.743934184
D48E;-0.12991054
D48G;-1.782656107
D48F;-2.502426189
D48I;-2.340419237
D48H;-1.852532013
D48K;-2.633183513
D48M;-2.264804231
D48L;-2.362622239
D48N;-1.278640676
D48Q;-1.419343169
D48P;-3.204843771
D48S;-0.813724545
D48R;-2.492796019
D48T;-2.654013198
D48W;-2.496025715
D48V;-2.229344399
D48Y;-2.515503785
L49A;-0.398791157
L49C;-1.730716884
L49E;-2.506298315
L49D;-2.389768248
L49G;-1.948571412
L49F;-0.12134167
L49I;0.025955322
L49H;-1.904127979
L49K;-1.857422077
L49M;0.008772386
L49N;-1.928298964
L49Q;-1.759798399
L49P;-1.963572886
L49S;-1.676670922
L49R;-2.058053405
L49T;-0.566029879
L49W;-0.076008527
L49V;-0.043917615
L49Y;-0.105296504
N50A;-0.032218326
N50C;-1.223080702
N50E;-0.017852372
N50D;-0.01891356
N50G;-0.018879235
N50F;-0.082938465
N50I;-0.050837261
N50H;0.010744474
N50K;-0.000322556
N50M;0.051670551
N50L;-0.025187338
N50Q;-0.030864239
N50P;-0.037237915
N50S;-0.013873543
N50R;-0.036412893
N50T;-0.008385861
N50W;-0.021802643
N50V;-0.016311532
N50Y;-0.041849916
S51A;-0.739318788
S51C;-1.818743993
S51E;-0.086824363
S51D;0.075247281
S51G;-0.369043249
S51F;-1.75070567
S51I;-1.335857706
S51H;-0.605656207
S51K;-0.668958334
S51M;-1.386030888
S51L;-1.461622603
S51N;0.017691821
S51Q;-0.454083284
S51P;-2.620159281
S51R;-1.166772263
S51T;0.006249997
S51W;-2.260674765
S51V;-1.719458446
S51Y;-1.419267838
G52A;-1.397547239
G52C;-2.765819379
G52E;-1.485419039
G52D;-1.142466432
G52F;-2.243396686
G52I;-3.029309641
G52H;-1.650707599
G52K;-1.679006303
G52M;-1.645114846
G52L;-1.737240536
G52N;-0.564540738
G52Q;-1.581973632
G52P;-1.923346365
G52S;-1.555244441
G52R;-2.042379701
G52T;-1.727659998
G52W;-1.984352478
G52V;-2.323342864
G52Y;-2.109773078
K53A;-0.009332043
K53C;-1.382777082
K53E;-0.017441509
K53D;0.013371071
K53G;-0.093902637
K53F;-0.136761276
K53I;-0.082011237
K53H;-0.066030242
K53M;-0.025403978
K53L;-0.033696514
K53N;0.000860667
K53Q;-0.035956316
K53P;-2.375736807
K53S;-0.070319479
K53R;-0.020171097
K53T;-0.06812083
K53W;-0.735453025
K53V;-0.041850368
K53Y;-0.141820178
I54A;-0.2974784
I54C;-1.22733725
I54E;-0.395029678
I54D;-1.606773511
I54G;-2.112324616
I54F;-0.063526157
I54H;-1.122305108
I54K;-1.522346732
I54M;-0.002939038
I54L;-0.097294124
I54N;-1.680709597
I54Q;-0.866461944
I54P;-0.990800176
I54S;-1.302305709
I54R;-1.209600931
I54T;-0.017431717
I54W;-0.33586407
I54V;0.054009757
I54Y;-0.862369383
L55A;-1.620167459
L55C;-1.470231069
L55E;-1.114443659
L55D;-2.571945359
L55G;-1.61012303
L55F;-0.209352289
L55I;-0.013824586
L55H;-0.720452442
L55K;-0.806127199
L55M;-0.067702575
L55N;-1.526032982
L55Q;-1.22558591
L55P;-2.604961843
L55S;-2.021762852
L55R;-0.520211329
L55T;-0.997385307
L55W;-1.28202634
L55V;-0.049845221
L55Y;-0.120999362
E56A;-0.087059359
E56C;-1.555378918
E56D;-0.058707709
E56G;-0.051919235
E56F;-2.440835188
E56I;-2.18407722
E56H;-1.177880662
E56K;-0.101755554
E56M;-1.303131735
E56L;-1.314274174
E56N;-0.101191244
E56Q;-0.131065951
E56P;-2.66658801
E56S;-0.092556475
E56R;-0.221984209
E56T;-0.103973384
E56W;-2.094695901
E56V;-1.128714536
E56Y;-1.791599132
S57A;0.025721015
S57C;-1.504226134
S57E;0.005882297
S57D;-0.976962278
S57G;-0.036135834
S57F;-0.258372422
S57I;-1.225007314
S57H;-0.200224732
S57K;-0.040180196
S57M;-0.128876766
S57L;-0.638674441
S57N;-0.340335844
S57Q;-0.0140985
S57P;-2.61056601
S57R;-0.129307108
S57T;-0.065115516
S57W;-0.495673855
S57V;-0.09729119
S57Y;-0.395671023
F58A;-0.096847901
F58C;-1.092346968
F58E;-1.961057663
F58D;-2.678411367
F58G;-2.34256389
F58I;-1.14552304
F58H;0.026093905
F58K;-1.637460288
F58M;-0.179274328
F58L;-0.463029668
F58N;0.020832937
F58Q;-0.396714012
F58P;-2.953853896
F58S;-0.123861973
F58R;-0.371947743
F58T;-1.400821192
F58W;0.038062554
F58V;-0.33502622
F58Y;-0.020413011
R59A;-1.945165273
R59C;-1.573662471
R59E;-2.998283498
R59D;-3.24264753
R59G;-2.30278815
R59F;-2.769432224
R59I;-2.656506313
R59H;-0.328139955
R59K;-0.386167521
R59M;-2.432379025
R59L;-2.407907628
R59N;-0.080553187
R59Q;-1.436483915
R59P;-2.681074897
R59S;-1.875296865
R59T;-2.823482028
R59W;-2.399050209
R59V;-3.269411588
R59Y;-2.747228401
P60A;-0.003690421
P60C;-1.87440672
P60E;0.019215497
P60D;0.010643743
P60G;-0.021573991
P60F;-1.310573596
P60I;-0.070069557
P60H;-0.000633666
P60K;-0.067379763
P60M;0.028805142
P60L;-0.201132372
P60N;-0.283547776
P60Q;0.01093068
P60S;0.030974114
P60R;-0.032174445
P60T;-0.035869273
P60W;-1.297597785
P60V;-0.08649214
P60Y;-0.807193813
E61A;-0.012261803
E61C;-1.223368361
E61D;0.017772369
E61G;0.008092791
E61F;0.036097239
E61I;-0.168170948
E61H;0.018249952
E61K;0.051632487
E61M;0.04607429
E61L;-0.043914108
E61N;-0.0169525
E61Q;0.030477973
E61P;-2.8231702
E61S;0.012718307
E61R;-0.029997036
E61T;-0.035050369
E61W;-0.017401177
E61V;-0.074498357
E61Y;0.021190484
E62A;-1.023939685
E62C;-1.82322916
E62D;-0.100650825
E62G;-1.366168672
E62F;-1.220230028
E62I;-1.344574689
E62H;-0.66028634
E62K;-1.893940849
E62M;-0.358510262
E62L;-1.942943043
E62N;-1.491877677
E62Q;-0.310831814
E62P;-2.796100017
E62S;-0.991022422
E62R;-2.055450033
E62T;-0.291571286
E62W;-1.931454624
E62V;-0.936311053
E62Y;-1.2178737
R63A;-1.552993834
R63C;-1.577282491
R63E;-1.482423194
R63D;-2.506009658
R63G;-2.512185941
R63F;-1.828182638
R63I;-1.001374095
R63H;-0.532573946
R63K;-0.162804455
R63M;-1.270809434
R63L;-0.418237842
R63N;-1.582375994
R63Q;-0.693159062
R63P;-1.086821958
R63S;-1.296136203
R63T;-0.626124444
R63W;-2.318079555
R63V;-1.337554196
R63Y;-1.305136837
F64A;-3.388809431
F64C;-3.444423186
F64E;-3.02234433
F64D;-3.075736094
F64G;-3.080549082
F64I;-2.809557375
F64H;-2.635383711
F64K;-3.226927432
F64M;-1.78343415
F64L;-2.346558986
F64N;-3.191343685
F64Q;-2.642892061
F64P;-2.735826052
F64S;-3.494443125
F64R;-3.301163574
F64T;-2.630296893
F64W;-2.549393345
F64V;-2.270670191
F64Y;-1.611485958
P65A;-1.414854298
P65C;-3.03405659
P65E;-3.178608368
P65D;-3.015758099
P65G;-2.824370872
P65F;-2.646213716
P65I;-2.414665711
P65H;-2.194988422
P65K;-2.53504946
P65M;-2.591052208
P65L;-2.303535144
P65N;-2.464589554
P65Q;-2.323799824
P65S;-1.91444365
P65R;-2.915843129
P65T;-2.386225246
P65W;-3.339318818
P65V;-2.560355514
P65Y;-2.809710795
M66A;-1.654670825
M66C;-1.526861034
M66E;-3.077086547
M66D;-3.33080682
M66G;-1.892259959
M66F;-0.487952175
M66I;-0.176145829
M66H;-1.920554511
M66K;-3.093978709
M66L;-0.054318447
M66N;-3.030291781
M66Q;-2.039269583
M66P;-3.102249124
M66S;-2.363766686
M66R;-3.001973273
M66T;-1.420158937
M66W;-3.355591012
M66V;-0.098950592
M66Y;-2.749518565
M67A;-0.004768182
M67C;-0.247812065
M67E;-2.184542596
M67D;-2.285650341
M67G;-0.03955652
M67F;-2.040629435
M67I;-1.283578119
M67H;-1.556438761
M67K;-2.969365791
M67L;-0.449230009
M67N;-0.007628561
M67Q;-1.098948294
M67P;-2.755756325
M67S;-0.10032247
M67R;-2.942099013
M67T;-0.062693547
M67W;-2.776323366
M67V;-0.205803582
M67Y;-2.869177379
S68A;-3.369026655
S68C;-2.383237094
S68E;-3.358158761
S68D;-3.192232391
S68G;-2.577396086
S68F;-2.859561477
S68I;-1.65252998
S68H;-2.973291757
S68K;-2.945587118
S68M;-2.927597134
S68L;-3.081591203
S68N;-2.096320864
S68Q;-2.89210983
S68P;-3.316045444
S68R;-2.991039415
S68T;-2.713137191
S68W;-3.346758972
S68V;-2.570666462
S68Y;-2.976799803
T69A;-2.759739677
T69C;-1.764699631
T69E;-3.195768026
T69D;-3.265384399
T69G;-2.628796876
T69F;-3.33535459
T69I;-1.685743653
T69H;-1.664324852
T69K;-3.033836619
T69M;-2.478653607
T69L;-2.392749482
T69N;-2.71262599
T69Q;-2.361851281
T69P;-2.295937358
T69S;-1.840638186
T69R;-3.293900361
T69W;-3.047111258
T69V;-2.701354223
T69Y;-2.899078715
F70A;-0.061250842
F70C;-0.992654766
F70E;-2.512372906
F70D;-3.155445205
F70G;-1.44172006
F70I;-1.374392405
F70H;-0.361345687
F70K;-2.791579503
F70M;0.011483928
F70L;-1.86560969
F70N;-1.799938512
F70Q;-2.230348399
F70P;-2.965079662
F70S;-0.364725872
F70R;-2.691720127
F70T;-1.718556765
F70W;-1.012644172
F70V;-0.037759015
F70Y;-2.663858905
K71A;-3.5759083
K71C;-3.20302712
K71E;-2.790542281
K71D;-3.26990345
K71G;-3.385171089
K71F;-2.916447271
K71I;-2.773006099
K71H;-3.227846154
K71M;-3.016410807
K71L;-3.12361636
K71N;-2.875606964
K71Q;-3.053266718
K71P;-3.122786452
K71S;-3.743276064
K71R;-3.181662996
K71T;-3.017426283
K71W;-2.906241728
K71V;-3.260311318
K71Y;-3.062315829
V72A;-0.856415618
V72C;-1.496115302
V72E;-1.725521981
V72D;-2.711742599
V72G;-2.575720423
V72F;-2.583539351
V72I;-0.507858731
V72H;-2.692277041
V72K;-1.645490074
V72M;-1.892537109
V72L;-1.964738695
V72N;-2.686179384
V72Q;-2.513515023
V72P;-0.027108305
V72S;-1.456171302
V72R;-2.923710155
V72T;-0.315691669
V72W;-2.004668698
V72Y;-2.713021813
L73A;-0.064115567
L73C;-0.724250974
L73E;-2.947544269
L73D;-2.994795129
L73G;-1.463946668
L73F;-0.448223556
L73I;0.028685084
L73H;-1.573675901
L73K;-2.943766498
L73M;-0.10406419
L73N;-2.274293433
L73Q;-1.509534628
L73P;-0.134780892
L73S;-0.986445615
L73R;-2.580447035
L73T;-0.755295224
L73W;-2.32208182
L73V;-0.036333311
L73Y;-1.787903299
L74A;-1.314976379
L74C;-2.220898794
L74E;-2.636127763
L74D;-2.735655563
L74G;-2.386275324
L74F;-3.112424886
L74I;-1.473556368
L74H;-3.487305171
L74K;-3.106143099
L74M;-0.428434117
L74N;-2.872405012
L74Q;-3.24294313
L74P;-2.872337698
L74S;-2.599628113
L74R;-3.126264978
L74T;-1.513027813
L74W;-2.903445524
L74V;-0.23273484
L74Y;-2.935389443
C75A;-0.124974444
C75E;-2.657888088
C75D;-2.621082525
C75G;-1.053258683
C75F;-2.839551388
C75I;-0.955438898
C75H;-3.295050369
C75K;-3.147459253
C75M;-1.655535905
C75L;-1.869139891
C75N;-3.233573633
C75Q;-3.067957219
C75P;-2.963701034
C75S;-1.618066015
C75R;-2.91011735
C75T;-1.171416675
C75W;-2.412726065
C75V;-0.262256631
C75Y;-2.982064465
G76A;-0.006424417
G76C;-1.115576811
G76E;-3.053755801
G76D;-2.342334093
G76F;-1.789810329
G76I;-1.814070833
G76H;-3.483680472
G76K;-3.35351752
G76M;-1.799435365
G76L;-1.685606461
G76N;-3.363726542
G76Q;-3.35474197
G76P;-3.236796638
G76S;-0.032136065
G76R;-3.250447668
G76T;-1.521995719
G76W;-1.716033837
G76V;-1.887239644
G76Y;-1.7525129
A77C;0.031666339
A77E;-1.10575645
A77D;-1.23474708
A77G;-1.152291686
A77F;-0.047762399
A77I;-0.447714455
A77H;-0.045084475
A77K;-0.101616997
A77M;0.00367316
A77L;-0.05205512
A77N;-0.102364519
A77Q;-0.053635759
A77P;-2.5264617
A77S;-0.106346494
A77R;-0.388606684
A77T;-0.233979562
A77W;-1.647934247
A77V;-0.046064699
A77Y;-0.015251162
V78A;-1.656196595
V78C;-1.68324771
V78E;-2.698340925
V78D;-2.787729305
V78G;-3.18578003
V78F;-2.180567854
V78I;0.000169684
V78H;-2.543009613
V78K;-2.59120482
V78M;-0.582851742
V78L;-0.34449891
V78N;-2.753542442
V78Q;-2.523461653
V78P;-3.162109295
V78S;-2.741822616
V78R;-3.102488852
V78T;-1.133446022
V78W;-3.018125613
V78Y;-3.024101379
L79A;-2.179578454
L79C;-2.26771596
L79E;-3.129028942
L79D;-3.060879132
L79G;-2.957194765
L79F;-1.868020467
L79I;-1.992318096
L79H;-2.337686607
L79K;-2.660157517
L79M;-0.136681748
L79N;-2.652113497
L79Q;-2.306304801
L79P;-3.139544463
L79S;-2.546889119
L79R;-2.817926043
L79T;-2.2124619
L79W;-2.385535496
L79V;-1.786521316
L79Y;-3.023729688
S80A;0.008730478
S80C;-1.017420265
S80E;0.100922601
S80D;-0.217070919
S80G;-0.060435341
S80F;-0.022349997
S80I;-0.25249564
S80H;0.034713463
S80K;-0.065342318
S80M;-0.066786124
S80L;-0.017216283
S80N;0.037980215
S80Q;0.042273194
S80P;-2.293021701
S80R;0.006316882
S80T;-0.022612891
S80W;0.012556074
S80V;-0.081587569
S80Y;0.040013894
R81A;-0.188147805
R81C;-1.624129056
R81E;-1.466739053
R81D;-1.581517669
R81G;-1.513572123
R81F;-0.699796092
R81I;-1.42389794
R81H;-0.321205933
R81K;-0.051616291
R81M;-0.186559753
R81L;-0.179219629
R81N;-0.239244341
R81Q;-0.215712484
R81P;-3.062688981
R81S;-0.725978424
R81T;-1.775995498
R81W;-1.456464756
R81V;-1.659967983
R81Y;-0.680618794
V82A;-0.115991508
V82C;-0.161156887
V82E;-1.894693829
V82D;-1.850754
V82G;-1.77800061
V82F;-1.633488879
V82I;-0.067475422
V82H;-0.512638539
V82K;-1.543739055
V82M;-1.392685652
V82L;-1.847136171
V82N;-2.000244548
V82Q;-1.472826012
V82P;-2.960805997
V82S;-0.654394682
V82R;-1.538348341
V82T;-0.458571735
V82W;-1.504499223
V82Y;-1.331138427
D83A;-1.691802754
D83C;-2.688763922
D83E;-0.096051752
D83G;-1.86508199
D83F;-2.7042285
D83I;-2.016937309
D83H;-2.269238258
D83K;-2.194756062
D83M;-1.688388499
D83L;-2.734828189
D83N;-2.019126225
D83Q;-0.307681489
D83P;-2.944289156
D83S;-1.653496975
D83R;-2.109991013
D83T;-1.742747116
D83W;-2.996894747
D83V;-1.970337587
D83Y;-2.889481787
A84C;-0.438931888
A84E;-2.34E-05
A84D;-0.005715479
A84G;-0.024581986
A84F;-0.186143212
A84I;-0.013374837
A84H;-0.000873553
A84K;0.027428182
A84M;-0.009573927
A84L;0.005085066
A84N;0.037337985
A84Q;0.02005532
A84P;-2.360139618
A84S;0.012671526
A84R;0.016879106
A84T;-0.01452706
A84W;-0.395755631
A84V;-0.020480268
A84Y;-0.150514537
G85A;-0.134062149
G85C;-1.402625032
G85E;-0.088473564
G85D;-0.106921018
G85F;-0.615544979
G85I;-1.531599286
G85H;-0.051679096
G85K;-0.033350538
G85M;-0.186685881
G85L;-0.424891033
G85N;-0.076674709
G85Q;-0.025383443
G85P;-2.908875342
G85S;-0.164970784
G85R;-0.1023798
G85T;-1.282214244
G85W;-1.596722025
G85V;-1.542004165
G85Y;-0.794174256
Q86A;-0.031346184
Q86C;-0.321765932
Q86E;-0.036396335
Q86D;0.009897319
Q86G;-0.049850188
Q86F;0.120341129
Q86I;-0.039301079
Q86H;-0.014527212
Q86K;-0.009362488
Q86M;-0.015556395
Q86L;-0.029438376
Q86N;0.014918119
Q86P;-1.368783659
Q86S;0.01643971
Q86R;0.007385751
Q86T;0.065980786
Q86W;-0.024832316
Q86V;-0.002231503
Q86Y;0.037876743
E87A;-1.004393455
E87C;-1.900269091
E87D;-0.007214053
E87G;-1.669198546
E87F;-0.292764895
E87I;-0.022245569
E87H;-1.85153629
E87K;-2.921329819
E87M;-0.031613816
E87L;0.024209124
E87N;-1.647481185
E87Q;-1.176308169
E87P;-2.483551041
E87S;-1.501669116
E87R;-2.347803569
E87T;-0.836128657
E87W;-1.558419284
E87V;-0.121958186
E87Y;-1.632880381
Q88A;-0.0001203
Q88C;-0.273911584
Q88E;0.029576106
Q88D;0.077216808
Q88G;-0.081860912
Q88F;-0.058579433
Q88I;-0.077210232
Q88H;0.015802767
Q88K;0.094749771
Q88M;-0.014628486
Q88L;-0.004543879
Q88N;0.027462082
Q88P;-1.926862363
Q88S;0.023680339
Q88R;0.016367382
Q88T;0.023069694
Q88W;0.052154614
Q88V;-0.02038913
Q88Y;0.087859613
L89A;-1.51750046
L89C;-2.106335815
L89E;-2.122418487
L89D;-2.198119647
L89G;-1.746458061
L89F;-1.065589855
L89I;-0.292830677
L89H;-1.515653905
L89K;-1.904393277
L89M;-0.068121536
L89N;-1.80739076
L89Q;-1.814728086
L89P;-1.452205367
L89S;-1.679578282
L89R;-2.009935743
L89T;-1.712095064
L89W;-1.733268579
L89V;-1.52692744
L89Y;-1.435450717
G90A;-0.011699145
G90C;-0.975286612
G90E;0.041201227
G90D;-0.005478862
G90F;-0.131499981
G90I;-0.135224833
G90H;-0.0363664
G90K;-0.108828669
G90M;-0.039755865
G90L;-0.128355617
G90N;0.017350079
G90Q;0.072975398
G90P;-0.68542057
G90S;-0.020904624
G90R;-0.145842567
G90T;-0.032386576
G90W;-0.044056476
G90V;-0.155368692
G90Y;-0.065199464
R91A;-1.352936045
R91C;-1.363640025
R91E;-1.843124163
R91D;-1.653138449
R91G;-1.839828642
R91F;-2.190379396
R91I;-1.776368346
R91H;-0.089973269
R91K;-0.124753162
R91M;-1.473200085
R91L;-1.701135439
R91N;-0.512989782
R91Q;-1.366879237
R91P;-2.571355016
R91S;-1.352494718
R91T;-0.598956526
R91W;-2.215240255
R91V;-1.920734529
R91Y;-2.267574631
R92A;-0.617133217
R92C;-1.457742572
R92E;-0.591414856
R92D;-1.554089535
R92G;-1.714960669
R92F;-0.302908098
R92I;-0.036945939
R92H;-0.103741082
R92K;0.025212107
R92M;-0.042024153
R92L;-0.044805637
R92N;-0.266378004
R92Q;-0.112583396
R92P;-0.997423642
R92S;-0.379494693
R92T;-0.029915213
R92W;-0.434074301
R92V;-0.051775185
R92Y;-0.049946375
I93A;-1.960784664
I93C;-2.445633448
I93E;-2.328514781
I93D;-2.531716041
I93G;-2.332829497
I93F;-1.905420019
I93H;-1.874620321
I93K;-2.628070413
I93M;-0.198821455
I93L;0.009083017
I93N;-1.829985674
I93Q;-1.654153896
I93P;-2.827592355
I93S;-2.278966567
I93R;-2.473268585
I93T;-1.958171757
I93W;-2.628955372
I93V;0.051135263
I93Y;-1.934341136
H94A;-0.08015141
H94C;-1.083906813
H94E;-0.062243135
H94D;-0.218190842
H94G;-0.283787057
H94F;-0.050553048
H94I;-0.073751089
H94K;0.006742309
H94M;-0.035634476
H94L;-0.031465014
H94N;-0.121656165
H94Q;-0.014702428
H94P;-0.530404004
H94S;-0.055668842
H94R;-0.03804817
H94T;-0.049445233
H94W;-0.00306571
H94V;-0.046366569
H94Y;-0.046653887
Y95A;-2.335377871
Y95C;-1.646643046
Y95E;-2.401496858
Y95D;-2.540660619
Y95G;-2.275559344
Y95F;0.001701839
Y95I;-0.08484952
Y95H;-1.783828991
Y95K;-2.699250944
Y95M;-1.705062055
Y95L;-0.912806239
Y95N;-2.635277852
Y95Q;-2.566728492
Y95P;-1.99029461
Y95S;-2.125006547
Y95R;-2.553313625
Y95T;-2.673178912
Y95W;-0.029609705
Y95V;-1.178690744
S96A;-0.003642064
S96C;-0.716253046
S96E;0.0282327
S96D;-0.00321986
S96G;0.037468031
S96F;-0.106211683
S96I;-0.082016154
S96H;0.011625173
S96K;-0.002363227
S96M;-0.0196778
S96L;-0.025364385
S96N;0.009597091
S96Q;0.048938316
S96P;-1.456086594
S96R;0.003768319
S96T;0.032250079
S96W;-0.34578657
S96V;-0.031687321
S96Y;-0.090141803
Q97A;-0.019611956
Q97C;-1.576997734
Q97E;0.002158724
Q97D;-0.002857923
Q97G;-0.01401232
Q97F;-0.075288388
Q97I;-0.050842348
Q97H;-0.091936105
Q97K;-0.010289612
Q97M;-0.077931497
Q97L;-0.010569208
Q97N;-0.096146583
Q97P;-0.033617087
Q97S;-0.015191232
Q97R;-0.025489968
Q97T;-0.032345228
Q97W;-0.079322043
Q97V;0.021819069
Q97Y;-0.089757123
N98A;-0.054690586
N98C;-1.668090614
N98E;-0.091125567
N98D;-0.031768977
N98G;-0.061982212
N98F;-0.022139397
N98I;-0.047687942
N98H;-0.049312425
N98K;-0.033608341
N98M;-0.093436783
N98L;-0.050658885
N98Q;-0.053535029
N98P;-0.082870102
N98S;-0.049634646
N98R;-0.043622887
N98T;-0.056332568
N98W;-0.040330558
N98V;-0.048610582
N98Y;-0.019943187
D99A;-0.161376064
D99C;-1.991657821
D99E;-0.052275571
D99G;-1.656499372
D99F;-1.484216288
D99I;-0.877720052
D99H;-0.172785852
D99K;-0.700813663
D99M;-0.144838937
D99L;-0.589505055
D99N;-0.257325475
D99Q;-0.076510138
D99P;-2.032132563
D99S;-0.173502848
D99R;-1.245599476
D99T;-0.409173528
D99W;-1.876323526
D99V;-0.354782275
D99Y;-1.513458825
L100A;-1.874839901
L100C;-1.578448819
L100E;-2.299156545
L100D;-2.838073156
L100G;-2.556103373
L100F;-0.800498928
L100I;-0.058038304
L100H;-2.30765856
L100K;-2.008377529
L100M;-0.046431063
L100N;-2.650424377
L100Q;-2.118330946
L100P;-2.574295188
L100S;-1.979998024
L100R;-2.178643147
L100T;-1.821399928
L100W;-1.185561117
L100V;-0.055273939
L100Y;-1.521559049
V101A;-0.700294787
V101C;-0.595665493
V101E;-0.743983116
V101D;-0.211748794
V101G;-1.239269328
V101F;-1.869255391
V101I;-0.101148046
V101H;-1.336747924
V101K;-0.277032486
V101M;-0.242102515
V101L;-0.080784456
V101N;-0.804123866
V101Q;-0.253280102
V101P;-2.538546594
V101S;-0.734571924
V101R;-0.498956704
V101T;-0.118362671
V101W;-2.291497139
V101Y;-1.502920358
E102A;0.016406132
E102C;-1.752428509
E102D;-0.002974238
E102G;-0.29465882
E102F;-0.087691599
E102I;-0.098005738
E102H;-0.068771438
E102K;-0.062874373
E102M;-0.062337676
E102L;-0.06177225
E102N;-0.086305347
E102Q;-0.045655708
E102P;0.007137683
E102S;0.012132849
E102R;-0.112260649
E102T;-0.019363092
E102W;-0.754648517
E102V;-0.013551254
E102Y;-0.043454595
Y103A;-1.550650111
Y103C;-1.854637148
Y103E;-2.177651822
Y103D;-2.22642002
Y103G;-1.545910543
Y103F;-0.238752093
Y103I;-1.635721029
Y103H;-0.782617213
Y103K;-2.536416425
Y103M;-1.746080843
Y103L;-1.681825516
Y103N;-1.246747
Y103Q;-1.936924464
Y103P;-1.125442206
Y103S;-1.620639579
Y103R;-1.838422416
Y103T;-1.557550548
Y103W;0.054448019
Y103V;-1.551314318
S104A;-0.593591064
S104C;-1.841876679
S104E;-2.979643612
S104D;-2.486833569
S104G;-1.652025149
S104F;-2.326121992
S104I;-1.89066934
S104H;-1.905650951
S104K;-2.464994769
S104M;-2.537879956
S104L;-3.01316915
S104N;-1.206680947
S104Q;-3.111797828
S104P;-2.474880172
S104R;-2.231699902
S104T;-1.723047291
S104W;-2.463579428
S104V;-2.203338277
S104Y;-2.140970515
P105A;-1.617908697
P105C;-2.263977654
P105E;-1.507607725
P105D;-2.270477617
P105G;-1.889083431
P105F;-2.027326348
P105I;-1.902309225
P105H;-1.607758802
P105K;-1.447940296
P105M;-1.962940407
P105L;-1.565477837
P105N;-1.957567679
P105Q;-1.620682791
P105S;-1.694489614
P105R;-1.671099709
P105T;-1.455280832
P105W;-2.167596652
P105V;-1.432323505
P105Y;-1.396863702
V106A;-0.238328783
V106C;-0.574227852
V106E;-0.040876561
V106D;-1.664693309
V106G;-1.515415773
V106F;-1.138470781
V106I;0.001953832
V106H;-0.99464539
V106K;-1.285721958
V106M;-0.066307304
V106L;-0.040586891
V106N;-1.48746731
V106Q;-0.356222844
V106P;-2.620729962
V106S;-0.661677651
V106R;-1.148098026
V106T;-0.284868942
V106W;-0.962883795
V106Y;-0.819350791
T107A;-0.089299781
T107C;-0.246232592
T107E;-2.651337332
T107D;-2.735711985
T107G;-1.84055421
T107F;-3.047786586
T107I;-1.853374251
T107H;-2.992764396
T107K;-2.826024012
T107M;-1.95630099
T107L;-0.66359724
T107N;-2.709002539
T107Q;-2.808790532
T107P;-2.692235412
T107S;-0.120848921
T107R;-3.115506105
T107W;-2.837835535
T107V;-0.579767453
T107Y;-2.788696299
E108A;0.055104957
E108C;-1.109340326
E108D;0.006982199
E108G;0.010259221
E108F;-0.262698042
E108I;0.030259801
E108H;-0.082148876
E108K;-0.05218598
E108M;0.073928831
E108L;-0.112487897
E108N;-0.012370212
E108Q;-0.029396715
E108P;-1.062669137
E108S;0.054907278
E108R;-0.043445211
E108T;-0.02672906
E108W;-0.423567818
E108V;0.021242084
E108Y;-0.185633878
K109A;0.017570764
K109C;-0.977215953
K109E;-0.046458354
K109D;-0.042958069
K109G;-0.006431754
K109F;-0.125324548
K109I;-0.063511355
K109H;-0.05099694
K109M;0.041160179
K109L;0.011094306
K109N;0.031006255
K109Q;0.015313737
K109P;-0.973440827
K109S;-0.01347513
K109R;0.007215051
K109T;0.002104742
K109W;-0.11899215
K109V;-0.035012295
K109Y;-0.101598564
H110A;-0.180897312
H110C;-0.942352686
H110E;-1.050391483
H110D;-1.824052084
H110G;-0.224713885
H110F;-0.053775393
H110I;-1.990195929
H110K;0.012441677
H110M;-0.156592771
H110L;-0.418581883
H110N;-0.016681125
H110Q;-0.231536315
H110P;-2.301066404
H110S;-0.160450531
H110R;-0.059301023
H110T;-1.55125933
H110W;-0.560469723
H110V;-1.741210232
H110Y;0.104755124
L111A;-0.178922149
L111C;-0.230763117
L111E;-1.001409632
L111D;-1.705468068
L111G;-1.338578008
L111F;-0.056213048
L111I;0.051210423
L111H;-0.119595027
L111K;-0.445290177
L111M;-0.008178508
L111N;-1.793923508
L111Q;-0.08332181
L111P;-1.124830808
L111S;-0.255496117
L111R;-0.788257468
L111T;-0.055475814
L111W;-0.08093974
L111V;0.03501739
L111Y;-0.079256332
T112A;0.040527258
T112C;-0.224731163
T112E;0.028461722
T112D;0.001599065
T112G;0.068757914
T112F;0.049081384
T112I;0.084895434
T112H;0.012700159
T112K;0.061175424
T112M;0.008222842
T112L;0.012445887
T112N;0.049527478
T112Q;-0.051817832
T112P;-0.018968098
T112S;0.018286818
T112R;0.019411118
T112W;0.006492854
T112V;0.000436853
T112Y;0.054425557
D113A;-0.06605382
D113C;-0.304002288
D113E;-0.005727654
D113G;-0.060906319
D113F;-0.231182605
D113I;-0.101362692
D113H;-0.034760101
D113K;-0.042644241
D113M;-0.118088954
D113L;-0.187793488
D113N;-0.052588139
D113Q;-0.011883729
D113P;-0.731114151
D113S;-0.023461345
D113R;-0.084542119
D113T;0.022648909
D113W;-0.320755549
D113V;-0.086303752
D113Y;-0.103097588
G114A;-1.768156619
G114C;-1.693246199
G114E;-2.497687707
G114D;-1.988670582
G114F;-1.702591223
G114I;-2.694101807
G114H;-1.947167109
G114K;-1.495484954
G114M;-2.691067714
G114L;-2.134513104
G114N;-1.979103618
G114Q;-2.111681837
G114P;-2.048173868
G114S;-1.6983153
G114R;-2.508646797
G114T;-1.887151206
G114W;-1.979103619
G114V;-2.478018652
G114Y;-1.924038428
M115A;-1.660348986
M115C;-2.29634603
M115E;-2.747736235
M115D;-2.42317742
M115G;-3.110310358
M115F;-2.231619507
M115I;-0.684160294
M115H;-2.694574602
M115K;-1.942081163
M115L;-0.112630744
M115N;-2.30546101
M115Q;-1.057211717
M115P;-2.825104778
M115S;-2.116785912
M115R;-1.967259332
M115T;-1.986188766
M115W;-2.906943098
M115V;-1.68219455
M115Y;-2.522258013
T116A;-1.378888234
T116C;-1.569669022
T116E;-0.001675007
T116D;-0.767261411
T116G;-1.92948211
T116F;-2.045538289
T116I;-1.547883899
T116H;-2.348609979
T116K;-1.586312554
T116M;-1.060159582
T116L;-0.831106691
T116N;-0.573047728
T116Q;-0.500701472
T116P;-1.676214293
T116S;-0.073522367
T116R;-2.094839733
T116W;-2.491227844
T116V;-1.539845587
T116Y;-2.162579891
V117A;-1.947442241
V117C;-2.283712065
V117E;-2.565433678
V117D;-2.88154837
V117G;-2.630401382
V117F;-1.859549574
V117I;0.022859979
V117H;-2.170829267
V117K;-2.743585555
V117M;-0.048577408
V117L;-0.058099032
V117N;-2.185462835
V117Q;-2.298832998
V117P;-1.988141729
V117S;-2.625799367
V117R;-2.851083992
V117T;-1.370634622
V117W;-2.962481988
V117Y;-2.304200425
R118A;0.057780066
R118C;0.022429659
R118E;0.049050117
R118D;0.030534581
R118G;0.015036122
R118F;-0.006853186
R118I;-0.472002342
R118H;0.046338758
R118K;-0.042341403
R118M;-0.024256937
R118L;-0.023411341
R118N;0.040624438
R118Q;0.110618312
R118P;-1.724867907
R118S;0.090750713
R118T;0.015904985
R118W;0.068141592
R118V;-0.175151046
R118Y;0.022056821
E119A;-0.286135695
E119C;-2.128841353
E119D;0.050682024
E119G;-0.211259948
E119F;-2.810730425
E119I;-2.332929806
E119H;-0.909007435
E119K;-1.414133549
E119M;-1.63992501
E119L;-2.748624492
E119N;-0.608434947
E119Q;-0.055457407
E119P;-2.895133679
E119S;-0.364669541
E119R;-1.734968547
E119T;-1.904197339
E119W;-2.695865472
E119V;-2.23644673
E119Y;-2.12499127
L120A;-1.656683027
L120C;-1.956852199
L120E;-2.689091686
L120D;-2.635226081
L120G;-2.804557751
L120F;-1.885399507
L120I;-1.593683033
L120H;-2.436765693
L120K;-2.732714383
L120M;-0.31533879
L120N;-2.926474207
L120Q;-2.673516497
L120P;-2.779291773
L120S;-2.488623444
L120R;-2.676454953
L120T;-2.41338899
L120W;-2.643231062
L120V;-1.783373826
L120Y;-2.901109553
C121A;-1.367100962
C121E;-3.29997929
C121D;-2.63960149
C121G;-1.794543071
C121F;-2.977504548
C121I;-1.655882633
C121H;-2.933258216
C121K;-3.147311669
C121M;-1.306918993
C121L;-1.621818619
C121N;-2.918155585
C121Q;-2.763864018
C121P;-3.318329849
C121S;-2.140735839
C121R;-2.98414135
C121T;-2.611475847
C121W;-2.747270968
C121V;-2.614484462
C121Y;-2.941027778
S122A;-0.020963348
S122C;-0.640035726
S122E;0.036991756
S122D;0.050177167
S122G;0.025668662
S122F;-0.159042943
S122I;-0.154171419
S122H;0.011127575
S122K;-0.070357872
S122M;-0.229901572
S122L;-0.00930864
S122N;0.028354137
S122Q;0.031705228
S122P;-1.137558841
S122R;0.004943197
S122T;-0.048347505
S122W;-0.065610253
S122V;-0.010096556
S122Y;-0.017809199
A123C;-1.28428257
A123E;-2.480116703
A123D;-2.27741418
A123G;-1.557945569
A123F;-2.64344777
A123I;-1.679705983
A123H;-2.266565409
A123K;-2.514617711
A123M;-2.704317891
A123L;-2.310294405
A123N;-2.701399048
A123Q;-2.533981274
A123P;-2.277657644
A123S;-0.275678578
A123R;-2.959989393
A123T;-1.578150206
A123W;-2.604028737
A123V;-1.466993592
A123Y;-2.245268831
A124C;-0.919172293
A124E;-2.721775029
A124D;-2.468590365
A124G;-1.301310383
A124F;-2.926407205
A124I;-1.774834631
A124H;-3.064254649
A124K;-3.012923308
A124M;-1.847959866
A124L;-2.491934679
A124N;-2.741476684
A124Q;-2.832719239
A124P;-2.842762441
A124S;-0.166790065
A124R;-2.826507129
A124T;-0.065903937
A124W;-3.152292824
A124V;-1.107471463
A124Y;-2.822925611
I125A;-2.202247019
I125C;-0.968433878
I125E;-2.822332951
I125D;-2.81996692
I125G;-2.841845031
I125F;-2.759572193
I125H;-2.754127506
I125K;-3.266314437
I125M;-0.156435923
I125L;-0.138641855
I125N;-3.007071167
I125Q;-3.349302481
I125P;-3.005934819
I125S;-2.537780242
I125R;-3.247099866
I125T;-1.533516229
I125W;-3.393020637
I125V;-0.082027902
I125Y;-3.116589002
T126A;-0.120109387
T126C;-0.180494208
T126E;-0.021148683
T126D;-1.327968144
T126G;-0.090434344
T126F;-2.757769654
T126I;-0.628457424
T126H;-1.590108896
T126K;-1.358378399
T126M;-0.243990837
T126L;-0.861657724
T126N;-1.293054109
T126Q;-0.287981456
T126P;-2.750667125
T126S;-0.028377464
T126R;-1.419410018
T126W;-1.963531436
T126V;-0.382375273
T126Y;-2.701306344
M127A;-0.692690836
M127C;-0.486946733
M127E;-0.163903742
M127D;-0.936038974
M127G;-1.497130957
M127F;-0.309422693
M127I;-0.126323898
M127H;-0.7132525
M127K;-0.578754318
M127L;0.005314044
M127N;-0.767545404
M127Q;-0.108822238
M127P;-2.891893956
M127S;-0.556848646
M127R;-0.219904281
M127T;-0.084530918
M127W;-0.060863436
M127V;-0.026401494
M127Y;-0.200429175
S128A;-2.873953259
S128C;-2.662433669
S128E;-3.20795466
S128D;-2.807621802
S128G;-2.500924977
S128F;-2.881734555
S128I;-3.040445598
S128H;-3.245808571
S128K;-2.380653616
S128M;-2.754109612
S128L;-3.014886525
S128N;-2.858229487
S128Q;-2.952440127
S128P;-3.027514885
S128R;-3.158797018
S128T;-2.404437919
S128W;-2.804468501
S128V;-2.980611709
S128Y;-3.014799212
D129A;-2.712578003
D129C;-2.466085328
D129E;-2.504882756
D129G;-3.150348673
D129F;-2.827106995
D129I;-2.718844525
D129H;-2.914716598
D129K;-2.79710803
D129M;-2.515168971
D129L;-3.197355755
D129N;-2.770464705
D129Q;-2.920444197
D129P;-3.018767965
D129S;-3.129493959
D129R;-2.671514636
D129T;-2.844276943
D129W;-2.957157889
D129V;-2.793114109
D129Y;-2.818135896
N130A;-2.656971339
N130C;-1.746117861
N130E;-2.960183956
N130D;-1.95476231
N130G;-2.413504986
N130F;-2.968582287
N130I;-3.032615318
N130H;-3.198228322
N130K;-2.376040319
N130M;-2.926565916
N130L;-3.026300201
N130Q;-2.840569764
N130P;-3.224951491
N130S;-1.617914446
N130R;-3.191577633
N130T;-3.144842789
N130W;-3.060188993
N130V;-2.651170303
N130Y;-2.880417633
T131A;-0.057694497
T131C;-0.280105193
T131E;-2.26700351
T131D;-2.363424755
T131G;-0.0515058
T131F;-1.867364177
T131I;-2.899965958
T131H;-1.881907864
T131K;-2.769964672
T131M;-2.285306579
T131L;-1.456442477
T131N;-2.095417997
T131Q;-3.027916002
T131P;-2.281962266
T131S;-0.001675894
T131R;-2.156756897
T131W;-2.299041508
T131V;-1.578518336
T131Y;-1.847027324
A132C;-2.939642149
A132E;-2.062191363
A132D;-2.770201187
A132G;-1.824772543
A132F;-2.873267744
A132I;-2.806477679
A132H;-2.352646332
A132K;-2.822425493
A132M;-2.760355333
A132L;-3.316870495
A132N;-2.693649685
A132Q;-2.31524903
A132P;-2.31679992
A132S;-1.153553251
A132R;-3.12458746
A132T;-2.174470391
A132W;-2.862191169
A132V;-1.95815801
A132Y;-2.858818277
A133C;-1.849881352
A133E;-2.123472185
A133D;-1.559206196
A133G;-0.05375177
A133F;-2.774922353
A133I;-2.810495412
A133H;-2.631634991
A133K;-2.261259734
A133M;-2.570070001
A133L;-3.356869229
A133N;-2.531463113
A133Q;-2.948945787
A133P;-2.451581678
A133S;-0.157756724
A133R;-3.152806614
A133T;-0.124961472
A133W;-2.815941524
A133V;-2.07968605
A133Y;-3.001181548
N134A;-2.730906615
N134C;-3.421395372
N134E;-2.946909354
N134D;-2.099289227
N134G;-2.942513058
N134F;-3.187226502
N134I;-2.830199601
N134H;-2.534620405
N134K;-3.1263046
N134M;-2.975159889
N134L;-2.878500113
N134Q;-3.055870804
N134P;-3.4871755
N134S;-2.914040585
N134R;-3.074171492
N134T;-2.597705253
N134W;-3.258416571
N134V;-2.740153276
N134Y;-2.998510307
L135A;-1.73120652
L135C;-1.94117432
L135E;-1.681275963
L135D;-2.91674579
L135G;-2.374463158
L135F;-1.195243408
L135I;0.015083205
L135H;-1.802150135
L135K;-1.541480467
L135M;-0.163311658
L135N;-2.400954055
L135Q;-1.193573049
L135P;-2.853055352
L135S;-1.879872593
L135R;-1.891850718
L135T;-1.77295641
L135W;-2.662718331
L135V;-0.036550333
L135Y;-2.43111952
L136A;-1.717249236
L136C;-2.753682394
L136E;-3.025057795
L136D;-2.768838785
L136G;-3.003875111
L136F;-2.825669304
L136I;-0.174964849
L136H;-2.539765038
L136K;-2.532705071
L136M;-1.15861749
L136N;-3.07188862
L136Q;-2.618222752
L136P;-3.068219645
L136S;-2.769350458
L136R;-3.417355034
L136T;-2.49032899
L136W;-2.792516077
L136V;-0.906487138
L136Y;-3.181832892
L137A;-1.775437387
L137C;-1.808855586
L137E;-2.885000446
L137D;-3.145786752
L137G;-2.270538407
L137F;-0.950327725
L137I;-0.155949816
L137H;-2.716401962
L137K;-3.006079023
L137M;-0.14725794
L137N;-2.765156307
L137Q;-2.069203197
L137P;-2.743316825
L137S;-1.799622821
L137R;-2.957709252
L137T;-1.083467725
L137W;-2.888567291
L137V;-0.698817295
L137Y;-0.46206087
T138A;0.009399046
T138C;-0.34071976
T138E;0.009167938
T138D;-0.03346632
T138G;-0.000496644
T138F;-0.20625038
T138I;-0.022101148
T138H;-0.048618792
T138K;0.081894723
T138M;0.003602955
T138L;-0.04413855
T138N;-0.011422069
T138Q;-0.022462671
T138P;-1.637176164
T138S;-0.005663247
T138R;-0.014866236
T138W;-0.048985813
T138V;-0.070479439
T138Y;-0.063154918
T139A;-0.021554077
T139C;-0.169138366
T139E;0.053101457
T139D;-0.217867719
T139G;-0.117638352
T139F;-1.379021899
T139I;-0.035725821
T139H;-0.336643603
T139K;-1.134124571
T139M;-0.095383625
T139L;-0.040313798
T139N;-0.081692222
T139Q;-0.02812127
T139P;-2.120888247
T139S;0.024660069
T139R;-0.18923676
T139W;-1.634384635
T139V;-0.055610984
T139Y;-1.324513524
I140A;-1.498297601
I140C;-1.437943051
I140E;-2.106084455
I140D;-3.26519342
I140G;-1.734219462
I140F;-0.184413504
I140H;-2.596333523
I140K;-2.431673968
I140M;-0.036978728
I140L;0.024254683
I140N;-2.209628613
I140Q;-1.419250056
I140P;-2.74499476
I140S;-1.563681716
I140R;-2.684032739
I140T;-1.523189597
I140W;-1.753049544
I140V;0.015865042
I140Y;-0.643092522
G141A;-1.755335207
G141C;-1.746883758
G141E;-1.398896115
G141D;-1.723675786
G141F;-2.235048401
G141I;-2.337303037
G141H;-1.586028399
G141K;-1.367054306
G141M;-1.532986606
G141L;-1.747878303
G141N;-0.71373099
G141Q;-1.174642188
G141P;-2.550557496
G141S;-1.572262939
G141R;-1.58238244
G141T;-1.95731596
G141W;-2.472098057
G141V;-1.844794396
G141Y;-2.242010824
G142A;-1.667980374
G142C;-2.370468153
G142E;-2.143842851
G142D;-2.152682452
G142F;-2.427977434
G142I;-2.534184278
G142H;-1.944233898
G142K;-2.514586481
G142M;-2.631156092
G142L;-3.003561539
G142N;-1.272083085
G142Q;-2.542831659
G142P;-3.086825287
G142S;-1.686527285
G142R;-2.438075268
G142T;-1.601828004
G142W;-2.130593621
G142V;-2.534903025
G142Y;-2.786132369
P143A;-1.155561932
P143C;-1.774256601
P143E;-2.245986947
P143D;-2.988158154
P143G;-1.833277047
P143F;-2.387195776
P143I;-2.005215035
P143H;-0.652308892
P143K;-2.718579118
P143M;-2.50650652
P143L;-1.965140669
P143N;-1.942733992
P143Q;-1.269922254
P143S;-1.696646089
P143R;-2.376351269
P143T;-1.151452176
P143W;-3.021949433
P143V;-1.539005603
P143Y;-2.758068812
K144A;-0.072388927
K144C;-0.171929079
K144E;-0.022203867
K144D;-0.055729847
K144G;-0.020137482
K144F;-0.074061544
K144I;0.047126188
K144H;-0.009511754
K144M;-0.076435888
K144L;-0.083766349
K144N;-0.004878996
K144Q;-0.012246845
K144P;-0.127841549
K144S;-0.054032556
K144R;-0.081195363
K144T;-0.074526532
K144W;-0.261537109
K144V;-0.046394863
K144Y;-0.174016484
E145A;-0.027764073
E145C;-0.054622107
E145D;-0.053888558
E145G;-0.009259429
E145F;-0.010103721
E145I;-0.196790129
E145H;-0.071933538
E145K;-0.034367585
E145M;0.002160508
E145L;-0.185923179
E145N;-0.082234238
E145Q;-0.051717017
E145P;-0.365045508
E145S;-0.019853986
E145R;-0.086826265
E145T;-0.100024051
E145W;-0.182909331
E145V;-0.058114107
E145Y;-0.131728189
L146A;-1.532918971
L146C;-1.683595957
L146E;-2.67514971
L146D;-2.822895624
L146G;-2.258073028
L146F;-0.118583427
L146I;-0.366678145
L146H;-2.870012064
L146K;-2.628974197
L146M;-0.136688725
L146N;-2.571101493
L146Q;-1.880102708
L146P;-3.379138187
L146S;-2.745330081
L146R;-3.408390178
L146T;-2.590170917
L146W;-2.146566175
L146V;-0.156148555
L146Y;-2.179368697
T147A;-1.387123398
T147C;-0.308931309
T147E;-0.607522664
T147D;-0.909715515
T147G;-0.336406679
T147F;-2.976655135
T147I;-1.282457123
T147H;-1.292782142
T147K;-0.501617593
T147M;-0.314493285
T147L;-1.710683524
T147N;-0.119655975
T147Q;-0.223975582
T147P;-2.288112346
T147S;-0.098120435
T147R;-0.122255423
T147W;-2.021586879
T147V;-0.097500002
T147Y;-2.680316153
A148C;-0.154317563
A148E;0.024932066
A148D;-0.013729766
A148G;-0.016463353
A148F;-0.031785314
A148I;0.019962406
A148H;-0.002692202
A148K;0.03095493
A148M;0.033247698
A148L;0.047229992
A148N;-0.021430817
A148Q;-0.032812593
A148P;-1.381794876
A148S;-0.047102173
A148R;0.019409463
A148T;-0.040016796
A148W;-0.039664242
A148V;0.003099286
A148Y;-0.126288959
F149A;-0.582402575
F149C;-1.616961674
F149E;-1.318017717
F149D;-1.722814002
F149G;-1.767180068
F149I;-0.067300137
F149H;-0.565551312
F149K;-1.31821425
F149M;-0.010095765
F149L;-0.262966181
F149N;-1.70591085
F149Q;-1.090552187
F149P;-3.196857481
F149S;-1.357072082
F149R;-1.359686127
F149T;-0.633217506
F149W;0.106530647
F149V;-0.434599858
F149Y;0.016628017
L150A;-0.212270694
L150C;-0.476126661
L150E;-2.878848421
L150D;-2.440127655
L150G;-1.756685573
L150F;-0.14995674
L150I;-0.107601528
L150H;-2.50799963
L150K;-2.676445598
L150M;0.091401533
L150N;-2.256755267
L150Q;-1.552336112
L150P;-3.152874322
L150S;-1.733232711
L150R;-3.202388142
L150T;-0.568561937
L150W;-1.612677789
L150V;-0.092748906
L150Y;-0.668788279
H151A;0.03070164
H151C;-0.143451535
H151E;0.044633236
H151D;-0.029224302
H151G;0.029651278
H151F;-0.018411069
H151I;0.007014468
H151K;0.007145897
H151M;0.04515802
H151L;-0.024805365
H151N;0.079552158
H151Q;0.068242096
H151P;-2.286537924
H151S;0.010206805
H151R;0.02308135
H151T;0.016665056
H151W;-0.034528765
H151V;0.001629947
H151Y;0.007816278
N152A;-0.039471638
N152C;-0.154368375
N152E;-0.011654539
N152D;-0.030300908
N152G;-0.066780817
N152F;-0.108405949
N152I;-0.079239517
N152H;-0.024670175
N152K;-0.009286897
N152M;0.054737748
N152L;-0.023505812
N152Q;-0.018047744
N152P;-2.12322271
N152S;-0.015036709
N152R;0.021453871
N152T;-0.035577057
N152W;-0.079932065
N152V;-0.04207795
N152Y;-0.111851337
M153A;-0.068678108
M153C;-0.064515597
M153E;-1.375037549
M153D;-3.100132561
M153G;-0.718774831
M153F;-0.201098063
M153I;-0.023306261
M153H;-0.558468368
M153K;-1.354327293
M153L;-0.047138285
M153N;-0.261438533
M153Q;-0.266883514
M153P;-2.742925642
M153S;-0.113013127
M153R;-1.312866025
M153T;-0.079235997
M153W;-0.063727216
M153V;-0.099218971
M153Y;-1.035927336
G154A;-1.237814556
G154C;-1.748269181
G154E;-0.123728146
G154D;-0.095326544
G154F;-2.091244835
G154I;-2.6520505
G154H;-0.947665442
G154K;-1.210318364
G154M;-2.123271348
G154L;-1.828806882
G154N;-0.235432728
G154Q;-0.544538125
G154P;-2.117260163
G154S;-0.952716773
G154R;-1.558836255
G154T;-1.714924849
G154W;-2.49126502
G154V;-1.669103351
G154Y;-2.325040513
D155A;-2.933485535
D155C;-3.234446418
D155E;-1.954996729
D155G;-2.942122497
D155F;-2.888915262
D155I;-2.772950829
D155H;-2.752012589
D155K;-3.063463586
D155M;-2.863143693
D155L;-3.537996133
D155N;-2.020904202
D155Q;-3.309732767
D155P;-2.876538378
D155S;-3.095545636
D155R;-3.133164207
D155T;-3.098885595
D155W;-3.378654397
D155V;-2.95260037
D155Y;-2.717875648
H156A;-0.069156908
H156C;-0.105137007
H156E;-0.060026062
H156D;-0.030105332
H156G;-0.087994099
H156F;0.009488401
H156I;-0.155017382
H156K;-0.023280442
H156M;0.013323853
H156L;-0.057332813
H156N;0.000899269
H156Q;-0.03615346
H156P;-0.099892424
H156S;-0.044113082
H156R;-0.050996883
H156T;-0.026805845
H156W;-0.042865849
H156V;-0.079730457
H156Y;-0.002911655
V157A;-0.049961013
V157C;-0.134334239
V157E;-0.058903587
V157D;-0.082892483
V157G;-0.292355779
V157F;-0.033174397
V157I;-0.016144166
V157H;-0.028670375
V157K;-0.06893156
V157M;-0.110101585
V157L;-0.159833685
V157N;-0.148758043
V157Q;-0.034791114
V157P;-2.508478619
V157S;-0.068319607
V157R;-0.100719758
V157T;-0.050944736
V157W;-0.063348543
V157Y;0.0042194
T158A;-1.75776431
T158C;-2.074436607
T158E;-2.826795965
T158D;-2.857708937
T158G;-2.322613955
T158F;-1.662542725
T158I;-2.619117745
T158H;-3.153699718
T158K;-2.657154096
T158M;-2.833436831
T158L;-2.71824293
T158N;-2.847588712
T158Q;-2.561556551
T158P;-2.693836426
T158S;-0.018715579
T158R;-2.829050984
T158W;-2.855389113
T158V;-2.060039083
T158Y;-2.632397259
R159A;-1.81998913
R159C;-1.598124144
R159E;-1.826000916
R159D;-2.750766539
R159G;-2.092619471
R159F;-1.18597189
R159I;-1.415053588
R159H;-0.024222481
R159K;-0.213063427
R159M;-1.835369183
R159L;-1.899057722
R159N;-1.158634112
R159Q;-0.117895174
R159P;-2.195801354
R159S;-0.476218612
R159T;-0.293486986
R159W;-1.56451437
R159V;-1.502183898
R159Y;-1.576523906
L160A;-0.20360832
L160C;-0.091992954
L160E;-2.544298692
L160D;-2.836727602
L160G;-2.25622662
L160F;-0.571760779
L160I;-0.040497089
L160H;-1.822190357
L160K;-2.626606882
L160M;-0.163127337
L160N;-1.906073604
L160Q;-1.925638658
L160P;-1.980249427
L160S;-0.219697753
L160R;-3.392857024
L160T;-0.27647592
L160W;-3.154767154
L160V;-0.052868258
L160Y;-2.876429349
D161A;-1.724239067
D161C;-1.714345305
D161E;-0.941199774
D161G;-3.112543508
D161F;-2.746142514
D161I;-2.754888477
D161H;-1.928225329
D161K;-2.460173728
D161M;-1.926115503
D161L;-3.35120605
D161N;-0.621962917
D161Q;-1.870180211
D161P;-3.45690128
D161S;-1.313168235
D161R;-2.503933896
D161T;-1.585055309
D161W;-2.7815416
D161V;-1.579928924
D161Y;-2.4218407
R162A;-2.052036726
R162C;-1.942558976
R162E;-2.229220485
R162D;-1.797269994
R162G;-1.460298623
R162F;-2.76348965
R162I;-2.775293039
R162H;-0.454364178
R162K;-1.553189419
R162M;-2.409700729
R162L;-2.600935808
R162N;-0.318084574
R162Q;-0.955581138
R162P;-2.432689628
R162S;-0.460633359
R162T;-1.077646983
R162W;-3.042912059
R162V;-3.188958023
R162Y;-2.86213516
W163A;-0.356231928
W163C;-0.266007873
W163E;-0.325154719
W163D;-0.658121798
W163G;-0.720388025
W163F;-0.2044242
W163I;-0.058474829
W163H;-0.3439385
W163K;-0.280734493
W163M;-0.069283073
W163L;-0.240498541
W163N;-0.209431811
W163Q;-0.355667128
W163P;-0.605318946
W163S;-0.340141466
W163R;-0.275885436
W163T;-0.192326549
W163V;-0.158162042
W163Y;-0.110791918
E164A;-3.221815216
E164C;-3.04428599
E164D;-2.074786308
E164G;-3.05785632
E164F;-2.825797328
E164I;-2.868440257
E164H;-3.233787056
E164K;-2.893938093
E164M;-2.872379578
E164L;-3.357557094
E164N;-2.321734186
E164Q;-2.937308496
E164P;-3.133019478
E164S;-3.018665674
E164R;-3.21360509
E164T;-2.932763667
E164W;-3.386125481
E164V;-2.972760077
E164Y;-2.888697228
P165A;-1.173297695
P165C;-1.21695688
P165E;-1.695484262
P165D;-1.556104221
P165G;-1.984731056
P165F;-2.257957
P165I;-0.527164155
P165H;-1.577464349
P165K;-1.478979037
P165M;-1.40629147
P165L;-0.353187675
P165N;-0.771029889
P165Q;-1.401130168
P165S;-1.27638993
P165R;-1.540979088
P165T;-0.07192525
P165W;-2.673980819
P165V;-0.337033628
P165Y;-2.125045058
E166A;-0.011919645
E166C;-0.058989229
E166D;0.005592246
E166G;-0.060012719
E166F;-0.047233269
E166I;-0.122481057
E166H;0.058182299
E166K;-0.058571476
E166M;0.003712481
E166L;-0.040056983
E166N;-0.069317183
E166Q;-0.021115558
E166P;-1.836023503
E166S;-0.030948467
E166R;-0.072704092
E166T;-0.043164957
E166W;-0.022417454
E166V;-0.109649546
E166Y;0.067210162
L167A;-0.999179737
L167C;-0.017578104
L167E;-2.415411747
L167D;-3.000815722
L167G;-2.585553084
L167F;-2.141151773
L167I;-0.034959373
L167H;-2.551329907
L167K;-3.034945182
L167M;-0.095031072
L167N;-2.83505775
L167Q;-2.735504062
L167P;-2.538317974
L167S;-2.662568311
L167R;-2.840588155
L167T;-0.880212184
L167W;-2.693164746
L167V;-0.015985525
L167Y;-2.891833455
N168A;-1.359565393
N168C;-1.797003822
N168E;-2.469443095
N168D;-2.229169043
N168G;-0.188527075
N168F;-3.154169562
N168I;-3.003262056
N168H;-2.696715137
N168K;-2.398846159
N168M;-3.19008805
N168L;-3.202224799
N168Q;-1.962057184
N168P;-2.963152876
N168S;-0.958670944
N168R;-2.367051715
N168T;-1.293284521
N168W;-2.558682303
N168V;-2.083815125
N168Y;-2.451047804
E169A;0.011510119
E169C;-0.23286086
E169D;-0.048479077
E169G;-0.020031158
E169F;-0.224830355
E169I;-0.251659858
E169H;-0.09894873
E169K;-0.030407853
E169M;0.021681986
E169L;-0.084152105
E169N;-0.075607926
E169Q;-0.038255578
E169P;-2.145505745
E169S;-0.016386099
E169R;-0.041936411
E169T;-0.028245622
E169W;-0.125559554
E169V;-0.136233655
E169Y;-0.222237047
A170C;-0.095774798
A170E;-1.638338553
A170D;-1.236433786
A170G;-0.062819829
A170F;-0.379657619
A170I;-0.499302942
A170H;-0.422100168
A170K;-2.138205066
A170M;-0.651438708
A170L;-1.003401435
A170N;-0.31425025
A170Q;-1.585160314
A170P;-0.502327118
A170S;-0.010849722
A170R;-0.900379702
A170T;-0.720405674
A170W;-0.213755331
A170V;-0.22716539
A170Y;-0.152466172
I171A;0.019637073
I171C;-0.033828286
I171E;0.01487968
I171D;-0.095848309
I171G;-0.010270764
I171F;0.072452323
I171H;-0.076070341
I171K;-0.029810137
I171M;-0.084325252
I171L;0.009850653
I171N;-0.006277549
I171Q;-0.016285197
I171P;-0.622117062
I171S;0.007955541
I171R;0.007069098
I171T;-0.012082141
I171W;0.011755136
I171V;-0.011763924
I171Y;0.049878287
P172A;-0.054554334
P172C;-0.232375688
P172E;0.013131383
P172D;-0.162923428
P172G;-0.2926104
P172F;-0.209981855
P172I;-0.179605393
P172H;-0.099280105
P172K;-0.150293483
P172M;-0.063852169
P172L;-0.088987201
P172N;-0.170574423
P172Q;-0.064381216
P172S;-0.142501876
P172R;-0.194723749
P172T;-0.091111296
P172W;-0.276195727
P172V;-0.097459969
P172Y;-0.199544409
N173A;0.013932702
N173C;-0.014365243
N173E;-0.008709017
N173D;-0.029921061
N173G;-0.001621661
N173F;-0.024432157
N173I;-0.314117936
N173H;0.002965655
N173K;-0.014792412
N173M;-0.054697623
N173L;-0.030604266
N173Q;0.023715874
N173P;-1.716187143
N173S;-0.000747788
N173R;-0.050087137
N173T;-0.027061775
N173W;-0.004127451
N173V;-0.255777471
N173Y;0.017112284
D174A;-2.121400628
D174C;-1.457901578
D174E;-0.712773759
D174G;-1.960745279
D174F;-2.899982662
D174I;-2.551690557
D174H;-2.623160767
D174K;-2.962412655
D174M;-2.842131669
D174L;-2.590402136
D174N;-2.324862848
D174Q;-2.490967543
D174P;-3.314416907
D174S;-1.527444944
D174R;-3.00426622
D174T;-2.456080174
D174W;-3.101784767
D174V;-2.717493608
D174Y;-2.725558231
E175A;-0.050278436
E175C;-0.115690451
E175D;-0.100610422
E175G;-0.280954368
E175F;-0.140403233
E175I;-0.070853735
E175H;-0.070252314
E175K;-0.094820258
E175M;-0.065348191
E175L;-0.077029978
E175N;-0.118612428
E175Q;-0.076423817
E175P;-0.04213872
E175S;-0.08198592
E175R;-0.167412478
E175T;-0.106713349
E175W;-0.094118681
E175V;-0.076902895
E175Y;-0.109305066
R176A;-0.855971986
R176C;-0.592263614
R176E;-1.282004161
R176D;-1.773480238
R176G;-1.789170972
R176F;-1.1687866
R176I;-2.562807203
R176H;-0.693165748
R176K;-0.250014334
R176M;-0.688151548
R176L;-0.760679487
R176N;-0.755379623
R176Q;-0.097072605
R176P;-2.901193523
R176S;-0.660139414
R176T;-2.210755806
R176W;-1.425390569
R176V;-2.112091666
R176Y;-1.119486404
D177A;-2.777766007
D177C;-3.206833111
D177E;-2.887131973
D177G;-3.096966536
D177F;-2.845422823
D177I;-2.978487084
D177H;-3.226945425
D177K;-2.962464211
D177M;-2.748824394
D177L;-3.036515649
D177N;-3.039174838
D177Q;-2.999547418
D177P;-2.955764358
D177S;-3.044305848
D177R;-3.254302042
D177T;-3.24570132
D177W;-3.193444419
D177V;-3.264237045
D177Y;-2.381120951
T178A;-2.022396221
T178C;-1.675433092
T178E;-2.343746274
T178D;-2.863717584
T178G;-2.549241462
T178F;-2.86912198
T178I;-2.042598116
T178H;-2.450143199
T178K;-2.986548055
T178M;-2.831918119
T178L;-2.776831022
T178N;-2.261183374
T178Q;-2.094211605
T178P;-2.863903087
T178S;-0.131550732
T178R;-3.014521567
T178W;-3.213571609
T178V;-2.349552164
T178Y;-2.946532519
T179A;-1.6994956
T179C;-2.572330785
T179E;-3.131540263
T179D;-2.704465567
T179G;-2.870286433
T179F;-2.330080687
T179I;-1.472474702
T179H;-2.505587335
T179K;-2.108367291
T179M;-1.436712697
T179L;-2.752004814
T179N;-2.320141315
T179Q;-2.717685824
T179P;-1.894521109
T179S;-0.230557033
T179R;-2.425682559
T179W;-2.981145452
T179V;-2.521490628
T179Y;-2.36236514
M180A;-0.127120803
M180C;-0.117845373
M180E;-0.043949874
M180D;-0.39934093
M180G;-0.192624745
M180F;-0.296461378
M180I;-0.224523194
M180H;-0.061344188
M180K;-0.125447739
M180L;-0.369663227
M180N;-0.097824551
M180Q;0.012836888
M180P;-1.07766428
M180S;-0.033144855
M180R;-0.145705402
M180T;0.02379943
M180W;-0.152728798
M180V;-0.080730722
M180Y;-0.195293479
P181A;-1.419223265
P181C;-1.356029739
P181E;-2.374074613
P181D;-3.181340254
P181G;-2.424367976
P181F;-3.177511691
P181I;-2.435086889
P181H;-3.034564588
P181K;-3.084530684
P181M;-2.428427535
P181L;-2.624131341
P181N;-2.972155468
P181Q;-2.940623847
P181S;-2.254049517
P181R;-3.55518077
P181T;-2.108980881
P181W;-2.912637008
P181V;-1.122286199
P181Y;-3.051126408
A182C;-0.004182229
A182E;-0.009028852
A182D;-0.42100508
A182G;0.037299283
A182F;0.01557299
A182I;-0.029102077
A182H;0.046813931
A182K;0.071641012
A182M;0.02676237
A182L;0.023923761
A182N;-0.025473966
A182Q;0.008577633
A182P;-1.656836061
A182S;-0.006001543
A182R;0.020417383
A182T;-0.023171976
A182W;0.024065487
A182V;0.022611642
A182Y;0.039926568
A183C;-0.496674031
A183E;-0.111302744
A183D;-1.46783653
A183G;-1.016716013
A183F;-0.294205693
A183I;-0.133558866
A183H;-0.054851679
A183K;-0.204094409
A183M;-0.051695839
A183L;-1.540338492
A183N;-0.045816636
A183Q;0.0216764
A183P;-1.311531959
A183S;0.021753514
A183R;-0.231135679
A183T;-0.049025113
A183W;-0.652367159
A183V;0.016607528
A183Y;-0.110270561
M184A;-1.621073773
M184C;-1.715535123
M184E;-3.163032745
M184D;-3.260115432
M184G;-2.794416557
M184F;-0.249223794
M184I;-0.030925581
M184H;-2.983621742
M184K;-3.088453138
M184L;-1.189826062
M184N;-2.641933471
M184Q;-2.403221462
M184P;-3.030596748
M184S;-2.663571844
M184R;-3.190159524
M184T;-2.579511712
M184W;-2.987315471
M184V;-0.284368235
M184Y;-0.496208612
A185C;-1.555559949
A185E;-2.788667675
A185D;-2.268067522
A185G;-0.050523955
A185F;-2.844278657
A185I;-2.614938872
A185H;-3.069942666
A185K;-3.172889151
A185M;-2.928513973
A185L;-3.00665791
A185N;-2.973630882
A185Q;-2.960545912
A185P;-3.129075266
A185S;-0.573427357
A185R;-2.414795069
A185T;-2.386208396
A185W;-2.866635331
A185V;-1.607457871
A185Y;-3.131419231
T186A;0.049039139
T186C;0.066228188
T186E;0.062168248
T186D;0.127180098
T186G;0.057716959
T186F;0.038390944
T186I;0.064125918
T186H;0.078777168
T186K;0.063526439
T186M;0.079871209
T186L;0.04893101
T186N;0.079541488
T186Q;0.070922127
T186P;-0.979858789
T186S;0.026542246
T186R;0.069973766
T186W;0.043396619
T186V;0.055647606
T186Y;0.077859825
T187A;-0.499151566
T187C;-0.854236268
T187E;-2.552683678
T187D;-0.08524659
T187G;-0.691341429
T187F;-1.822937331
T187I;-0.578642539
T187H;-2.217539756
T187K;-1.628477245
T187M;-0.569884531
T187L;-0.484891115
T187N;-0.067171304
T187Q;-1.690890002
T187P;-2.552642805
T187S;-0.072998047
T187R;-1.94747267
T187W;-2.333350456
T187V;-0.670291875
T187Y;-2.430647819
L188A;-1.20747049
L188C;-1.090092962
L188E;-3.037699413
L188D;-2.713809337
L188G;-2.153407982
L188F;-0.129732593
L188I;0.057770815
L188H;-2.357136858
L188K;-2.552699689
L188M;0.013036622
L188N;-2.220947187
L188Q;-2.796089769
L188P;-2.85520948
L188S;-1.805171884
L188R;-2.954465915
L188T;-0.298301891
L188W;-1.912952574
L188V;-0.081581387
L188Y;-1.120273917
R189A;-0.017229056
R189C;-0.003296714
R189E;-0.303910933
R189D;-1.147991783
R189G;-0.047906629
R189F;0.034164252
R189I;-1.078739255
R189H;0.028994949
R189K;0.043095827
R189M;0.023547909
R189L;-0.020162666
R189N;-0.151627343
R189Q;-0.002750312
R189P;-2.171437555
R189S;-0.039930577
R189T;-0.145861113
R189W;0.037155394
R189V;-0.162167656
R189Y;-0.009767181
K190A;0.131802291
K190C;0.090686242
K190E;0.154985174
K190D;0.100962865
K190G;0.077161286
K190F;-0.217008299
K190I;0.108124379
K190H;0.113907221
K190M;0.06426857
K190L;0.09924628
K190N;0.116235187
K190Q;0.17701405
K190P;-2.16444907
K190S;0.101368661
K190R;0.134726194
K190T;0.142137028
K190W;-0.205482836
K190V;0.094288889
K190Y;0.110729703
L191A;-1.740208362
L191C;-1.540306586
L191E;-3.091910494
L191D;-2.706935997
L191G;-2.8190959
L191F;-0.063981014
L191I;-0.075122951
L191H;-2.35386511
L191K;-2.566725383
L191M;0.010860929
L191N;-2.564733321
L191Q;-2.104050617
L191P;-2.918265711
L191S;-2.314900941
L191R;-2.845487107
L191T;-1.584024862
L191W;-1.752099142
L191V;-0.313009326
L191Y;-1.555942535
L192A;-1.556554077
L192C;-1.063779785
L192E;-2.829024756
L192D;-2.832883323
L192G;-2.784570413
L192F;-0.042845814
L192I;-0.063610451
L192H;-1.791421007
L192K;-2.784299155
L192M;-0.01111662
L192N;-2.853349806
L192Q;-1.901721304
L192P;-2.830189854
L192S;-2.098896634
L192R;-3.061556477
L192T;-0.833308562
L192W;-0.944648318
L192V;-0.100550592
L192Y;-0.947878926
T193A;-0.014179751
T193C;-0.007992231
T193E;-0.209827896
T193D;-0.07094539
T193G;-0.038139974
T193F;-0.019831781
T193I;0.000771803
T193H;0.024926095
T193K;0.098222012
T193M;0.031074253
T193L;-0.064364734
T193N;-0.070475732
T193Q;-0.027736966
T193P;-2.585087471
T193S;-0.042009722
T193R;0.040937953
T193W;-0.030497122
T193V;-0.000500627
T193Y;-0.049908681
G194A;-0.033181736
G194C;-0.14188896
G194E;-0.00654365
G194D;0.011114738
G194F;-0.689851161
G194I;-1.678925897
G194H;-0.086449922
G194K;-0.08905312
G194M;-0.109029557
G194L;-0.735460234
G194N;-0.099271407
G194Q;-0.031244144
G194P;-0.198504302
G194S;-0.004549414
G194R;-0.30361416
G194T;0.015216881
G194W;-1.17832734
G194V;-1.411238447
G194Y;-0.707677085
E195A;-0.107819608
E195C;-0.253589731
E195D;0.014874203
E195G;-0.014822188
E195F;-1.257844668
E195I;-0.923341277
E195H;0.041473636
E195K;-0.015181175
E195M;-0.869914941
E195L;-1.055149919
E195N;-0.076250219
E195Q;-0.013494444
E195P;0.007968436
E195S;0.001405108
E195R;0.002125497
E195T;0.004035174
E195W;-0.974195725
E195V;-0.774844864
E195Y;-0.562971902
L196A;-0.014103408
L196C;0.029851428
L196E;-0.008205434
L196D;-0.00834174
L196G;-0.005089222
L196F;0.026951397
L196I;-0.000868318
L196H;0.032170135
L196K;-0.023462475
L196M;-0.005650777
L196N;-0.017572607
L196Q;0.020486085
L196P;-0.0196861
L196S;-0.009026136
L196R;0.027352755
L196T;0.005459075
L196W;-0.004021524
L196V;0.02295313
L196Y;-0.01937016
L197A;-1.697822123
L197C;-2.045410784
L197E;-2.296573983
L197D;-2.265152026
L197G;-2.046874712
L197F;-1.641900013
L197I;-0.537680195
L197H;-1.660891852
L197K;-1.710046227
L197M;-0.51859851
L197N;-2.089523293
L197Q;-1.88757772
L197P;-1.975856504
L197S;-1.729367627
L197R;-1.824107048
L197T;-1.970737178
L197W;-2.253095968
L197V;-1.583193307
L197Y;-1.821305888
T198A;-0.05716975
T198C;-0.095859568
T198E;-0.0266382
T198D;-0.222104265
T198G;-0.073106841
T198F;-1.565430762
T198I;-1.705973767
T198H;-0.10664656
T198K;-0.066967809
T198M;-0.368987389
T198L;-0.607306196
T198N;-0.088840844
T198Q;-0.087078312
T198P;-1.642965451
T198S;0.034374676
T198R;-0.130710025
T198W;-1.982114442
T198V;-1.215136884
T198Y;-1.536340093
L199A;0.015100529
L199C;0.012399982
L199E;-0.004804214
L199D;-0.058771055
L199G;-0.004201456
L199F;0.063373193
L199I;0.062772634
L199H;-0.004857554
L199K;0.048501146
L199M;0.041551904
L199N;-0.104307023
L199Q;-0.02665737
L199P;-0.013699019
L199S;0.004816356
L199R;-0.020615909
L199T;0.004982806
L199W;-0.034159285
L199V;-0.018299501
L199Y;-0.046826307
A200C;-0.053922218
A200E;-0.011045614
A200D;-0.046943255
A200G;0.01257536
A200F;-0.236304149
A200I;-0.106340364
A200H;-0.037725566
A200K;0.018088694
A200M;-0.146867379
A200L;-0.124382733
A200N;0.02956398
A200Q;-0.005148779
A200P;-0.031745666
A200S;-0.014845208
A200R;0.021184161
A200T;-0.004445483
A200W;-1.124258477
A200V;-0.017479696
A200Y;-0.116248878
S201A;-0.031490122
S201C;-0.840956088
S201E;-2.764541722
S201D;-2.588748537
S201G;-0.066645769
S201F;-1.874663113
S201I;-2.544155728
S201H;-0.334359694
S201K;-1.509409538
S201M;-0.147038285
S201L;-1.396292631
S201N;-0.239890997
S201Q;-1.569776964
S201P;-2.184156114
S201R;-1.398191684
S201T;-0.745591461
S201W;-2.368502358
S201V;-1.946646683
S201Y;-1.529393499
R202A;-0.089946034
R202C;-0.408126146
R202E;-0.795980403
R202D;-2.503355296
R202G;-0.6735225
R202F;-2.154417167
R202I;-1.284960855
R202H;-1.331543416
R202K;-0.042276035
R202M;-0.858495436
R202L;-1.542524433
R202N;-1.125712004
R202Q;0.057127195
R202P;-2.418157231
R202S;-0.014030269
R202T;0.00892554
R202W;-1.819953653
R202V;-0.350332115
R202Y;-1.688556108
Q203A;-0.133863722
Q203C;-0.363158022
Q203E;-0.111883842
Q203D;-0.137649048
Q203G;-0.131112702
Q203F;-0.636254504
Q203I;-0.143453602
Q203H;-0.104448934
Q203K;-0.062261928
Q203M;-0.063881637
Q203L;-0.16289009
Q203N;-0.171366942
Q203P;-3.002803861
Q203S;-0.125549632
Q203R;-0.093200959
Q203T;-0.08307937
Q203W;-0.56026314
Q203V;-0.13953731
Q203Y;-0.32455408
Q204A;-0.102016433
Q204C;-0.043050656
Q204E;-0.049271281
Q204D;-0.441077459
Q204G;-1.786870088
Q204F;-0.770665464
Q204I;0.012872343
Q204H;-0.08535206
Q204K;-0.271795292
Q204M;-0.027101503
Q204L;0.004851927
Q204N;-0.08281981
Q204P;-2.3246163
Q204S;-0.186846148
Q204R;-0.115500466
Q204T;-0.056559811
Q204W;-1.247783737
Q204V;-0.041599533
Q204Y;-0.310308743
L205A;-2.461863376
L205C;-2.875775708
L205E;-2.785510896
L205D;-2.726957571
L205G;-2.949099702
L205F;-1.871064387
L205I;-0.249558421
L205H;-2.728694618
L205K;-2.59346846
L205M;-0.083827633
L205N;-2.764074272
L205Q;-2.736755349
L205P;-2.968101119
L205S;-3.040917185
L205R;-3.216264069
L205T;-2.364069586
L205W;-2.016528177
L205V;-1.66022784
L205Y;-2.834558335
I206A;-0.095585022
I206C;-0.120373889
I206E;-0.468149603
I206D;-2.292964037
I206G;-0.507712402
I206F;-0.115699014
I206H;-0.490274334
I206K;-0.166908908
I206M;-0.031823082
I206L;-0.062484206
I206N;-0.545276258
I206Q;-0.043686221
I206P;-2.793581331
I206S;-0.109283774
I206R;-0.096092213
I206T;-0.092170431
I206W;-0.059908443
I206V;-0.052187525
I206Y;-0.100407788
D207A;-0.024022197
D207C;-0.08019127
D207E;0.004128037
D207G;-0.016034947
D207F;-0.184123466
D207I;-0.183733321
D207H;-0.02671686
D207K;-0.068487126
D207M;-0.025048737
D207L;-0.064457659
D207N;-0.010855562
D207Q;-0.072254373
D207P;-2.74751331
D207S;0.010865087
D207R;-0.013780093
D207T;-0.051384057
D207W;-0.103181347
D207V;-0.1555887
D207Y;-0.089946259
W208A;-1.916460922
W208C;-2.212615247
W208E;-2.293189931
W208D;-1.792940808
W208G;-2.512143778
W208F;-0.969442853
W208I;-2.544678199
W208H;-2.123041474
W208K;-2.266433854
W208M;-0.953390179
W208L;-1.401179782
W208N;-2.496360039
W208Q;-2.720273122
W208P;-3.079917716
W208S;-2.154436131
W208R;-2.827959969
W208T;-2.420402242
W208V;-2.66192783
W208Y;-1.429065287
M209A;-2.03056525
M209C;-1.152460299
M209E;-2.921396059
M209D;-3.002742861
M209G;-2.678930153
M209F;-2.914586017
M209I;-2.834504952
M209H;-2.875308652
M209K;-2.939565689
M209L;-0.620492384
M209N;-2.781298845
M209Q;-2.48502129
M209P;-2.830617872
M209S;-2.819777634
M209R;-3.260522815
M209T;-3.405201876
M209W;-2.349063279
M209V;-2.529281553
M209Y;-2.924973973
E210A;-0.372386731
E210C;0.150784067
E210D;-0.158082654
E210G;-0.326654622
E210F;0.145238067
E210I;0.348570843
E210H;0.153639001
E210K;0.232897995
E210M;0.194174986
E210L;-0.156003987
E210N;0.082515748
E210Q;0.054612238
E210P;-1.742334732
E210S;-0.423217187
E210R;0.07051385
E210T;-0.342551855
E210W;0.10454532
E210V;-0.1782236
E210Y;0.355790663
A211C;-0.286941361
A211E;-0.003246366
A211D;0.149351808
A211G;0.047543237
A211F;-0.547828864
A211I;-0.664675484
A211H;0.106391861
A211K;0.00473626
A211M;0.299713579
A211L;0.08435156
A211N;0.007469645
A211Q;0.085666892
A211P;-1.621459471
A211S;-0.057107732
A211R;0.028937467
A211T;-0.316316504
A211W;-0.810289894
A211V;-0.649735281
A211Y;-0.353034012
D212A;-1.450938143
D212C;-2.102952115
D212E;-1.56686785
D212G;-1.068630148
D212F;-1.875844696
D212I;-1.565837543
D212H;-1.683158038
D212K;-1.616297616
D212M;-1.668718507
D212L;-2.467021641
D212N;-0.990291815
D212Q;-1.083375828
D212P;-1.765575956
D212S;-1.350442793
D212R;-2.395898308
D212T;-1.432884767
D212W;-1.970395552
D212V;-1.849024683
D212Y;-1.978093856
K213A;-0.15013473
K213C;-0.407447461
K213E;-0.926966111
K213D;-1.568932922
K213G;-0.72143042
K213F;-0.338193495
K213I;-0.181811979
K213H;-0.247090884
K213M;-0.081841882
K213L;-0.065453657
K213N;-0.186996305
K213Q;-0.025008602
K213P;-1.688237659
K213S;-0.210462363
K213R;-0.106634552
K213T;-0.342567648
K213W;-0.888566052
K213V;-0.120524299
K213Y;-0.370230613
V214A;-0.908327702
V214C;-1.214542094
V214E;-2.109988078
V214D;-2.437506033
V214G;-1.505191289
V214F;-1.659114328
V214I;-0.826021427
V214H;-1.462711156
V214K;-1.159835975
V214M;-0.464651373
V214L;-0.878103451
V214N;-1.332146477
V214Q;-1.324416663
V214P;-1.822061876
V214S;-0.858990682
V214R;-1.47282212
V214T;-0.246635617
V214W;-1.630367752
V214Y;-1.394818299
A215C;-1.562565691
A215E;-1.277329484
A215D;-2.091308436
A215G;-0.42454654
A215F;-1.90507016
A215I;-1.728916565
A215H;-1.550710905
A215K;-1.870409311
A215M;-1.50909235
A215L;-2.504267698
A215N;-1.684866444
A215Q;-2.01652056
A215P;-1.5563334
A215S;-0.430107826
A215R;-1.642443334
A215T;-1.243536899
A215W;-1.844041984
A215V;-1.789833857
A215Y;-2.06100181
G216A;-0.310987193
G216C;-1.719736905
G216E;-1.070069416
G216D;-1.101515398
G216F;-1.497825789
G216I;-1.730204233
G216H;-0.843535431
G216K;-0.637357076
G216M;-0.525735054
G216L;-0.765563344
G216N;-0.171467298
G216Q;-0.160168266
G216P;-1.499187483
G216S;-0.702568873
G216R;-0.917942436
G216T;-0.657379514
G216W;-0.921568061
G216V;-1.553889303
G216Y;-1.219190914
P217A;-0.049668195
P217C;-0.943436839
P217E;-0.294224134
P217D;-0.149352214
P217G;-0.494440349
P217F;-1.509183144
P217I;-1.350092088
P217H;-0.221030842
P217K;-0.007076838
P217M;-0.156304504
P217L;-0.541115992
P217N;-0.131099892
P217Q;-0.143022174
P217S;-0.300363106
P217R;-0.512200053
P217T;-0.193910919
P217W;-1.924774941
P217V;-0.281510655
P217Y;-1.044703536
L218A;-2.157489669
L218C;-1.887985664
L218E;-2.809141168
L218D;-1.649850489
L218G;-2.040364951
L218F;-2.233060674
L218I;-1.350570111
L218H;-2.623540895
L218K;-2.560616507
L218M;-0.362441867
L218N;-2.612333267
L218Q;-2.130320525
L218P;-2.095105062
L218S;-3.079750314
L218R;-2.751810874
L218T;-2.242838135
L218W;-2.414557624
L218V;-2.045548314
L218Y;-2.606993534
L219A;-1.965542709
L219C;-2.727414578
L219E;-2.438363166
L219D;-2.447858334
L219G;-2.710439912
L219F;-0.542806621
L219I;-0.341983998
L219H;-2.192562432
L219K;-2.040645811
L219M;-0.595117345
L219N;-2.58579938
L219Q;-2.141130018
L219P;-1.848450853
L219S;-2.416982134
L219R;-2.207771293
L219T;-2.383980324
L219W;-2.493348556
L219V;-0.227873442
L219Y;-2.240510973
R220A;-2.198580773
R220C;-1.843028038
R220E;-2.427769743
R220D;-2.689181867
R220G;-1.927532395
R220F;-2.505385354
R220I;-2.353178169
R220H;-1.476075347
R220K;-1.795858879
R220M;-2.584173075
R220L;-1.572457607
R220N;-2.334290873
R220Q;-1.836778509
R220P;-2.097570762
R220S;-1.917546496
R220T;-2.091349899
R220W;-2.373247326
R220V;-2.383732783
R220Y;-2.470586539
S221A;0.015870592
S221C;-0.009742219
S221E;-0.210797204
S221D;-0.568615666
S221G;-0.267536734
S221F;-0.342966042
S221I;-0.13567684
S221H;-0.000773092
S221K;0.008597157
S221M;-0.057603585
S221L;-0.169576546
S221N;-0.058641551
S221Q;0.106899351
S221P;-0.663132229
S221R;0.03387427
S221T;0.009267263
S221W;-0.625610278
S221V;-0.061467424
S221Y;-0.107990138
A222C;-0.139486071
A222E;-0.025283249
A222D;-1.188570578
A222G;-0.205126728
A222F;-0.604300296
A222I;-0.127924825
A222H;-0.080251335
A222K;0.135756478
A222M;-0.314588866
A222L;-1.220598653
A222N;-0.165455814
A222Q;-0.035363378
A222P;-0.20669553
A222S;-0.084670226
A222R;0.012398433
A222T;-0.052968743
A222W;-1.279806225
A222V;-0.038754442
A222Y;-0.274795451
L223A;-0.244925714
L223C;-0.05901323
L223E;-2.501219207
L223D;-2.442670862
L223G;-2.276690172
L223F;-1.850101859
L223I;0.039474144
L223H;-2.545721245
L223K;-1.688448663
L223M;0.006047272
L223N;-1.938482333
L223Q;-1.936262751
L223P;-2.182385851
L223S;-1.648996795
L223R;-1.700886798
L223T;0.004756221
L223W;-2.592646951
L223V;0.023457895
L223Y;-2.1265148
P224A;-1.655145079
P224C;-2.236007119
P224E;-1.914921366
P224D;-2.002474635
P224G;-1.271180378
P224F;-2.3177489
P224I;-2.345231646
P224H;-1.47636862
P224K;-0.676098286
P224M;-1.914560411
P224L;-1.96066277
P224N;-1.789244767
P224Q;-1.537817744
P224S;-1.439181992
P224R;-1.512772675
P224T;-1.37993249
P224W;-1.887302746
P224V;-2.505475291
P224Y;-2.260381099
A225C;-0.100035783
A225E;-0.084060168
A225D;-0.024881322
A225G;-0.082549558
A225F;-0.164486588
A225I;-0.067274635
A225H;-0.076997698
A225K;-0.037823988
A225M;-0.048778137
A225L;-0.130718286
A225N;-0.054190921
A225Q;-0.146481261
A225P;-0.066311541
A225S;-0.070292569
A225R;-0.074905372
A225T;-0.144877326
A225W;-0.178694793
A225V;-0.062278785
A225Y;-0.111895308
G226A;-0.474043585
G226C;-0.89099476
G226E;-0.084602038
G226D;0.012588812
G226F;-1.399590085
G226I;-2.322454727
G226H;-0.082656357
G226K;-0.013250524
G226M;-1.588387768
G226L;-1.89747051
G226N;-0.127757168
G226Q;-0.174763128
G226P;-1.503568439
G226S;-0.060375297
G226R;-0.160583026
G226T;-0.033124862
G226W;-1.645095743
G226V;-2.483838409
G226Y;-1.292676546
W227A;-2.410115861
W227C;-2.601610509
W227E;-2.874335284
W227D;-2.779304338
W227G;-2.958552135
W227F;-0.845939091
W227I;-2.474822963
W227H;-2.736922009
W227K;-2.859977118
W227M;-2.730242755
W227L;-3.214010768
W227N;-2.471548493
W227Q;-2.740541574
W227P;-3.576892624
W227S;-3.230124757
W227R;-2.587686553
W227T;-2.947105996
W227V;-3.138425058
W227Y;-2.100840027
F228A;-0.705757337
F228C;-1.422719484
F228E;-2.649739417
F228D;-2.364827307
F228G;-2.117396431
F228I;-1.514573075
F228H;-0.929733827
F228K;-1.376374769
F228M;-0.167753136
F228L;-1.38825315
F228N;-2.058817623
F228Q;-1.501144034
F228P;-2.929335691
F228S;-1.232204024
F228R;-1.14201242
F228T;-1.022036606
F228W;-0.201357558
F228V;-0.947842669
F228Y;0.082612214
I229A;-2.164150476
I229C;-0.262866813
I229E;-2.863877939
I229D;-2.890113296
I229G;-2.758309934
I229F;-2.078295963
I229H;-2.982101441
I229K;-3.030689638
I229M;-0.607769943
I229L;-1.216477581
I229N;-2.685684014
I229Q;-2.908487271
I229P;-2.979966506
I229S;-3.095345961
I229R;-2.89429032
I229T;-2.658762353
I229W;-2.749148727
I229V;-0.30258486
I229Y;-2.505668973
A230C;-0.216393002
A230E;-2.644688341
A230D;-2.743561141
A230G;-0.023878032
A230F;-2.480813267
A230I;-1.518781792
A230H;-2.800238208
A230K;-2.432901279
A230M;-1.560654907
A230L;-1.893065637
A230N;-2.741692622
A230Q;-2.610909165
A230P;-3.336932346
A230S;-1.721756113
A230R;-2.621282413
A230T;-2.911652176
A230W;-2.481381369
A230V;-1.723396046
A230Y;-2.714328109
D231A;-1.433155759
D231C;-1.725629241
D231E;-2.05105119
D231G;-1.758466787
D231F;-2.555596064
D231I;-1.741440104
D231H;-2.069796252
D231K;-2.095655881
D231M;-2.377438798
D231L;-1.942197894
D231N;-2.118517766
D231Q;-1.815948013
D231P;-2.134817462
D231S;-1.52339746
D231R;-2.435618255
D231T;-1.694874876
D231W;-2.688892499
D231V;-2.121734009
D231Y;-2.29251386
K232A;-2.767989534
K232C;-2.572818371
K232E;-2.341107223
K232D;-2.425335817
K232G;-3.141039615
K232F;-2.317390591
K232I;-2.305710886
K232H;-2.819360412
K232M;-2.459171476
K232L;-3.171225127
K232N;-2.312589106
K232Q;-2.583917894
K232P;-3.126311925
K232S;-3.110410689
K232R;-1.610509632
K232T;-2.748226992
K232W;-2.753353303
K232V;-2.719604968
K232Y;-2.409524166
S233A;-1.023786368
S233C;-1.777677999
S233E;-2.908854686
S233D;-2.815419103
S233G;-0.302187877
S233F;-2.679054189
S233I;-2.583174452
S233H;-2.540929603
S233K;-2.429145416
S233M;-2.495404731
S233L;-2.653834687
S233N;-2.837440603
S233Q;-2.395784855
S233P;-1.862269337
S233R;-3.079699599
S233T;-0.036772807
S233W;-2.514866361
S233V;-2.819103336
S233Y;-2.716712122
G234A;-0.451187719
G234C;-1.561572545
G234E;-2.321554784
G234D;-2.715611985
G234F;-2.606707788
G234I;-2.648282175
G234H;-3.010996295
G234K;-3.099599421
G234M;-2.433627533
G234L;-2.699437057
G234N;-2.983285859
G234Q;-2.478982746
G234P;-3.176723071
G234S;-1.605763109
G234R;-2.901957822
G234T;-3.329469367
G234W;-2.90549311
G234V;-2.74767668
G234Y;-2.784599127
A235C;-2.08141988
A235E;-2.072320436
A235D;-2.115127014
A235G;-0.195906278
A235F;-2.731486801
A235I;-1.641532469
A235H;-2.923896147
A235K;-2.459200878
A235M;-1.508882022
A235L;-1.561597794
A235N;-1.827750319
A235Q;-1.865425273
A235P;-2.189950193
A235S;-0.510609574
A235R;-2.200683192
A235T;-1.25967584
A235W;-2.532248478
A235V;-1.726128457
A235Y;-2.904926762
G236A;-0.236250409
G236C;-2.686057566
G236E;-2.712110453
G236D;-2.1808833
G236F;-2.955770327
G236I;-2.956919109
G236H;-1.988734383
G236K;-2.771155907
G236M;-2.764673419
G236L;-2.99387687
G236N;-1.208769179
G236Q;-3.07324775
G236P;-3.063569707
G236S;-1.467128934
G236R;-2.615893721
G236T;-1.740199749
G236W;-2.740907806
G236V;-3.008813615
G236Y;-2.977284682
E237A;0.004358278
E237C;0.011073096
E237D;0.066875465
E237G;0.008001971
E237F;0.022973874
E237I;-0.278604064
E237H;0.017693319
E237K;0.020351337
E237M;-0.01660617
E237L;0.02178387
E237N;0.028963159
E237Q;0.031464553
E237P;0.01334188
E237S;-0.047764578
E237R;0.028908156
E237T;-0.086835761
E237W;-0.023706336
E237V;-0.232596251
E237Y;0.005440546
R238A;-0.191382774
R238C;-0.055273876
R238E;-0.540561517
R238D;-1.57260576
R238G;-0.100300886
R238F;-0.104102089
R238I;-0.699698682
R238H;0.0399595
R238K;-0.166125883
R238M;-0.112249205
R238L;-0.168120586
R238N;0.034922647
R238Q;0.025892083
R238P;-0.416091557
R238S;-0.155113138
R238T;-0.338669016
R238W;-0.043960948
R238V;-0.238486991
R238Y;-0.015876186
G239A;-1.979592571
G239C;-2.428144581
G239E;-2.076001008
G239D;-2.963216949
G239F;-2.215813547
G239I;-2.367720376
G239H;-2.583425034
G239K;-2.852554194
G239M;-2.866776187
G239L;-2.898614068
G239N;-1.935226949
G239Q;-2.958203478
G239P;-3.013732415
G239S;-2.061764239
G239R;-2.175100285
G239T;-2.909216932
G239W;-2.344991906
G239V;-2.429759452
G239Y;-2.951931816
S240A;-0.022943869
S240C;-0.932433747
S240E;-0.725830676
S240D;-1.862349445
S240G;-0.030204569
S240F;-2.178369208
S240I;-2.406031271
S240H;-1.796794282
S240K;-2.27872131
S240M;-2.600753429
S240L;-2.888226204
S240N;-0.913859267
S240Q;-1.606006606
S240P;-2.754828369
S240R;-2.648062661
S240T;-1.164781075
S240W;-2.353095749
S240V;-2.206336385
S240Y;-2.128981685
R241A;-2.091627551
R241C;-1.452284211
R241E;-2.959300658
R241D;-2.651565275
R241G;-1.734141371
R241F;-3.110670886
R241I;-2.126474784
R241H;-1.777018224
R241K;-1.507817216
R241M;-1.990657395
R241L;-2.011470748
R241N;-1.992377845
R241Q;-1.993369224
R241P;-2.096688393
R241S;-1.359872404
R241T;-1.666129269
R241W;-2.702348336
R241V;-2.026693096
R241Y;-3.117827491
G242A;-0.296453177
G242C;-2.027301849
G242E;-3.223613025
G242D;-2.669919713
G242F;-3.052286547
G242I;-2.832493647
G242H;-3.045159625
G242K;-2.908114465
G242M;-3.01903591
G242L;-3.304678282
G242N;-2.883240142
G242Q;-2.811114583
G242P;-2.566195875
G242S;-1.011533178
G242R;-2.698539214
G242T;-2.879462548
G242W;-2.934636866
G242V;-2.889362236
G242Y;-2.983864589
I243A;-2.057418444
I243C;-1.059116701
I243E;-2.438004616
I243D;-2.565342048
I243G;-2.751308632
I243F;-1.528532822
I243H;-2.491182057
I243K;-2.704794874
I243M;-1.109995239
I243L;-0.076638868
I243N;-2.781042042
I243Q;-2.610417763
I243P;-2.686522533
I243S;-2.777826528
I243R;-3.511946026
I243T;-1.727102205
I243W;-1.790956755
I243V;-0.035947545
I243Y;-1.383647832
I244A;-1.073623609
I244C;-0.823006157
I244E;-2.880303607
I244D;-2.745722954
I244G;-2.384993055
I244F;-2.43572497
I244H;-2.599593889
I244K;-3.095259022
I244M;-0.239541728
I244L;-0.235075165
I244N;-3.333238167
I244Q;-3.141498615
I244P;-3.225329025
I244S;-2.244336833
I244R;-2.637885627
I244T;-1.26337091
I244W;-3.007136282
I244V;0.041399423
I244Y;-3.36554001
A245C;-0.134037041
A245E;-2.425668012
A245D;-2.931523296
A245G;-0.150042619
A245F;-2.347673839
A245I;-2.672161135
A245H;-3.24953721
A245K;-2.708386639
A245M;-1.93600713
A245L;-2.375076616
A245N;-2.405268093
A245Q;-2.807218762
A245P;-3.009359524
A245S;-0.090878592
A245R;-2.617993368
A245T;-1.716790487
A245W;-2.025842414
A245V;-1.857539899
A245Y;-2.698135226
A246C;-0.037628876
A246E;-1.756558449
A246D;-2.60408801
A246G;-1.612438124
A246F;-0.031573143
A246I;-0.007062572
A246H;-2.532376938
A246K;-2.372734848
A246M;-0.000321423
A246L;0.050627818
A246N;-2.121236944
A246Q;-1.383312283
A246P;-2.633705164
A246S;-0.259356936
A246R;-2.565881715
A246T;-0.031454708
A246W;-1.733245878
A246V;-0.007765242
A246Y;-0.043324547
L247A;-2.228504933
L247C;-1.472174002
L247E;-2.477048234
L247D;-2.845870413
L247G;-2.816725355
L247F;-1.800568319
L247I;0.045515109
L247H;-3.004103497
L247K;-2.091194156
L247M;0.046639438
L247N;-2.593126764
L247Q;-2.566813759
L247P;-2.202595062
L247S;-3.157485965
L247R;-2.478849363
L247T;-1.595811523
L247W;-1.617789559
L247V;-0.031333964
L247Y;-2.78760903
G248A;-2.338369499
G248C;-2.276509166
G248E;-2.0217645
G248D;-2.467998155
G248F;-2.962285869
G248I;-2.274978116
G248H;-2.811644134
G248K;-3.092234366
G248M;-3.118625003
G248L;-3.208285772
G248N;-2.968898199
G248Q;-2.82691411
G248P;-3.3193927
G248S;-2.356738345
G248R;-2.405967508
G248T;-3.06367362
G248W;-2.515789864
G248V;-2.830067718
G248Y;-2.840416149
P249A;-0.578324251
P249C;-1.200239393
P249E;-0.668956032
P249D;-1.041499991
P249G;-1.611388635
P249F;-2.255329162
P249I;-1.808790021
P249H;-1.15544864
P249K;-0.073359069
P249M;-0.703567053
P249L;-1.682206154
P249N;-0.450898064
P249Q;-0.292078371
P249S;-0.658121898
P249R;-0.132884736
P249T;-0.890274021
P249W;-2.598471894
P249V;-1.348060741
P249Y;-1.716285218
D250A;0.018321109
D250C;0.002043014
D250E;-0.040105619
D250G;-0.01997566
D250F;0.00293398
D250I;-0.144254011
D250H;-0.008857985
D250K;-0.064669503
D250M;-0.003194611
D250L;-0.036004745
D250N;0.052589912
D250Q;0.040564806
D250P;-0.440746278
D250S;0.024758953
D250R;0.024388551
D250T;-0.051200364
D250W;-0.04440584
D250V;-0.065919361
D250Y;-0.045429451
G251A;-0.06441906
G251C;-0.462420625
G251E;-0.086343213
G251D;-0.083212315
G251F;-0.36401895
G251I;-1.282882225
G251H;-0.078903094
G251K;0.085538885
G251M;0.008838474
G251L;-0.193315119
G251N;-0.08669194
G251Q;-0.058285538
G251P;-0.608712558
G251S;-0.065623646
G251R;-0.056149079
G251T;-0.214043801
G251W;-0.899293474
G251V;-0.896273514
G251Y;-0.181934202
K252A;-0.016785141
K252C;-0.082285745
K252E;-0.006253246
K252D;-0.032738769
K252G;-0.029883316
K252F;-0.051141275
K252I;-0.069459506
K252H;0.020027393
K252M;0.003141287
K252L;-0.011493641
K252N;-0.051558233
K252Q;-0.035846092
K252P;-1.765691743
K252S;-0.00796242
K252R;-0.008504702
K252T;0.019358697
K252W;-0.190188435
K252V;0.018514735
K252Y;-0.124149615
P253A;0.006098113
P253C;-0.305743969
P253E;-0.717181861
P253D;-0.716142335
P253G;-0.466278219
P253F;-0.230654709
P253I;-0.22074127
P253H;-0.214422683
P253K;-0.549782588
P253M;0.013571918
P253L;-0.198231325
P253N;-0.397417967
P253Q;-0.396652916
P253S;-0.227414653
P253R;-0.565616356
P253T;-0.715523995
P253W;-1.079928286
P253V;-0.549257937
P253Y;-0.295745856
S254A;-0.031046557
S254C;-0.036287842
S254E;0.049921103
S254D;-0.076712443
S254G;-0.019009003
S254F;-0.852830984
S254I;-0.158424919
S254H;-0.085583908
S254K;-0.020201976
S254M;-0.089127927
S254L;-0.121766338
S254N;-0.060392051
S254Q;-0.011445584
S254P;-1.092810178
S254R;-0.02496754
S254T;-0.00718497
S254W;-0.424733032
S254V;-0.074877584
S254Y;-0.647275314
R255A;-2.085895793
R255C;-2.442376616
R255E;-2.826118507
R255D;-2.577336579
R255G;-2.607993029
R255F;-2.876353994
R255I;-1.681474147
R255H;-1.895191031
R255K;-0.027408632
R255M;-2.10091888
R255L;-1.841853145
R255N;-2.618899902
R255Q;-2.147603701
R255P;-3.355304615
R255S;-2.797274372
R255T;-2.500235922
R255W;-2.741784941
R255V;-1.555218978
R255Y;-2.256511268
I256A;-1.780513259
I256C;-1.213999249
I256E;-2.946681611
I256D;-2.347045758
I256G;-2.507533621
I256F;-1.443576474
I256H;-2.978588299
I256K;-2.778477635
I256M;-0.857250367
I256L;0.031781474
I256N;-2.785153544
I256Q;-3.321413976
I256P;-2.864080437
I256S;-2.721386964
I256R;-3.003933659
I256T;-2.782825476
I256W;-2.886654143
I256V;0.061372291
I256Y;-2.204346671
V257A;-1.343045238
V257C;-0.455446835
V257E;-2.441804656
V257D;-2.984401943
V257G;-3.164053131
V257F;-2.091013819
V257I;0.058652177
V257H;-3.009053329
V257K;-2.792613017
V257M;-1.704118253
V257L;-0.681760256
V257N;-2.696352876
V257Q;-2.905370818
V257P;-2.898690575
V257S;-2.146463024
V257R;-3.192118516
V257T;-1.444969154
V257W;-3.09805193
V257Y;-2.144536152
V258A;-0.177366222
V258C;0.008712792
V258E;-2.065323516
V258D;-2.373518919
V258G;-1.458193585
V258F;-2.973794655
V258I;0.08894501
V258H;-2.84051266
V258K;-2.454188897
V258M;-1.778547728
V258L;-1.794191325
V258N;-1.857129212
V258Q;-2.704153997
V258P;-3.324957823
V258S;-1.671132712
V258R;-3.037054817
V258T;-1.145976647
V258W;-2.404658216
V258Y;-2.568797946
I259A;-2.396194248
I259C;-0.834334283
I259E;-2.540625964
I259D;-2.877019385
I259G;-2.671910904
I259F;-1.458335429
I259H;-2.845062192
I259K;-2.584464264
I259M;-0.366921391
I259L;-0.088470575
I259N;-2.66081493
I259Q;-2.899387584
I259P;-2.666364125
I259S;-2.874239878
I259R;-2.495483678
I259T;-1.997076674
I259W;-2.428120809
I259V;-0.020923763
I259Y;-2.403888322
Y260A;-2.509598383
Y260C;-2.041769272
Y260E;-2.560872172
Y260D;-3.17182605
Y260G;-2.596437133
Y260F;-0.067153261
Y260I;-0.888012503
Y260H;-2.685733682
Y260K;-2.964667211
Y260M;-0.00915987
Y260L;-0.046084325
Y260N;-2.781605528
Y260Q;-2.950520896
Y260P;-2.515529048
Y260S;-2.724576282
Y260R;-2.746634556
Y260T;-2.274308919
Y260W;-3.221421795
Y260V;-1.413474729
T261A;-0.117114405
T261C;-0.065010882
T261E;-1.447797775
T261D;-1.133929996
T261G;-2.325524065
T261F;-0.069969718
T261I;0.027491917
T261H;-1.388134769
T261K;-1.583893884
T261M;0.039460117
T261L;0.020071381
T261N;-2.063688368
T261Q;-0.734585906
T261P;-2.009491872
T261S;-0.152342955
T261R;-2.221617153
T261W;-2.401692131
T261V;0.010115662
T261Y;-1.629958204
T262A;-0.184603363
T262C;-0.499777363
T262E;-0.342937209
T262D;-1.492670549
T262G;-1.73144799
T262F;-0.92448673
T262I;-0.328180078
T262H;-0.056949167
T262K;-0.288236162
T262M;-0.303880306
T262L;-1.271330923
T262N;-0.252092626
T262Q;-0.127158583
T262P;-2.535717236
T262S;-0.076728028
T262R;-0.770570643
T262W;-0.543352313
T262V;-0.078381564
T262Y;-0.185138764
G263A;-0.974024595
G263C;-1.002343849
G263E;-0.511025386
G263D;-0.225119598
G263F;-1.960090392
G263I;-2.225456764
G263H;-1.588938653
G263K;-2.214016011
G263M;-0.852062617
G263L;-1.341277354
G263N;-0.200660416
G263Q;-0.622310764
G263P;-1.844063311
G263S;-0.875088118
G263R;-1.505519016
G263T;-1.717040964
G263W;-1.774132716
G263V;-2.019069464
G263Y;-1.992529607
S264A;-0.157365839
S264C;-0.83391204
S264E;-1.884315762
S264D;-1.703690832
S264G;-0.061236874
S264F;-2.164877315
S264I;-2.164144857
S264H;-1.974231479
S264K;-1.853998581
S264M;-1.52296629
S264L;-2.185465744
S264N;-1.146017061
S264Q;-1.79312276
S264P;-2.326807229
S264R;-1.654599757
S264T;-0.031791011
S264W;-2.23411749
S264V;-1.869554148
S264Y;-2.358967997
Q265A;0.007296149
Q265C;-0.045596657
Q265E;0.02715064
Q265D;0.018464877
Q265G;0.021784773
Q265F;-0.072124116
Q265I;0.013407068
Q265H;-0.011547412
Q265K;0.031578232
Q265M;0.012483782
Q265L;0.009050001
Q265N;0.057900198
Q265P;-0.002765732
Q265S;0.025386272
Q265R;0.011668405
Q265T;0.016477116
Q265W;-0.033193385
Q265V;-0.015321832
Q265Y;0.036114718
A266C;0.001832707
A266E;0.035025403
A266D;-0.064810058
A266G;-0.009499068
A266F;-0.0305753
A266I;-0.246317916
A266H;-0.00282678
A266K;-0.193697368
A266M;0.062910106
A266L;-0.008888088
A266N;0.08711741
A266Q;-0.066046697
A266P;-1.653566087
A266S;-0.018780831
A266R;-0.003314313
A266T;0.018746703
A266W;-0.663916399
A266V;-0.017698685
A266Y;-0.055057834
T267A;-0.036951636
T267C;-0.121788154
T267E;-0.065889989
T267D;-0.036252419
T267G;-0.024747957
T267F;-0.90864056
T267I;-0.288237618
T267H;-0.034456458
T267K;-0.121983019
T267M;-0.172746861
T267L;-0.154958829
T267N;0.071822402
T267Q;-0.078434605
T267P;-0.002425347
T267S;0.006278958
T267R;-0.101628915
T267W;-1.686777913
T267V;-0.110030804
T267Y;-1.040756044
M268A;-0.68416902
M268C;-1.6200068
M268E;-1.721577351
M268D;-1.304387473
M268G;-1.144386625
M268F;-0.117011117
M268I;-0.068482321
M268H;-0.644612417
M268K;-1.519471323
M268L;-0.078608888
M268N;-0.97278755
M268Q;-0.588147508
M268P;-0.665290805
M268S;-0.823971461
M268R;-1.426233086
M268T;-0.601201794
M268W;-0.249969002
M268V;-0.21220918
M268Y;-0.670814771
D269A;-0.017503169
D269C;-0.248746876
D269E;-0.028764449
D269G;-0.055161396
D269F;-0.127854174
D269I;-0.008056493
D269H;-0.07581602
D269K;-0.127878216
D269M;-0.063459543
D269L;-0.07140762
D269N;-0.039656706
D269Q;-0.07497792
D269P;-0.097253951
D269S;-0.041011648
D269R;-0.115253874
D269T;-0.040370777
D269W;-0.17828193
D269V;-0.059219047
D269Y;-0.124998827
E270A;0.078759389
E270C;-0.244633761
E270D;0.111175353
E270G;-0.592299057
E270F;-0.148212625
E270I;-0.067328252
E270H;-0.007309004
E270K;-0.081976048
E270M;-0.310200101
E270L;-0.017462942
E270N;-0.065881175
E270Q;0.067281052
E270P;-1.986815688
E270S;-0.039686684
E270R;-0.210595029
E270T;0.004322527
E270W;-0.625633446
E270V;-0.007478681
E270Y;-0.157183129
R271A;-0.226637311
R271C;-0.162333769
R271E;-2.389584217
R271D;-1.609124252
R271G;-0.999188349
R271F;-1.988937185
R271I;-0.15856105
R271H;-1.350593911
R271K;-0.109377387
R271M;-0.04327186
R271L;-0.001571258
R271N;-0.209096776
R271Q;-0.152919851
R271P;-1.75957902
R271S;-0.48529
R271T;-0.219194195
R271W;-1.8522165
R271V;-0.323375253
R271Y;-1.895297567
N272A;-1.503449934
N272C;-2.535906828
N272E;-1.593646034
N272D;-0.07933293
N272G;-1.639791387
N272F;-2.708675753
N272I;-2.488615886
N272H;-1.782516552
N272K;-2.789976144
N272M;-2.471224247
N272L;-2.585728822
N272Q;-1.972910607
N272P;-2.718812164
N272S;-0.347253846
N272R;-2.616846506
N272T;-0.465793446
N272W;-2.795166843
N272V;-2.225302873
N272Y;-2.942456395
R273A;-0.007123175
R273C;-0.193968327
R273E;-0.007542683
R273D;-0.138762232
R273G;-0.083012415
R273F;-0.126650445
R273I;-0.016893345
R273H;-0.019283043
R273K;-0.048172532
R273M;-0.104095374
R273L;-0.034706069
R273N;-0.062109925
R273Q;0.004298831
R273P;-2.463472371
R273S;-0.030727435
R273T;-0.017076403
R273W;-0.143334305
R273V;-0.039767452
R273Y;-0.042931939
Q274A;0.021095374
Q274C;0.002516021
Q274E;-0.05505396
Q274D;-1.901776732
Q274G;-0.353408171
Q274F;-0.114884101
Q274I;-0.035070981
Q274H;0.015989086
Q274K;-0.067261017
Q274M;-0.001628293
Q274L;0.004304036
Q274N;-0.138912435
Q274P;-1.761989201
Q274S;-0.036141202
Q274R;-0.067524796
Q274T;-0.039528661
Q274W;0.022395674
Q274V;0.017103224
Q274Y;-0.092507326
I275A;-2.439738277
I275C;-1.816160071
I275E;-2.747169622
I275D;-2.93899551
I275G;-2.711967313
I275F;0.08968222
I275H;-2.541811455
I275K;-2.755343908
I275M;-0.220181281
I275L;-0.126616109
I275N;-2.476543529
I275Q;-2.642484156
I275P;-3.019296726
I275S;-2.732310421
I275R;-2.93873551
I275T;-2.361641829
I275W;-2.362077217
I275V;-0.044125186
I275Y;-1.614571656
A276C;-0.299150607
A276E;-0.779277688
A276D;-1.550481094
A276G;-0.344260545
A276F;-0.088089711
A276I;-1.478838915
A276H;-0.0692059
A276K;0.049749611
A276M;-0.06703507
A276L;-0.60293422
A276N;-0.616039405
A276Q;-0.052753796
A276P;-2.550635631
A276S;-0.055652281
A276R;-0.022418982
A276T;-0.662173388
A276W;-0.913513533
A276V;-0.172800332
A276Y;-0.088587526
E277A;-0.084317277
E277C;-0.615497464
E277D;-0.061959965
E277G;-0.146375894
E277F;-0.970996006
E277I;-0.01757013
E277H;-0.333711473
E277K;-0.144432723
E277M;-0.253701899
E277L;-0.074407516
E277N;-0.077807463
E277Q;-0.046492212
E277P;-2.622383871
E277S;-0.123684104
E277R;-0.086642792
E277T;-0.100850902
E277W;-1.529771359
E277V;-0.169901523
E277Y;-0.677625439
I278A;-2.41015192
I278C;-2.724411475
I278E;-2.768557532
I278D;-2.718978081
I278G;-3.270264765
I278F;-2.779089453
I278H;-2.801357298
I278K;-2.392231202
I278M;-0.522765186
I278L;-0.61840592
I278N;-2.518349116
I278Q;-2.882117157
I278P;-2.732630383
I278S;-2.904324884
I278R;-2.68954879
I278T;-2.232084643
I278W;-2.958656634
I278V;-0.232038281
I278Y;-2.574633133
G279A;-0.144679187
G279C;-1.062366435
G279E;-2.340217753
G279D;-2.457716759
G279F;-2.008497757
G279I;-1.940218459
G279H;-2.631557034
G279K;-2.47432449
G279M;-1.713228001
G279L;-1.730182212
G279N;-2.428784255
G279Q;-2.624825223
G279P;-2.798225476
G279S;-0.343477982
G279R;-2.726890745
G279T;-1.678160555
G279W;-2.295020434
G279V;-1.91550309
G279Y;-2.126980805
A280C;-0.422953844
A280E;0.017609574
A280D;0.002623798
A280G;-0.030074453
A280F;-0.02941169
A280I;-0.036654566
A280H;-0.00561883
A280K;0.075160398
A280M;0.037007801
A280L;-0.032356586
A280N;0.011650471
A280Q;0.001830592
A280P;-2.494082504
A280S;-0.015325554
A280R;0.030679469
A280T;-0.043402807
A280W;-0.063529329
A280V;0.001853805
A280Y;-0.060442832
S281A;0.016871306
S281C;-0.239623183
S281E;0.019996552
S281D;-0.313969132
S281G;-0.975169465
S281F;-0.310771785
S281I;0.005375411
S281H;-0.001936764
S281K;0.039123014
S281M;-0.060161433
S281L;-0.086506977
S281N;0.131987915
S281Q;0.020266376
S281P;-2.321086677
S281R;-0.042061968
S281T;-0.000301299
S281W;-1.05525514
S281V;0.013298684
S281Y;-0.098156934
L282A;-0.103001042
L282C;-0.617685383
L282E;-2.95431837
L282D;-2.529507892
L282G;-2.415650406
L282F;-0.663794413
L282I;0.07867216
L282H;-3.011268548
L282K;-2.571033681
L282M;0.01266562
L282N;-2.321377818
L282Q;-1.722284209
L282P;-2.427915802
L282S;-1.65506219
L282R;-2.703589801
L282T;-0.231657908
L282W;-2.781623897
L282V;-0.020573364
L282Y;-2.60798928
I283A;-0.537631351
I283C;-0.657012279
I283E;-2.601698129
I283D;-2.788857489
I283G;-2.247811139
I283F;-0.123745791
I283H;-2.078123175
I283K;-2.249930577
I283M;-0.088552239
I283L;-0.190349095
I283N;-2.485288831
I283Q;-1.955217642
I283P;-2.613881608
I283S;-1.487969518
I283R;-1.948248642
I283T;-0.300995366
I283W;-1.71314797
I283V;-0.030749035
I283Y;-0.082166485
K284A;-0.038962119
K284C;-0.918670018
K284E;-0.027480766
K284D;-0.061476142
K284G;-0.092461612
K284F;-0.286851229
K284I;-0.514835422
K284H;-0.005217661
K284M;-0.107795746
K284L;-0.044259464
K284N;-0.074528787
K284Q;-0.071555783
K284P;-2.593265847
K284S;-0.020231824
K284R;-0.041719978
K284T;-0.090440961
K284W;-0.449884673
K284V;-0.261296948
K284Y;-0.111472262
H285A;-0.465274388
H285C;-0.251095353
H285E;-0.338761709
H285D;-1.535460946
H285G;-0.50993699
H285F;-0.149276371
H285I;-2.723116824
H285K;-0.271887231
H285M;-0.226841047
H285L;-0.553995627
H285N;0.024088321
H285Q;-0.141955412
H285P;-2.724870193
H285S;-0.160348785
H285R;-0.157191089
H285T;-0.113390602
H285W;-0.076231453
H285V;-0.825731449
H285Y;-0.094685853
W286A;-3.178798104
W286C;-2.983761815
W286E;-2.545852462
W286D;-2.859106006
W286G;-3.228429174
W286F;-0.780425279
W286I;-2.429502334
W286H;-1.782739799
W286K;-2.566351628
W286M;-1.699781263
W286L;-2.244688275
W286N;-2.584006677
W286Q;-2.699394131
W286P;-2.793520382
W286S;-2.967712254
W286R;-2.707731259
W286T;-2.806421744
W286V;-2.813837323
W286Y;-0.962360954
