mutant;ddG_stat
H24H;0
H24A;0.9227367
H24C;3.924478
H24E;1.486533
H24D;2.788294
H24G;2.113703
H24F;4.345218
H24I;2.83688
H24K;0.4776496
H24M;4.345218
H24L;3.924478
H24N;1.102421
H24Q;1.685328
H24P;2.74331
H24S;1.901829
H24R;1.732651
H24T;1.565248
H24W;4.345218
H24V;3.011503
H24Y;2.170022
P25A;2.837352
P25C;3.92495
P25E;0.04709307
P25D;3.92495
P25G;1.257519
P25F;3.92495
P25I;2.527281
P25H;3.92495
P25K;0.690929
P25M;3.92495
P25L;2.10654
P25N;3.92495
P25Q;0.2585152
P25S;2.004361
P25R;0.950453
P25T;1.368188
P25W;3.92495
P25V;0.9893267
P25Y;3.92495
E26A;0.7126122
E26C;2.157429
E26D;0.7301441
E26G;1.393676
E26F;3.293613
E26I;2.626755
E26H;1.514378
E26K;0.1699666
E26M;1.736688
E26L;1.204307
E26N;1.298686
E26Q;1.438404
E26P;2.181236
E26S;1.604361
E26R;2.427353
E26T;0.8996011
E26W;3.158165
E26V;1.547647
E26Y;2.134521
T27A;2.577621
T27C;3.443881
T27E;4.110739
T27D;3.023141
T27G;3.864621
T27F;4.110739
T27I;2.744205
T27H;2.777023
T27K;3.13381
T27M;3.350312
T27L;3.13381
T27N;3.197764
T27Q;3.197764
T27P;2.655216
T27S;2.19876
T27R;3.244479
T27W;3.350312
T27V;1.423042
T27Y;3.55455
L28A;2.129545
L28C;4.162936
L28E;3.075338
L28D;3.742196
L28G;3.496079
L28F;4.162936
L28I;1.776318
L28H;3.075338
L28K;0.6847658
L28M;0.6229838
L28N;3.075338
L28Q;1.45213
L28P;2.233858
L28S;1.971109
L28R;2.233858
L28T;1.916246
L28W;4.162936
L28V;1.477054
L28Y;2.375662
V29A;-0.9444032
V29C;2.149362
V29E;-0.2252357
V29D;0.3013372
V29G;0.1834845
V29F;2.149362
V29I;2.149362
V29H;1.728622
V29K;0.5474545
V29M;1.728622
V29L;1.360698
V29N;1.728622
V29Q;0.1955047
V29P;2.570103
V29S;0.5192168
V29R;-1.995228
V29T;1.172433
V29W;1.061764
V29Y;2.149362
K30A;1.21882
K30C;3.407907
K30E;3.654024
K30D;3.097836
K30G;3.518576
K30F;4.074764
K30I;4.074764
K30H;2.812543
K30M;2.120907
K30L;4.074764
K30N;4.074764
K30Q;-0.5569256
K30P;3.654024
K30S;3.343953
K30R;1.67636
K30T;2.271723
K30W;4.074764
K30V;2.451556
K30Y;3.654024
V31A;2.069971
V31C;-0.8160239
V31E;3.841058
V31D;3.841058
V31G;3.841058
V31F;3.841058
V31I;2.65989
V31H;3.841058
V31K;3.841058
V31M;3.841058
V31L;1.955667
V31N;3.1742
V31Q;3.841058
V31P;3.420317
V31S;4.087175
V31R;3.530987
V31T;3.420317
V31W;3.841058
V31Y;3.420317
K32A;1.845281
K32C;2.544957
K32E;2.124217
K32D;4.188744
K32G;3.05256
K32F;4.188744
K32I;2.505782
K32H;1.464141
K32M;2.631819
K32L;3.135841
K32N;1.151348
K32Q;0.806446
K32P;3.942626
K32S;2.078752
K32R;0.2093541
K32T;1.750799
K32W;3.521886
K32V;3.007576
K32Y;2.855028
D33A;-0.6239928
D33C;1.034782
D33E;-0.8023058
D33G;0.9632878
D33F;2.050886
D33I;0.899334
D33H;-0.2032525
D33K;-0.8534333
D33M;-0.5422338
D33L;0.9632878
D33N;-0.7524924
D33Q;-1.019543
D33P;1.384028
D33S;-0.3100711
D33R;-0.6231697
D33T;-0.2883025
D33W;2.717743
D33V;0.930469
D33Y;1.536576
A34C;2.927979
A34E;4.484903
A34D;4.484903
A34G;3.571928
A34F;3.303735
A34I;1.733615
A34H;3.303735
A34K;4.484903
A34M;2.1879
A34L;2.897622
A34N;4.064162
A34Q;3.643422
A34P;4.238785
A34S;1.731443
A34R;4.174831
A34T;2.208954
A34W;3.643422
A34V;1.686537
A34Y;3.507974
E35A;4.554497
E35C;4.133757
E35D;3.046159
E35G;4.554497
E35F;4.133757
E35I;4.133757
E35H;4.133757
E35K;4.133757
E35M;4.133757
E35L;4.800614
E35N;4.133757
E35Q;4.133757
E35P;4.554497
E35S;4.800614
E35R;4.800614
E35T;4.554497
E35W;4.133757
E35V;4.554497
E35Y;4.133757
D36A;4.493288
D36C;4.072548
D36E;3.651807
D36G;2.706014
D36F;4.072548
D36I;3.40569
D36H;4.072548
D36K;4.072548
D36M;4.072548
D36L;4.739406
D36N;1.988117
D36Q;4.072548
D36P;4.493288
D36S;4.318665
D36R;4.739406
D36T;4.493288
D36W;4.072548
D36V;4.493288
D36Y;4.072548
Q37A;2.990043
Q37C;4.024825
Q37E;4.024825
Q37D;4.024825
Q37G;4.445565
Q37F;4.024825
Q37I;4.024825
Q37H;3.604084
Q37K;4.024825
Q37M;4.024825
Q37L;3.23616
Q37N;4.024825
Q37P;3.357967
Q37S;2.873273
Q37R;2.248294
Q37T;4.445565
Q37W;4.024825
Q37V;4.445565
Q37Y;4.024825
L38A;3.852511
L38C;3.431771
L38E;3.431771
L38D;3.431771
L38G;3.852511
L38F;2.764913
L38I;3.431771
L38H;1.829863
L38K;3.431771
L38M;3.431771
L38N;3.431771
L38Q;3.431771
L38P;3.431771
L38S;2.415667
L38R;4.098628
L38T;2.875582
L38W;2.454842
L38V;3.431771
L38Y;2.764913
G39A;3.004758
G39C;3.140206
G39E;3.560946
G39D;1.128495
G39F;3.560946
G39I;3.560946
G39H;3.560946
G39K;2.473348
G39M;3.560946
G39L;4.227804
G39N;2.584017
G39Q;2.473348
G39P;3.560946
G39S;2.035977
G39R;3.807063
G39T;2.526164
G39W;3.560946
G39V;2.424762
G39Y;3.560946
A40C;3.470236
A40E;2.13652
A40D;3.470236
A40G;3.470236
A40F;3.470236
A40I;3.470236
A40H;3.470236
A40K;2.493307
A40M;3.470236
A40L;4.137094
A40N;3.470236
A40Q;3.470236
A40P;3.049495
A40S;3.716353
A40R;2.417333
A40T;1.000337
A40W;3.470236
A40V;0.9799313
A40Y;3.470236
R41A;1.938374
R41C;3.119542
R41E;2.278061
R41D;2.733497
R41G;2.650216
R41F;3.365659
R41I;2.733497
R41H;0.1727808
R41K;0.2225943
R41M;2.576994
R41L;2.567866
R41N;1.676408
R41Q;1.62255
R41P;0.6920156
R41S;2.08272
R41T;1.605609
R41W;3.476328
R41V;2.563353
R41Y;2.851349
V42A;2.323581
V42C;2.931461
V42E;2.708251
V42D;2.477901
V42G;2.409967
V42F;0.8351808
V42I;0.4844697
V42H;3.002955
V42K;2.931461
V42M;1.126692
V42L;0.8602265
V42N;2.809653
V42Q;2.898642
V42P;2.431778
V42S;2.724019
V42R;2.594994
V42T;2.611356
V42W;2.641968
V42Y;3.177578
G43A;2.663069
G43C;3.060002
G43E;2.87957
G43D;2.993718
G43F;3.950068
G43I;3.775445
G43H;3.582144
G43K;3.219257
G43M;3.639997
G43L;3.199354
G43N;3.639997
G43Q;3.108588
G43P;2.740664
G43S;3.134422
G43R;2.862471
G43T;3.234625
G43W;3.161404
G43V;3.336027
G43Y;3.219257
Y44A;5.503908
Y44C;4.526979
Y44E;5.503908
Y44D;4.526979
Y44G;5.503908
Y44F;1.919353
Y44I;2.970055
Y44H;3.749452
Y44K;4.662427
Y44M;2.219039
Y44L;2.232741
Y44N;3.860121
Y44Q;5.503908
Y44P;4.743481
Y44S;4.568858
Y44R;5.329285
Y44T;4.280862
Y44W;5.503908
Y44V;3.995569
I45A;-0.6527225
I45C;1.88565
I45E;2.956148
I45D;3.376888
I45G;3.376888
I45F;1.153106
I45H;2.646077
I45K;4.043746
I45M;1.399224
I45L;0.5869696
I45N;3.066817
I45Q;1.579057
I45P;3.008964
I45S;1.56186
I45R;3.376888
I45T;-0.04523299
I45W;4.043746
I45V;0.01373806
I45Y;1.645341
E46A;0.4471677
E46C;3.670037
E46D;1.766792
E46G;3.84466
E46F;1.851627
E46I;0.4708847
E46H;1.373034
E46K;1.289399
E46M;0.6813973
E46L;-0.1078692
E46N;0.4787373
E46Q;0.7177827
E46P;3.249297
E46S;0.4214591
E46R;3.302113
E46T;0.5358797
E46W;3.42392
E46V;0.09255266
E46Y;0.4724471
L47A;2.842691
L47C;4.33825
L47E;3.671392
L47D;3.577823
L47G;4.092133
L47F;3.496769
L47I;0.4790398
L47H;2.360585
L47K;3.91751
L47M;0.2690426
L47N;3.361321
L47Q;2.027606
L47P;2.475942
L47S;3.234021
L47R;2.961159
L47T;2.793113
L47W;3.157083
L47V;1.026222
L47Y;3.782062
D48A;2.177076
D48C;3.340032
D48E;0.6342994
D48G;3.682341
D48F;3.827056
D48I;3.740194
D48H;2.519852
D48K;3.629525
D48M;3.565571
D48L;3.726853
D48N;2.062312
D48Q;2.673174
D48P;3.467681
D48S;1.870094
D48R;4.296383
D48T;3.129843
D48W;3.986312
D48V;4.08496
D48Y;3.192153
L49A;2.501522
L49C;2.699819
L49E;4.576082
L49D;2.821626
L49G;3.734601
L49F;1.130292
L49I;0.1170536
L49H;2.307316
L49K;3.909224
L49M;-0.2692449
L49N;2.368067
L49Q;3.394914
L49P;2.686178
L49S;2.681698
L49R;3.559978
L49T;1.570036
L49W;2.111393
L49V;1.538686
L49Y;0.8772849
N50A;1.872573
N50C;3.095619
N50E;0.6743056
N50D;2.254138
N50G;1.324532
N50F;2.674879
N50I;1.192374
N50H;-1.023233
N50K;0.337839
N50M;0.8268535
N50L;0.9551181
N50Q;0.5711769
N50P;0.733284
N50S;-0.8374577
N50R;0.7672509
N50T;0.6154313
N50W;2.674879
N50V;1.587281
N50Y;1.341163
S51A;0.9981968
S51C;2.860505
S51E;0.6686777
S51D;0.5234653
S51G;0.7473922
S51F;2.860505
S51I;2.860505
S51H;-1.656377
S51K;1.106049
S51M;2.860505
S51L;1.573505
S51N;-1.252142
S51Q;0.5365196
S51P;2.100078
S51R;1.624118
S51T;-0.5935433
S51W;2.860505
S51V;1.724321
S51Y;1.883576
G52A;0.6623999
G52C;3.64735
G52E;3.893467
G52D;2.017204
G52F;2.980492
G52I;3.64735
G52H;2.858685
G52K;4.314207
G52M;3.13304
G52L;3.104802
G52N;1.179182
G52Q;4.314207
G52P;3.051986
G52S;1.707133
G52R;4.139584
G52T;3.051986
G52W;3.472727
G52V;3.091161
G52Y;2.36035
K53A;1.195014
K53C;3.79724
K53E;0.7358812
K53D;0.633426
K53G;2.240316
K53F;1.868162
K53I;0.7998351
K53H;0.8963123
K53M;0.7358812
K53L;1.261833
K53N;0.04034107
K53Q;0.6138961
K53P;3.241052
K53S;1.533311
K53R;1.094629
K53T;0.7147158
K53W;4.21798
K53V;1.282357
K53Y;1.332551
I54A;1.521476
I54C;2.65532
I54E;1.233844
I54D;2.829943
I54G;3.713303
I54F;1.784224
I54H;1.93061
I54K;2.370028
I54M;0.8204439
I54L;1.068781
I54N;2.315634
I54Q;1.769941
I54P;1.516806
I54S;2.382808
I54R;2.536279
I54T;0.6213965
I54W;2.281903
I54V;0.57138
I54Y;2.298534
L55A;3.152738
L55C;2.925299
L55E;2.585612
L55D;2.258441
L55G;4.60826
L55F;1.271479
L55I;0.1368279
L55H;0.9360719
L55K;1.122257
L55M;0.1707561
L55N;1.702253
L55Q;1.635271
L55P;3.152738
L55S;3.210591
L55R;1.825185
L55T;1.531435
L55W;1.702253
L55V;0.8519837
L55Y;0.4887229
E56A;1.546006
E56C;3.640148
E56D;0.8351749
E56G;1.348689
E56F;3.950219
E56I;3.43591
E56H;3.060153
E56K;2.055836
E56M;3.950219
E56L;4.196337
E56N;1.696081
E56Q;3.161555
E56P;4.196337
E56S;1.999066
E56R;2.769052
E56T;2.097396
E56W;4.617077
E56V;2.327011
E56Y;3.529479
S57A;0.8904988
S57C;2.334883
S57E;0.6910968
S57D;0.9747725
S57G;2.398837
S57F;0.85768
S57I;2.224214
S57H;0.5256478
S57K;0.9747725
S57M;0.1220952
S57L;1.50877
S57N;0.8961453
S57Q;0.4032807
S57P;3.065695
S57R;1.024076
S57T;0.9911347
S57W;0.777959
S57V;1.061386
S57Y;0.8265449
F58A;2.083341
F58C;2.65663
F58E;3.837797
F58D;3.170939
F58G;3.281609
F58I;2.382275
F58H;-0.2074992
F58K;3.837797
F58M;2.154836
F58L;2.947731
F58N;0.3032082
F58Q;2.575576
F58P;2.860868
F58S;1.766563
F58R;2.686245
F58T;2.803015
F58W;-0.1002271
F58V;2.050523
F58Y;-0.5672035
R59A;2.843058
R59C;2.828431
R59E;3.588858
R59D;3.699527
R59G;5.097196
R59F;3.074548
R59I;4.009598
R59H;1.039637
R59K;2.171285
R59M;2.828431
R59L;3.006274
R59N;1.136503
R59Q;2.572754
R59P;2.734861
R59S;2.889182
R59T;3.916029
R59W;4.676456
R59V;3.278787
R59Y;2.773211
P60A;0.3437122
P60C;1.947285
P60E;1.146018
P60D;1.419779
P60G;0.6473503
P60F;2.715545
P60I;1.306938
P60H;0.5637879
P60K;1.039521
P60M;0.8099053
P60L;0.9766142
P60N;3.329587
P60Q;0.9082732
P60S;0.4012329
P60R;1.847082
P60T;1.235444
P60W;3.50421
P60V;1.416525
P60Y;1.784449
E61A;1.157908
E61C;1.650143
E61D;-0.4322231
E61G;0.9913247
E61F;0.5042074
E61I;0.7737449
E61H;0.01170413
E61K;2.070883
E61M;3.858157
E61L;0.5842254
E61N;-0.1235291
E61Q;1.857584
E61P;1.86893
E61S;0.4414639
E61R;0.9020095
E61T;0.02969467
E61W;1.735777
E61V;1.305909
E61Y;-0.1131231
E62A;3.037239
E62C;5.014903
E62D;0.6060622
E62G;4.173423
E62F;5.014903
E62I;4.348046
E62H;3.196494
E62K;3.927305
E62M;3.681188
E62L;4.594163
E62N;3.752682
E62Q;2.270178
E62P;3.927305
E62S;3.523665
E62R;4.348046
E62T;1.926732
E62W;4.173423
E62V;2.901791
E62Y;3.681188
R63A;3.643971
R63C;3.294725
R63E;3.294725
R63D;3.375778
R63G;4.000757
R63F;4.556946
R63I;4.556946
R63H;2.38175
R63K;1.215209
R63M;3.101423
R63L;2.873984
R63N;3.890088
R63Q;2.873984
R63P;3.257926
R63S;3.580017
R63T;2.523554
R63W;4.556946
R63V;3.643971
R63Y;4.556946
F64A;4.278476
F64C;5.255405
F64E;4.413924
F64D;3.857736
F64G;4.34243
F64I;4.413924
F64H;3.653497
F64K;4.834664
F64M;3.993184
F64L;3.968405
F64N;3.611618
F64Q;3.572443
F64P;3.7729
F64S;4.365338
F64R;4.103853
F64T;4.032359
F64W;4.167807
F64V;4.494977
F64Y;3.993184
P65A;2.418631
P65C;2.546896
P65E;3.353681
P65D;2.686824
P65G;3.774421
P65F;2.463614
P65I;2.418631
P65H;1.441702
P65K;2.900122
P65M;2.932941
P65L;2.017473
P65N;2.126155
P65Q;1.969653
P65S;2.304759
P65R;2.453326
P65T;2.074829
P65W;3.506229
P65V;3.425175
P65Y;2.404348
M66A;2.071089
M66C;1.973761
M66E;2.126309
M66D;2.126309
M66G;2.675314
M66F;1.454653
M66I;0.9640135
M66H;1.593696
M66K;1.599736
M66L;0.5040982
M66N;1.624515
M66Q;1.587716
M66P;1.698385
M66S;1.870632
M66R;2.049485
M66T;1.627685
M66W;2.18706
M66V;0.8814974
M66Y;1.656983
M67A;2.625753
M67C;2.761201
M67E;2.35002
M67D;3.467233
M67G;3.307978
M67F;3.221116
M67I;2.98864
M67H;3.307978
M67K;2.120177
M67L;1.412908
M67N;2.120177
M67Q;2.069564
M67P;2.345221
M67S;2.425138
M67R;3.016877
M67T;1.242674
M67W;2.502568
M67V;2.190024
M67Y;3.145142
S68A;3.714576
S68C;1.209405
S68E;3.293835
S68D;3.293835
S68G;0.3322782
S68F;3.293835
S68I;1.896166
S68H;3.293835
S68K;3.293835
S68M;3.293835
S68L;3.960693
S68N;0.2246941
S68Q;3.293835
S68P;3.714576
S68R;2.698472
S68T;3.714576
S68W;3.293835
S68V;3.714576
S68Y;3.293835
T69A;1.46127
T69C;3.744318
T69E;3.744318
T69D;3.744318
T69G;4.165059
T69F;3.744318
T69I;1.323005
T69H;2.187394
T69K;3.744318
T69M;3.744318
T69L;4.411176
T69N;2.902838
T69Q;3.744318
T69P;3.077461
T69S;3.434247
T69R;4.411176
T69W;3.744318
T69V;4.165059
T69Y;2.902838
F70A;5.053608
F70C;4.38675
F70E;5.053608
F70D;5.053608
F70G;5.053608
F70I;5.053608
F70H;5.053608
F70K;5.053608
F70M;5.053608
F70L;3.697817
F70N;5.053608
F70Q;5.053608
F70P;5.053608
F70S;3.512451
F70R;5.720466
F70T;5.474348
F70W;5.053608
F70V;3.655939
F70Y;5.053608
K71A;4.142395
K71C;3.721654
K71E;1.967199
K71D;3.721654
K71G;4.142395
K71F;3.721654
K71I;2.634057
K71H;3.721654
K71M;3.721654
K71L;4.388512
K71N;2.634057
K71Q;3.300914
K71P;4.142395
K71S;4.388512
K71R;2.266132
K71T;3.054797
K71W;3.721654
K71V;3.721654
K71Y;3.721654
V72A;1.039966
V72C;3.029193
V72E;3.029193
V72D;3.029193
V72G;2.608452
V72F;1.848025
V72I;0.5645037
V72H;3.029193
V72K;3.029193
V72M;3.029193
V72L;2.719121
V72N;3.029193
V72Q;3.029193
V72P;3.449933
V72S;-1.308101
V72R;3.69605
V72T;3.449933
V72W;3.029193
V72Y;3.029193
L73A;1.37382
L73C;2.502172
L73E;3.58977
L73D;2.922912
L73G;3.58977
L73F;1.006613
L73I;0.9002639
L73H;2.192101
L73K;3.169029
L73M;0.922339
L73N;2.453586
L73Q;2.162485
L73P;0.6270596
L73S;1.973579
L73R;2.890093
L73T;1.741745
L73W;3.58977
L73V;1.138306
L73Y;2.502172
L74A;2.523099
L74C;2.769217
L74E;4.224739
L74D;2.891024
L74G;4.224739
L74F;2.716401
L74I;1.87492
L74H;2.470284
L74K;2.769217
L74M;1.183283
L74N;2.667815
L74Q;2.541778
L74P;3.088555
L74S;2.913932
L74R;3.104322
L74T;2.644907
L74W;4.224739
L74V;1.175244
L74Y;2.769217
C75A;1.399157
C75E;3.157348
C75D;3.403465
C75G;1.858328
C75F;2.982725
C75I;1.068582
C75H;3.649583
C75K;3.403465
C75M;3.157348
C75L;2.833935
C75N;2.982725
C75Q;3.403465
C75P;3.649583
C75S;2.703789
C75R;3.976753
C75T;1.482876
C75W;3.649583
C75V;0.7103571
C75Y;3.514134
G76A;-0.673358
G76C;2.059839
G76E;1.72686
G76D;2.435596
G76F;3.370646
G76I;3.060575
G76H;3.616764
G76K;3.060575
G76M;2.581982
G76L;3.0214
G76N;3.060575
G76Q;2.775283
G76P;2.949906
G76S;0.8589839
G76R;3.0214
G76T;2.703789
G76W;2.435596
G76V;2.48058
G76Y;3.370646
A77C;0.8671516
A77E;3.088706
A77D;2.393611
A77G;3.356899
A77F;-0.1133373
A77I;2.626087
A77H;0.8829775
A77K;1.265976
A77M;1.374068
A77L;1.200732
A77N;1.101117
A77Q;0.4679907
A77P;2.498787
A77S;1.911682
A77R;1.55213
A77T;2.340795
A77W;3.182276
A77V;1.3664
A77Y;0.3719487
V78A;3.104706
V78C;3.073571
V78E;3.62976
V78D;2.470667
V78G;3.383642
V78F;3.137525
V78I;-0.1925857
V78H;3.209019
V78K;2.914316
V78M;0.1510966
V78L;2.632927
V78N;3.209019
V78Q;2.788279
V78P;3.335056
V78S;3.160433
V78R;3.53619
V78T;1.753497
V78W;3.290073
V78Y;2.296044
L79A;4.157097
L79C;3.426286
L79E;3.982474
L79D;3.642787
L79G;4.577837
L79F;3.03668
L79I;3.426286
L79H;3.315616
L79K;3.426286
L79M;1.242717
L79N;3.490239
L79Q;4.157097
L79P;3.315616
L79S;3.672403
L79R;3.933888
L79T;3.426286
L79W;4.403214
L79V;3.160265
L79Y;3.03668
S80A;-0.09495808
S80C;2.169144
S80E;0.9289982
S80D;-0.07432603
S80G;1.209811
S80F;0.2083887
S80I;0.9818141
S80H;-0.4956042
S80K;0.2015684
S80M;0.8164585
S80L;0.8961794
S80N;-0.04454894
S80Q;0.573462
S80P;2.858077
S80R;0.6891581
S80T;0.1111559
S80W;1.396454
S80V;0.4929954
S80Y;-0.1462985
R81A;1.042178
R81C;3.434718
R81E;2.068184
R81D;2.735041
R81G;2.820676
R81F;3.855458
R81I;2.330489
R81H;0.9545303
R81K;0.795406
R81M;1.790931
R81L;1.247465
R81N;0.8290248
R81Q;0.9102759
R81P;3.013978
R81S;1.484921
R81T;1.885626
R81W;3.188601
R81V;3.155782
R81Y;1.847437
V82A;1.833179
V82C;3.549957
V82E;4.637555
V82D;4.216815
V82G;5.058295
V82F;3.375334
V82I;0.8219539
V82H;2.42954
V82K;3.970697
V82M;4.637555
V82L;4.637555
V82N;4.637555
V82Q;4.216815
V82P;5.058295
V82S;3.350555
V82R;4.042192
V82T;3.375334
V82W;4.637555
V82Y;4.637555
D83A;4.482081
D83C;4.307458
D83E;2.359701
D83G;5.56968
D83F;5.148939
D83I;5.148939
D83H;4.728199
D83K;5.148939
D83M;5.148939
D83L;5.815797
D83N;4.307458
D83Q;2.8119
D83P;5.56968
D83S;4.17201
D83R;5.395057
D83T;4.728199
D83W;5.148939
D83V;5.56968
D83Y;4.728199
A84C;3.235982
A84E;3.346651
A84D;1.848515
A84G;1.78046
A84F;3.90284
A84I;2.536306
A84H;2.259053
A84K;2.219878
A84M;2.60382
A84L;1.765322
A84N;1.98654
A84Q;2.345916
A84P;4.32358
A84S;1.264837
A84R;1.249306
A84T;0.6085595
A84W;4.32358
A84V;2.026577
A84Y;3.482099
G85A;2.450376
G85C;4.767727
G85E;1.813134
G85D;1.063474
G85F;4.767727
G85I;4.767727
G85H;1.668418
G85K;1.997168
G85M;3.790798
G85L;3.680129
G85N;1.428463
G85Q;1.851686
G85P;5.188468
G85S;2.138972
G85R;2.031863
G85T;4.767727
G85W;4.767727
G85V;4.346987
G85Y;3.58656
Q86A;1.035678
Q86C;4.297065
Q86E;1.179635
Q86D;1.67635
Q86G;2.274417
Q86F;1.93473
Q86I;1.102612
Q86H;0.6694199
Q86K;0.2786805
Q86M;0.7174925
Q86L;0.9382975
Q86N;0.7678877
Q86P;4.717805
Q86S;1.248902
Q86R;1.008593
Q86T;0.9264185
Q86W;2.577304
Q86V;1.222152
Q86Y;1.009492
E87A;4.975906
E87C;4.975906
E87D;1.079959
E87G;5.396646
E87F;2.975333
E87I;1.626812
E87H;4.975906
E87K;3.888308
E87M;1.138109
E87L;1.15468
E87N;4.975906
E87Q;3.888308
E87P;4.975906
E87S;4.555166
E87R;4.975906
E87T;2.911379
E87W;4.555166
E87V;2.275656
E87Y;4.975906
Q88A;1.425355
Q88C;3.489882
Q88E;3.489882
Q88D;0.8855727
Q88G;2.512953
Q88F;1.235743
Q88I;1.846095
Q88H;-1.082096
Q88K;1.115284
Q88M;3.489882
Q88L;0.4233233
Q88N;-0.09797202
Q88P;2.576907
Q88S;0.5788367
Q88R;0.9346207
Q88T;0.9197789
Q88W;2.22766
Q88V;1.735426
Q88Y;0.3548565
L89A;1.16122
L89C;4.008868
L89E;4.008868
L89D;2.553346
L89G;4.429608
L89F;1.144739
L89I;0.06715942
L89H;2.365082
L89K;4.008868
L89M;1.447627
L89N;3.031939
L89Q;2.92127
L89P;1.10794
L89S;2.313391
L89R;3.698797
L89T;1.905166
L89W;4.008868
L89V;0.6288829
L89Y;2.92127
G90A;1.474
G90C;3.427858
G90E;0.450356
G90D;-1.156669
G90F;1.324156
G90I;2.030189
G90H;0.5019469
G90K;2.165637
G90M;1.609448
G90L;1.936619
G90N;-0.08105356
G90Q;0.6447825
G90P;2.667431
G90S;0.7101143
G90R;0.9844693
G90T;0.3248812
G90W;1.287357
G90V;1.438631
G90Y;1.324156
R91A;4.898913
R91C;4.478173
R91E;4.478173
R91D;4.478173
R91G;4.898913
R91F;4.478173
R91I;4.478173
R91H;4.057433
R91K;4.478173
R91M;4.478173
R91L;5.145031
R91N;4.057433
R91Q;4.478173
R91P;4.478173
R91S;5.145031
R91T;4.898913
R91W;4.478173
R91V;4.898913
R91Y;4.478173
R92A;2.1476
R92C;2.703789
R92E;2.703789
R92D;2.703789
R92G;3.124529
R92F;2.703789
R92I;1.370073
R92H;1.72686
R92K;2.036931
R92M;2.703789
R92L;1.72686
R92N;2.283048
R92Q;2.283048
R92P;3.124529
R92S;3.370646
R92T;-1.450691
R92W;2.703789
R92V;-1.655668
R92Y;2.703789
I93A;4.584208
I93C;4.584208
I93E;4.584208
I93D;4.163468
I93G;5.004948
I93F;4.584208
I93H;4.584208
I93K;4.584208
I93M;1.254936
I93L;3.432656
I93N;4.584208
I93Q;4.584208
I93P;5.004948
I93S;4.830325
I93R;5.251066
I93T;5.004948
I93W;4.584208
I93V;0.2242897
I93Y;4.584208
H94A;2.748919
H94C;5.319021
H94E;5.319021
H94D;4.898281
H94G;5.739761
H94F;4.652164
H94I;4.652164
H94K;3.810683
H94M;4.342093
H94L;3.442758
H94N;3.531747
H94Q;2.674499
H94P;3.205908
H94S;4.652164
H94R;4.008214
H94T;3.285629
H94W;5.319021
H94V;3.921352
H94Y;3.215319
Y95A;5.669785
Y95C;3.986823
Y95E;5.249044
Y95D;4.161446
Y95G;5.669785
Y95F;1.275146
Y95I;2.032966
Y95H;4.407564
Y95K;4.828304
Y95M;5.249044
Y95L;3.605258
Y95N;4.407564
Y95Q;5.249044
Y95P;4.828304
Y95S;4.582187
Y95R;5.495162
Y95T;4.488617
Y95W;2.04214
Y95V;3.547405
S96A;0.5561885
S96C;2.954593
S96E;-1.120171
S96D;-2.132065
S96G;0.5503798
S96F;1.352686
S96I;1.352686
S96H;0.2650876
S96K;1.106568
S96M;1.352686
S96L;0.6262254
S96N;-0.4807123
S96Q;0.9769288
S96P;1.866995
S96R;1.106568
S96T;-0.2141626
S96W;1.620878
S96V;0.9887156
S96Y;0.7465786
Q97A;2.18199
Q97C;4.814726
Q97E;1.745585
Q97D;1.598647
Q97G;2.538777
Q97F;3.727128
Q97I;1.855481
Q97H;0.9780195
Q97K;1.458362
Q97M;1.841737
Q97L;2.346559
Q97N;1.371019
Q97P;1.511178
Q97S;1.91892
Q97R;1.328723
Q97T;1.804405
Q97W;3.027452
Q97V;2.151054
Q97Y;2.440128
N98A;0.5438575
N98C;2.972989
N98E;0.6308051
N98D;-0.4920333
N98G;0.9837619
N98F;1.474852
N98I;0.6787511
N98H;0.6106538
N98K;0.4372708
N98M;0.6543048
N98L;1.19863
N98Q;0.4280317
N98P;1.271349
N98S;0.4836884
N98R;1.310606
N98T;0.6244357
N98W;2.195462
N98V;0.9024221
N98Y;0.8542987
D99A;2.140209
D99C;4.637992
D99E;3.414946
D99G;5.058733
D99F;4.637992
D99I;2.761729
D99H;1.349072
D99K;2.696398
D99M;2.025425
D99L;4.081804
D99N;0.8280697
D99Q;2.327348
D99P;4.298306
D99S;2.097945
D99R;3.282202
D99T;1.961266
D99W;5.058733
D99V;3.240323
D99Y;3.104875
L100A;3.166455
L100C;3.301903
L100E;4.143384
L100D;3.587195
L100G;4.564124
L100F;2.809668
L100I;-0.004920319
L100H;3.722643
L100K;3.0072
L100M;0.6151131
L100N;3.587195
L100Q;3.722643
L100P;3.897266
L100S;3.443707
L100R;3.674057
L100T;3.0072
L100W;3.476526
L100V;0.6501286
L100Y;3.301903
V101A;1.377866
V101C;0.8292176
V101E;4.045296
V101D;0.8231778
V101G;1.904795
V101F;1.249958
V101I;-0.146496
V101H;1.695477
V101K;2.589774
V101M;1.159867
V101L;0.3003426
V101N;2.647627
V101Q;1.635329
V101P;2.103702
V101S;1.543398
V101R;1.837281
V101T;1.186611
V101W;2.711581
V101Y;1.591164
E102A;2.519681
E102C;3.409748
E102D;2.726259
E102G;2.138116
E102F;3.520417
E102I;3.830488
E102H;2.621083
E102K;1.729956
E102M;4.918086
E102L;2.449919
E102N;3.2743
E102Q;1.765961
E102P;2.952208
E102S;2.300075
E102R;2.139154
E102T;2.710071
E102W;2.989007
E102V;3.18073
E102Y;2.153883
Y103A;3.425231
Y103C;2.015131
Y103E;5.04844
Y103D;2.427724
Y103G;2.548184
Y103F;3.65077
Y103I;3.047866
Y103H;1.568301
Y103K;5.04844
Y103M;5.04844
Y103L;4.113389
Y103N;1.449179
Y103Q;5.04844
Y103P;3.119361
Y103S;2.511481
Y103R;3.340699
Y103T;2.533556
Y103W;5.04844
Y103V;4.07151
S104A;1.744638
S104C;4.168755
S104E;4.589496
S104D;4.589496
S104G;3.922638
S104F;3.922638
S104I;3.501898
S104H;3.133973
S104K;3.748015
S104M;3.922638
S104L;3.501898
S104N;3.133973
S104Q;4.589496
S104P;4.589496
S104R;4.414873
S104T;3.25578
S104W;3.032571
S104V;5.010236
S104Y;3.408328
P105A;4.192198
P105C;4.859055
P105E;4.859055
P105D;3.882126
P105G;5.279796
P105F;4.859055
P105I;4.438315
P105H;3.350717
P105K;4.192198
P105M;4.192198
P105L;5.105173
P105N;3.461386
P105Q;3.596834
P105S;4.128244
P105R;4.859055
P105T;3.431771
P105W;4.859055
P105V;4.612938
P105Y;4.859055
V106A;1.593738
V106C;3.681423
V106E;2.347708
V106D;2.791356
V106G;4.769021
V106F;3.681423
V106I;-0.3197229
V106H;2.791356
V106K;4.348281
V106M;4.348281
V106L;1.628242
V106N;3.260683
V106Q;1.68839
V106P;3.125235
V106S;1.519485
V106R;4.038209
V106T;1.292824
V106W;4.348281
V106Y;1.673402
T107A;3.106103
T107C;4.28727
T107E;4.28727
T107D;4.708011
T107G;5.128751
T107F;4.708011
T107I;4.041153
T107H;4.28727
T107K;3.44579
T107M;4.041153
T107L;4.954128
T107N;2.831748
T107Q;4.708011
T107P;5.128751
T107S;2.186738
T107R;3.977199
T107W;4.708011
T107V;4.461893
T107Y;4.708011
E108A;1.864112
E108C;4.691949
E108D;1.053615
E108G;2.117464
E108F;3.850469
E108I;2.305331
E108H;2.22726
E108K;0.8866079
E108M;1.59633
E108L;3.482544
E108N;2.216884
E108Q;2.148829
E108P;5.112689
E108S;1.584117
E108R;2.096013
E108T;2.22726
E108W;4.691949
E108V;2.006068
E108Y;2.648001
K109A;1.740725
K109C;4.798155
K109E;1.567088
K109D;2.210709
K109G;3.710557
K109F;3.154369
K109I;2.388188
K109H;1.695179
K109M;1.74866
K109L;2.70081
K109N;1.579049
K109Q;1.373518
K109P;3.661971
K109S;2.365704
K109R;2.628606
K109T;1.589712
K109W;4.798155
K109V;2.89491
K109Y;3.196248
H110A;2.684394
H110C;3.071713
H110E;4.919738
H110D;4.919738
H110G;5.761219
H110F;1.814936
H110I;3.016493
H110K;2.930511
H110M;4.078258
H110L;2.103518
H110N;2.53312
H110Q;1.886431
H110P;3.043476
H110S;3.289593
H110R;3.029835
H110T;3.620718
H110W;4.498998
H110V;4.78429
H110Y;1.958181
L111A;0.5837158
L111C;1.582325
L111E;-0.04278262
L111D;1.170852
L111G;2.523538
L111F;0.398536
L111I;-0.4416351
L111H;-0.4673049
L111K;1.199535
L111M;1.43594
L111N;1.261317
L111Q;0.433539
L111P;0.983523
L111S;1.022469
L111R;0.9093673
L111T;-0.1991124
L111W;1.801461
L111V;-0.412085
L111Y;0.0990216
T112A;0.5478107
T112C;4.051075
T112E;-0.08668324
T112D;0.3061217
T112G;1.186947
T112F;4.051075
T112I;2.368114
T112H;0.5970272
T112K;0.02385299
T112M;-0.1030808
T112L;1.388661
T112N;0.6505893
T112Q;0.6032107
T112P;0.1153654
T112S;1.489834
T112R;1.012324
T112W;1.892979
T112V;1.596943
T112Y;1.101169
D113A;1.358198
D113C;2.898467
D113E;0.5908278
D113G;1.629261
D113F;2.723844
D113I;1.899463
D113H;1.384534
D113K;1.369863
D113M;1.465853
D113L;2.770559
D113N;0.6254344
D113Q;2.758539
D113P;3.443517
D113S;1.519055
D113R;2.234113
D113T;1.611467
D113W;4.4783
D113V;1.484167
D113Y;1.274484
G114A;3.704784
G114C;4.006121
G114E;5.187289
G114D;3.543502
G114F;5.187289
G114I;5.187289
G114H;4.345808
G114K;5.187289
G114M;4.766549
G114L;5.187289
G114N;4.345808
G114Q;5.187289
G114P;4.152507
G114S;4.456477
G114R;5.433406
G114T;3.678951
G114W;5.187289
G114V;4.099691
G114Y;4.766549
M115A;4.832975
M115C;5.389163
M115E;4.968423
M115D;4.968423
M115G;5.809904
M115F;5.389163
M115I;2.347708
M115H;5.389163
M115K;4.301565
M115L;1.22644
M115N;4.968423
M115Q;2.297257
M115P;4.412234
M115S;6.056021
M115R;4.968423
M115T;4.055448
M115W;5.389163
M115V;4.354381
M115Y;4.547683
T116A;3.625407
T116C;4.602336
T116E;4.046147
T116D;2.298474
T116G;5.443817
T116F;5.023076
T116I;4.181595
T116H;3.760855
T116K;3.204667
T116M;4.356218
T116L;5.689934
T116N;0.6826004
T116Q;2.014889
T116P;3.656542
T116S;2.298474
T116R;4.181595
T116W;5.023076
T116V;4.110101
T116Y;4.181595
V117A;3.132865
V117C;4.483212
V117E;4.483212
V117D;2.974873
V117G;4.347764
V117F;4.062471
V117I;0.175753
V117H;3.641731
V117K;4.903952
V117M;2.974873
V117L;1.754079
V117N;2.408652
V117Q;4.483212
V117P;3.537418
V117S;3.149496
V117R;4.729329
V117T;2.75459
V117W;4.903952
V117Y;3.570237
R118A;-1.238197
R118C;1.036452
R118E;-1.110506
R118D;-2.459027
R118G;-0.6182717
R118F;1.404376
R118I;0.8900666
R118H;-1.049756
R118K;-1.190153
R118M;0.6439493
R118L;1.896611
R118N;-1.991613
R118Q;-0.1829042
R118P;1.825117
R118S;-0.8150667
R118T;0.1173764
R118W;0.9350501
R118V;1.404376
R118Y;-1.734682
E119A;3.812476
E119C;4.426517
E119D;2.407493
E119G;2.495335
E119F;4.426517
E119I;4.058593
E119H;3.491467
E119K;3.695706
E119M;3.870329
E119L;4.783304
E119N;2.831879
E119Q;2.69497
E119P;3.850426
E119S;4.005777
E119R;4.725451
E119T;3.726841
E119W;4.847258
E119V;3.980998
E119Y;4.1804
L120A;3.280921
L120C;3.701661
L120E;3.549113
L120D;2.377658
L120G;3.9059
L120F;3.620607
L120I;3.095554
L120H;3.620607
L120K;3.064419
L120M;3.064419
L120N;2.691001
L120Q;4.041348
L120P;3.746644
L120S;3.445984
L120R;3.731277
L120T;2.769716
L120W;3.9059
L120V;3.9059
L120Y;3.095554
C121A;4.708335
C121E;4.882958
C121D;3.39172
C121G;4.708335
C121F;4.708335
C121I;3.866855
C121H;3.549243
C121K;4.882958
C121M;3.326034
C121L;4.398264
C121N;3.175218
C121Q;5.129076
C121P;4.250796
C121S;3.741608
C121R;3.947908
C121T;3.992892
C121W;5.549816
C121V;4.789389
C121Y;3.485289
S122A;0.08496458
S122C;2.430978
S122E;0.1680211
S122D;0.3234943
S122G;0.5505906
S122F;1.504662
S122I;0.7330282
S122H;0.00742063
S122K;0.07237077
S122M;0.07237077
S122L;0.9092984
S122N;-0.2025505
S122Q;0.2245626
S122P;1.795255
S122R;-0.05999508
S122T;0.07549481
S122W;1.353582
S122V;0.7614421
S122Y;0.5602586
A123C;2.276832
A123E;5.053681
A123D;3.545343
A123G;4.807564
A123F;4.632941
A123I;5.053681
A123H;4.212201
A123K;5.053681
A123M;3.79146
A123L;4.879058
A123N;5.053681
A123Q;4.212201
A123P;3.064455
A123S;1.737135
A123R;4.632941
A123T;1.113352
A123W;5.053681
A123V;4.386824
A123Y;4.632941
A124C;2.276832
A124E;5.053681
A124D;3.545343
A124G;4.807564
A124F;4.632941
A124I;5.053681
A124H;4.212201
A124K;5.053681
A124M;3.79146
A124L;4.879058
A124N;5.053681
A124Q;4.212201
A124P;3.064455
A124S;1.737135
A124R;4.632941
A124T;1.113352
A124W;5.053681
A124V;4.386824
A124Y;4.632941
I125A;3.896541
I125C;2.486852
I125E;3.086196
I125D;4.206613
I125G;4.317282
I125F;3.475801
I125H;3.475801
I125K;2.895806
I125M;0.3895064
I125L;0.6418571
I125N;3.271562
I125Q;2.895806
I125P;2.872897
I125S;3.637083
I125R;3.51768
I125T;2.408781
I125W;4.45273
I125V;0.6273181
I125Y;3.365132
T126A;0.5165172
T126C;2.371428
T126E;1.117163
T126D;1.611001
T126G;2.092492
T126F;3.744318
T126I;2.084557
T126H;3.387532
T126K;2.322842
T126M;1.71306
T126L;3.48486
T126N;1.938172
T126Q;2.23598
T126P;2.608135
T126S;0.7525964
T126R;2.818002
T126W;4.721247
T126V;1.807699
T126Y;3.879766
M127A;2.847803
M127C;5.022999
M127E;1.953858
M127D;2.489146
M127G;4.776882
M127F;2.900619
M127I;2.864902
M127H;1.80088
M127K;1.716829
M127L;1.106286
M127N;2.427063
M127Q;0.7097867
M127P;3.174974
M127S;2.427063
M127R;2.452896
M127T;0.9438252
M127W;1.797883
M127V;2.180945
M127Y;3.174974
S128A;4.247356
S128C;3.826615
S128E;4.914214
S128D;3.937285
S128G;3.691167
S128F;4.914214
S128I;2.449525
S128H;2.985135
S128K;3.516544
S128M;3.733046
S128L;4.024147
S128N;2.891565
S128Q;4.493473
S128P;3.826615
S128R;3.422975
S128T;3.312306
S128W;4.914214
S128V;3.879431
S128Y;3.733046
D129A;4.734077
D129C;4.241842
D129E;4.734077
D129G;4.439374
D129F;4.598629
D129I;4.48796
D129H;3.855797
D129K;4.598629
D129M;4.48796
D129L;4.522655
D129N;3.855797
D129Q;4.48796
D129P;3.271696
D129S;4.424006
D129R;4.198467
D129T;3.375583
D129W;4.9087
D129V;4.241842
D129Y;4.067219
N130A;4.737304
N130C;4.911927
N130E;4.737304
N130D;3.702522
N130G;4.911927
N130F;4.601856
N130I;4.491187
N130H;2.903907
N130K;4.491187
N130M;4.911927
N130L;5.064475
N130Q;5.578785
N130P;3.386958
N130S;4.222995
N130R;4.983422
N130T;3.998952
N130W;5.158045
N130V;5.999526
N130Y;3.73076
T131A;0.4781536
T131C;2.027066
T131E;4.74481
T131D;3.657212
T131G;0.9897811
T131F;4.077952
T131I;4.324069
T131H;3.767881
T131K;4.077952
T131M;3.482589
T131L;3.347141
T131N;3.347141
T131Q;3.563642
T131P;3.482589
T131S;0.8370945
T131R;3.854743
T131W;4.077952
T131V;3.236471
T131Y;3.563642
A132C;3.714778
A132E;5.1703
A132D;5.1703
A132G;5.591041
A132F;5.1703
A132I;5.1703
A132H;4.32882
A132K;4.503443
A132M;4.74956
A132L;4.74956
A132N;3.836585
A132Q;3.661962
A132P;4.082702
A132S;2.771895
A132R;3.752728
A132T;3.714778
A132W;5.1703
A132V;4.034116
A132Y;5.1703
A133C;4.502107
A133E;4.922847
A133D;4.081366
A133G;1.975298
A133F;4.255989
A133I;4.922847
A133H;3.835249
A133K;4.922847
A133M;4.922847
A133L;4.748224
A133N;4.502107
A133Q;4.922847
A133P;3.320939
A133S;1.123281
A133R;4.612776
A133T;0.8070896
A133W;4.922847
A133V;4.16242
A133Y;4.922847
N134A;3.435794
N134C;3.174308
N134E;3.309757
N134D;2.852217
N134G;4.015789
N134F;3.309757
N134I;3.81155
N134H;2.6061
N134K;2.571404
N134M;3.272957
N134L;3.072129
N134Q;3.174308
N134P;2.928191
N134S;3.107327
N134R;3.420426
N134T;2.889016
N134W;4.151237
N134V;3.90512
N134Y;3.015053
L135A;2.18363
L135C;2.286259
L135E;2.811313
L135D;2.170289
L135G;2.646249
L135F;2.429747
L135I;0.2774598
L135H;1.865519
L135K;1.989104
L135M;0.3899996
L135N;2.050886
L135Q;1.284296
L135P;1.826844
L135S;2.416406
L135R;2.30794
L135T;2.095869
L135W;2.51661
L135V;1.012175
L135Y;1.790486
L136A;2.264387
L136C;2.696689
L136E;2.696689
L136D;2.209665
L136G;2.720496
L136F;2.095517
L136I;0.7656682
L136H;1.855209
L136K;2.405588
L136M;1.729172
L136N;2.299756
L136Q;1.866995
L136P;2.104251
L136S;2.558136
L136R;2.570652
L136T;2.179054
L136W;2.651706
L136V;1.963548
L136Y;2.609827
L137A;3.100346
L137C;3.259601
L137E;4.061906
L137D;4.236529
L137G;5.324128
L137F;2.351139
L137I;1.532741
L137H;3.183627
L137K;4.903387
L137M;1.613122
L137N;4.903387
L137Q;2.634622
L137P;2.71156
L137S;2.91799
L137R;3.378418
L137T;1.843989
L137W;4.482647
L137V;1.962966
L137Y;2.102009
T138A;0.1647913
T138C;1.451965
T138E;0.361483
T138D;-0.03054003
T138G;0.9501708
T138F;1.217521
T138I;0.9205551
T138H;0.2152004
T138K;0.1002136
T138M;0.5428559
T138L;1.059324
T138N;-0.09215184
T138Q;0.3238384
T138P;2.154538
T138S;0.230462
T138R;0.4932266
T138W;1.394111
T138V;0.8571435
T138Y;0.5912802
T139A;0.7927172
T139C;2.469322
T139E;1.027755
T139D;1.278596
T139G;1.819565
T139F;4.644518
T139I;1.65809
T139H;1.437614
T139K;1.200811
T139M;1.202901
T139L;1.403661
T139N;0.6400511
T139Q;1.029325
T139P;2.857244
T139S;0.84689
T139R;1.613951
T139W;3.087594
T139V;1.813811
T139Y;2.768256
I140A;3.839909
I140C;4.718189
I140E;4.472071
I140D;4.051331
I140G;5.138929
I140F;1.87054
I140H;3.876708
I140K;4.051331
I140M;0.874967
I140L;1.098816
I140N;3.351655
I140Q;4.297448
I140P;4.104147
I140S;4.122825
I140R;4.086026
I140T;3.367842
I140W;3.805214
I140V;1.451892
I140Y;2.097473
G141A;3.491393
G141C;4.973897
G141E;3.186623
G141D;1.09604
G141F;4.973897
G141I;4.132417
G141H;3.518375
G141K;2.440044
G141M;4.973897
G141L;4.243086
G141N;0.5380184
G141Q;2.889467
G141P;4.973897
G141S;3.465559
G141R;3.920994
G141T;3.546613
G141W;4.132417
G141V;3.416973
G141Y;3.640182
G142A;4.194758
G142C;4.020135
G142E;4.130805
G142D;2.883951
G142F;3.926566
G142I;3.845512
G142H;3.505826
G142K;3.463947
G142M;3.652211
G142L;5.107733
G142N;3.710064
G142Q;3.845512
G142P;4.551545
G142S;2.186738
G142R;3.535441
G142T;3.884687
G142W;4.686993
G142V;4.194758
G142Y;4.130805
P143A;3.452418
P143C;5.172178
P143E;5.172178
P143D;5.172178
P143G;5.172178
P143F;5.172178
P143I;5.172178
P143H;1.634008
P143K;5.172178
P143M;5.172178
P143L;2.762211
P143N;3.909957
P143Q;3.417722
P143S;2.903413
P143R;4.441367
P143T;2.392208
P143W;5.172178
P143V;3.909957
P143Y;5.172178
K144A;0.5493013
K144C;1.523125
K144E;0.3544737
K144D;0.4694942
K144G;0.9414645
K144F;3.88546
K144I;1.464147
K144H;0.5779839
K144M;1.164278
K144L;1.621531
K144N;0.5599783
K144Q;0.585867
K144P;0.8172863
K144S;0.8016765
K144R;1.048108
K144T;0.4760801
K144W;0.01067169
K144V;1.412972
K144Y;1.137445
E145A;1.094782
E145C;2.607701
E145D;1.147183
E145G;0.9334236
E145F;2.159978
E145I;1.787274
E145H;1.094782
E145K;0.1047596
E145M;0.7689433
E145L;2.29763
E145N;-0.09576689
E145Q;0.5561885
E145P;2.542369
E145S;0.9281983
E145R;1.215575
E145T;0.9238781
E145W;2.097346
E145V;1.560505
E145Y;1.520103
L146A;2.83351
L146C;4.822737
L146E;4.401997
L146D;4.822737
L146G;4.822737
L146F;2.358048
L146I;1.958608
L146H;3.981256
L146K;4.822737
L146M;1.609701
L146N;4.401997
L146Q;2.424332
L146P;3.523717
L146S;4.401997
L146R;3.367215
L146T;4.06231
L146W;4.155879
L146V;1.118484
L146Y;3.265813
T147A;3.173699
T147C;3.71452
T147E;4.135261
T147D;3.256981
T147G;2.389294
T147F;4.976741
T147I;3.999812
T147H;3.158332
T147K;3.999812
T147M;4.135261
T147L;3.451771
T147N;1.147725
T147Q;2.954093
T147P;3.189467
T147S;1.306465
T147R;2.378001
T147W;4.976741
T147V;2.006021
T147Y;3.999812
A148C;1.804984
A148E;0.1283787
A148D;0.542763
A148G;0.6885738
A148F;1.21918
A148I;0.6202142
A148H;0.19411
A148K;-0.2867449
A148M;0.517984
A148L;1.2224
A148N;-0.2176642
A148Q;0.134802
A148P;2.821088
A148S;0.7048701
A148R;-0.02552835
A148T;0.1620412
A148W;1.279931
A148V;0.9730626
A148Y;0.6421563
F149A;1.293356
F149C;2.969961
F149E;2.254518
F149D;3.811442
F149G;3.922111
F149I;0.590326
F149H;0.9922967
F149K;2.575055
F149M;0.4222597
F149L;1.059429
F149N;3.022777
F149Q;1.465853
F149P;3.390702
F149S;2.204736
F149R;2.670092
F149T;1.250201
F149W;0.3670399
F149V;1.526045
F149Y;0.2084262
L150A;2.195445
L150C;4.611112
L150E;3.634183
L150D;4.611112
L150G;3.698137
L150F;3.009204
L150I;1.859824
L150H;4.611112
L150K;3.277396
L150M;0.4867977
L150N;4.611112
L150Q;3.523514
L150P;3.429944
L150S;3.193539
L150R;4.190372
L150T;2.267649
L150W;2.567163
L150V;1.465769
L150Y;4.611112
H151A;1.738025
H151C;2.561539
H151E;2.055963
H151D;3.069141
H151G;2.073817
H151F;3.444898
H151I;3.228396
H151K;2.77804
H151M;2.672208
H151L;1.592758
H151N;2.289026
H151Q;0.7106299
H151P;2.924426
H151S;2.367012
H151R;0.682218
H151T;2.371927
H151W;2.722821
H151V;2.199158
H151Y;1.49104
N152A;0.8710242
N152C;1.350527
N152E;0.7444198
N152D;0.7669502
N152G;0.6325231
N152F;2.240593
N152I;2.134761
N152H;1.039123
N152K;0.541587
N152M;0.5929651
N152L;1.277306
N152Q;0.9198625
N152P;2.690949
N152S;0.769506
N152R;0.7444198
N152T;0.7530825
N152W;1.152995
N152V;1.027259
N152Y;1.275338
M153A;0.8753635
M153C;1.212247
M153E;1.830217
M153D;3.852865
M153G;1.499893
M153F;1.94962
M153I;1.20061
M153H;2.115509
M153K;2.209079
M153L;0.6307468
M153N;2.425581
M153Q;1.509402
M153P;3.238823
M153S;1.354257
M153R;1.954035
M153T;1.106492
M153W;0.1554402
M153V;0.6490496
M153Y;3.296677
G154A;5.139312
G154C;4.718572
G154E;1.469994
G154D;1.097121
G154F;4.718572
G154I;4.718572
G154H;4.718572
G154K;4.297832
G154M;4.297832
G154L;5.385429
G154N;4.718572
G154Q;4.718572
G154P;5.139312
G154S;5.385429
G154R;4.964689
G154T;5.139312
G154W;4.718572
G154V;5.139312
G154Y;4.718572
D155A;5.20782
D155C;5.20782
D155E;4.787079
D155G;4.294845
D155F;5.20782
D155I;3.650896
D155H;5.20782
D155K;5.20782
D155M;4.787079
D155L;5.874678
D155N;4.540962
D155Q;5.20782
D155P;5.62856
D155S;5.874678
D155R;5.874678
D155T;4.540962
D155W;5.20782
D155V;5.62856
D155Y;5.20782
H156A;2.66035
H156C;2.038004
H156E;0.872108
H156D;0.659096
H156G;2.277559
H156F;1.380008
H156I;2.093224
H156K;0.4892552
H156M;1.345313
H156L;1.119193
H156N;0.07109237
H156Q;0.3044303
H156P;1.285165
H156S;1.387493
H156R;1.572752
H156T;0.4695177
H156W;1.398129
H156V;2.607534
H156Y;0.6311677
V157A;0.1805898
V157C;0.6737477
V157E;1.266346
V157D;0.2488639
V157G;0.6162724
V157F;0.9282375
V157I;0.4276303
V157H;0.4918922
V157K;-0.2050211
V157M;0.6031779
V157L;1.388153
V157N;-0.006812642
V157Q;-0.0698173
V157P;2.332263
V157S;0.3195845
V157R;-0.03115787
V157T;-0.2790082
V157W;1.744939
V157Y;0.3926273
T158A;2.797467
T158C;3.808127
T158E;4.989295
T158D;2.567981
T158G;3.808127
T158F;3.480956
T158I;4.322437
T158H;2.368579
T158K;3.655579
T158M;3.727073
T158L;3.633504
T158N;2.945346
T158Q;3.533772
T158P;2.857786
T158S;1.613961
T158R;4.568554
T158W;4.989295
T158V;4.012366
T158Y;3.727073
R159A;4.411058
R159C;1.939432
R159E;4.236435
R159D;2.656603
R159G;3.815695
R159F;2.838766
R159I;1.974939
R159H;0.6259781
R159K;2.044608
R159M;3.815695
R159L;2.132734
R159N;0.5207482
R159Q;0.6307514
R159P;2.623784
R159S;2.438604
R159T;2.048723
R159W;4.236435
R159V;2.582616
R159Y;2.203044
L160A;1.802534
L160C;1.052903
L160E;2.941306
L160D;2.877352
L160G;4.139573
L160F;1.704919
L160I;0.9345201
L160H;2.161909
L160K;4.028904
L160M;1.764975
L160N;3.854281
L160Q;3.0128
L160P;1.514021
L160S;2.008669
L160R;2.964214
L160T;2.225863
L160W;3.718833
L160V;1.217591
L160Y;2.976001
D161A;2.41845
D161C;3.516082
D161E;1.890784
D161G;2.689969
D161F;4.000776
D161I;3.269964
D161H;3.690705
D161K;3.311843
D161M;3.333918
D161L;3.897647
D161N;1.20409
D161Q;2.630702
D161P;4.493011
D161S;1.890089
D161R;3.276747
D161T;2.864592
D161W;4.493011
D161V;2.518271
D161Y;3.732583
R162A;5.288712
R162C;1.543758
R162E;4.867971
R162D;4.867971
R162G;1.972166
R162F;4.867971
R162I;4.867971
R162H;4.867971
R162K;4.867971
R162M;4.867971
R162L;5.534829
R162N;4.867971
R162Q;4.867971
R162P;5.288712
R162S;2.12988
R162T;5.288712
R162W;4.867971
R162V;5.288712
R162Y;4.867971
W163A;4.827451
W163C;2.652255
W163E;4.406711
W163D;4.406711
W163G;4.827451
W163F;1.526537
W163I;4.406711
W163H;4.406711
W163K;4.406711
W163M;4.406711
W163L;2.711233
W163N;4.406711
W163Q;4.406711
W163P;4.827451
W163S;1.921443
W163R;5.073568
W163T;4.827451
W163V;4.827451
W163Y;1.130026
E164A;4.295187
E164C;3.564375
E164D;3.085782
E164G;1.645499
E164F;3.207589
E164I;3.564375
E164H;4.541304
E164K;1.945368
E164M;4.541304
E164L;3.420887
E164N;3.564375
E164Q;3.699824
E164P;3.780877
E164S;4.120564
E164R;4.026995
E164T;4.962045
E164W;3.279083
E164V;3.11402
E164Y;3.874447
P165A;3.058415
P165C;3.899895
P165E;2.502226
P165D;2.812298
P165G;3.233038
P165F;3.899895
P165I;2.922967
P165H;3.479155
P165K;2.718728
P165M;3.233038
P165L;1.660746
P165N;2.812298
P165Q;2.180135
P165S;1.57591
P165R;3.058415
P165T;0.426672
P165W;3.899895
P165V;2.56618
P165Y;3.899895
E166A;1.004019
E166C;4.401136
E166D;1.490091
E166G;0.07829041
E166F;4.401136
E166I;4.401136
E166H;4.401136
E166K;4.401136
E166M;4.401136
E166L;5.067994
E166N;4.401136
E166Q;4.401136
E166P;4.821876
E166S;5.067994
E166R;5.067994
E166T;4.821876
E166W;4.401136
E166V;0.765076
E166Y;4.401136
L167A;2.875168
L167C;1.822265
L167E;2.826582
L167D;3.202339
L167G;2.100458
L167F;1.201766
L167I;1.594269
L167H;3.295908
L167K;3.121285
L167M;2.535481
L167N;3.716649
L167Q;2.22541
L167P;1.289741
L167S;1.723616
L167R;2.129368
L167T;2.850389
L167W;2.208311
L167V;1.686817
L167Y;2.507244
N168A;2.701374
N168C;4.114031
N168E;1.8711
N168D;1.503518
N168G;2.475325
N168F;4.288654
N168I;2.545545
N168H;2.747497
N168K;1.471458
N168M;3.235752
N168L;3.668512
N168Q;1.996267
N168P;2.551299
N168S;2.172437
N168R;2.494322
N168T;1.882517
N168W;3.398588
N168V;3.588978
N168Y;2.932864
E169A;-0.3573269
E169C;0.9942023
E169D;-0.3332228
E169G;-0.007855759
E169F;1.327663
E169I;0.4781072
E169H;0.02991981
E169K;0.3728098
E169M;1.384434
E169L;1.867807
E169N;0.7215564
E169Q;1.183605
E169P;3.010625
E169S;-0.3691396
E169R;0.4187163
E169T;0.5893115
E169W;2.437337
E169V;1.026326
E169Y;0.6828809
A170C;1.465144
A170E;3.845781
A170D;2.16282
A170G;1.674815
A170F;1.480357
A170I;2.153409
A170H;0.9735771
A170K;4.687262
A170M;3.130338
A170L;2.792879
A170N;1.050443
A170Q;3.425041
A170P;1.807088
A170S;1.043903
A170R;1.80885
A170T;2.172379
A170W;0.8626851
A170V;1.137597
A170Y;0.9816526
I171A;0.96761
I171C;1.347456
I171E;1.478323
I171D;0.1811852
I171G;2.149762
I171F;0.8589116
I171H;1.130219
I171K;1.482904
I171M;1.53572
I171L;1.557857
I171N;-0.04652292
I171Q;2.014314
I171P;0.8475046
I171S;1.166429
I171R;1.865045
I171T;0.7211648
I171W;2.991243
I171V;1.032987
I171Y;1.203968
P172A;0.2567357
P172C;1.198969
P172E;0.609962
P172D;-0.8272812
P172G;1.1054
P172F;-2.087704
P172I;3.374165
P172H;1.330217
P172K;-0.4923646
P172M;0.8788649
P172L;0.5302411
P172N;0.9995673
P172Q;1.555756
P172S;0.9344007
P172R;1.344334
P172T;0.8219169
P172W;2.397237
P172V;1.098216
P172Y;1.691204
N173A;1.587502
N173C;2.456789
N173E;0.6308386
N173D;-1.75622
N173G;-0.3109982
N173F;1.634579
N173I;2.742081
N173H;1.38197
N173K;2.631412
N173M;3.298269
N173L;0.5646408
N173Q;1.435961
N173P;1.527182
N173S;1.781558
N173R;2.385294
N173T;1.098294
N173W;3.71901
N173V;2.263487
N173Y;0.4260649
D174A;4.061287
D174C;4.996337
D174E;5.663195
D174G;4.106271
D174F;3.662622
D174I;5.242455
D174H;3.003305
D174K;5.663195
D174M;4.482028
D174L;3.709337
D174N;3.90874
D174Q;5.663195
D174P;3.721601
D174S;3.419008
D174R;4.426808
D174T;4.902768
D174W;4.575597
D174V;4.996337
D174Y;3.980234
E175A;0.6538379
E175C;1.365725
E175D;0.4798096
E175G;1.655645
E175F;1.522679
E175I;1.104432
E175H;0.9150031
E175K;1.007659
E175M;1.68094
E175L;1.077558
E175N;0.6762434
E175Q;0.01975496
E175P;1.62544
E175S;0.9618647
E175R;1.904867
E175T;1.447877
E175W;1.984588
E175V;0.7679651
E175Y;0.113185
R176A;0.9604303
R176C;2.653176
R176E;2.852578
R176D;2.063913
R176G;2.759009
R176F;2.730771
R176I;2.338268
R176H;1.647789
R176K;0.8016924
R176M;2.759009
R176L;0.7562984
R176N;1.78208
R176Q;0.53969
R176P;2.352895
R176S;1.934628
R176T;2.375519
R176W;3.630105
R176V;2.493921
R176Y;1.598847
D177A;3.317539
D177C;3.439346
D177E;4.947684
D177G;4.106204
D177F;3.827267
D177I;3.931581
D177H;3.264723
D177K;4.637613
D177M;4.773061
D177L;3.806334
D177N;2.883157
D177Q;4.433374
D177P;3.570593
D177S;3.766517
D177R;4.216873
D177T;3.530112
D177W;4.012634
D177V;4.159019
D177Y;3.16041
T178A;1.50638
T178C;3.90186
T178E;5.164081
T178D;3.607157
T178G;2.572375
T178F;5.164081
T178I;2.362703
T178H;3.376806
T178K;5.164081
T178M;4.076483
T178L;3.54789
T178N;2.649198
T178Q;4.497223
T178P;3.941035
T178S;1.848393
T178R;4.43327
T178W;5.164081
T178V;3.630964
T178Y;4.187152
T179A;1.61413
T179C;2.069386
T179E;4.406426
T179D;3.985686
T179G;3.706749
T179F;4.231803
T179I;3.516359
T179H;3.144205
T179K;4.406426
T179M;2.056607
T179L;4.406426
T179N;3.985686
T179Q;4.231803
T179P;3.617761
T179S;1.064142
T179R;3.811063
T179W;4.096354
T179V;2.516522
T179Y;4.406426
M180A;0.5581069
M180C;1.064032
M180E;0.5208455
M180D;2.322247
M180G;1.561819
M180F;3.26804
M180I;2.131856
M180H;1.539418
M180K;0.6353049
M180L;2.139689
M180N;1.166714
M180Q;0.3885267
M180P;3.769834
M180S;0.7326329
M180R;1.310149
M180T;0.349517
M180W;1.261873
M180V;0.7994395
M180Y;2.576404
P181A;3.364906
P181C;4.37145
P181E;4.546073
P181D;5.212931
P181G;4.966814
P181F;5.212931
P181I;5.212931
P181H;3.235266
P181K;4.546073
P181M;5.212931
P181L;3.542749
P181N;4.37145
P181Q;3.569144
P181S;4.160028
P181R;3.739288
P181T;3.879215
P181W;5.212931
P181V;4.031764
P181Y;4.546073
A182C;0.5471044
A182E;1.24197
A182D;2.104029
A182G;0.6523238
A182F;0.7749826
A182I;0.5249717
A182H;0.6737611
A182K;1.006054
A182M;0.9318986
A182L;0.2670676
A182N;1.24197
A182Q;0.2451375
A182P;3.060379
A182S;0.5031184
A182R;0.5639741
A182T;1.26517
A182W;0.8237638
A182V;0.5351474
A182Y;0.378143
A183C;1.254134
A183E;1.496691
A183D;2.267862
A183G;1.727041
A183F;2.009228
A183I;0.8626519
A183H;0.5944594
A183K;1.906874
A183M;0.8496773
A183L;2.409666
A183N;0.9154678
A183Q;0.2226062
A183P;2.231062
A183S;0.2757782
A183R;1.136561
A183T;0.5414428
A183W;1.711673
A183V;0.899334
A183Y;1.149445
M184A;3.948522
M184C;3.86166
M184E;5.505446
M184D;3.86166
M184G;3.687037
M184F;4.417849
M184I;1.49439
M184H;4.171731
M184K;4.107777
M184L;3.190323
M184N;3.903539
M184Q;4.324279
M184P;4.243226
M184S;3.461498
M184R;3.408101
M184T;3.86166
M184W;3.401745
M184V;3.297432
M184Y;4.528518
A185C;3.052393
A185E;2.999577
A185D;2.704874
A185G;0.5761597
A185F;3.747488
A185I;3.59494
A185H;3.141381
A185K;3.284869
A185M;3.666435
A185L;3.437417
A185N;3.080631
A185Q;2.864129
A185P;2.652707
A185S;2.407383
A185R;3.530987
A185T;3.666435
A185W;3.473133
A185V;2.530251
A185Y;3.841058
T186A;0.3942626
T186C;0.9366273
T186E;0.5446992
T186D;0.1104115
T186G;1.041695
T186F;1.056205
T186I;0.2333647
T186H;0.3156816
T186K;0.2122819
T186M;0.5321833
T186L;0.9040201
T186N;-0.174623
T186Q;0.3042284
T186P;1.80692
T186S;0.4269291
T186R;0.4954651
T186W;0.5404984
T186V;0.8232841
T186Y;0.6681478
T187A;1.894949
T187C;3.242555
T187E;3.295371
T187D;0.1997518
T187G;2.482128
T187F;3.909412
T187I;2.996438
T187H;3.909412
T187K;3.242555
T187M;2.467845
T187L;2.289703
T187N;1.709437
T187Q;3.909412
T187P;2.932484
T187S;0.699179
T187R;3.417178
T187W;4.330153
T187V;2.050644
T187Y;3.569726
L188A;3.880233
L188C;3.337685
L188E;4.793208
L188D;4.793208
L188G;5.213948
L188F;1.101301
L188I;1.119589
L188H;4.793208
L188K;4.372467
L188M;1.086245
L188N;4.793208
L188Q;4.793208
L188P;4.372467
L188S;4.062396
L188R;5.460065
L188T;2.078923
L188W;4.12635
L188V;1.230544
L188Y;3.337685
R189A;0.9176846
R189C;2.104085
R189E;3.249536
R189D;3.249536
R189G;1.678763
R189F;0.9664876
R189I;4.226465
R189H;0.1257131
R189K;-0.3096881
R189M;0.725094
R189L;1.74798
R189N;0.3908512
R189Q;0.6972876
R189P;4.647205
R189S;1.14964
R189T;1.14017
R189W;0.5911653
R189V;3.249536
R189Y;-0.01044123
K190A;1.51595
K190C;3.749382
K190E;0.3834594
K190D;1.033365
K190G;1.219041
K190F;4.170123
K190I;1.495244
K190H;0.2866805
K190M;0.9899899
K190L;3.154019
K190N;0.03703556
K190Q;1.145073
K190P;5.011603
K190S;1.30419
K190R;1.092662
K190T;1.170545
K190W;4.590863
K190V;2.329367
K190Y;2.415667
L191A;4.389611
L191C;4.810351
L191E;4.810351
L191D;3.96887
L191G;4.810351
L191F;1.57633
L191I;1.449189
L191H;3.722753
L191K;3.833422
L191M;0.8514408
L191N;4.143494
L191Q;3.96887
L191P;4.389611
L191S;4.07954
L191R;4.50028
L191T;4.389611
L191W;4.810351
L191V;2.158096
L191Y;4.143494
L192A;4.469639
L192C;2.54056
L192E;4.048899
L192D;4.469639
L192G;4.890379
L192F;0.9404618
L192I;-0.1042861
L192H;3.49271
L192K;4.469639
L192M;0.1122619
L192N;3.382041
L192Q;3.288471
L192P;3.91345
L192S;3.874276
L192R;4.048899
L192T;2.215501
L192W;2.365937
L192V;0.5933144
L192Y;2.54056
T193A;0.732554
T193C;0.8399911
T193E;1.876263
T193D;0.7117265
T193G;0.9261671
T193F;0.2778806
T193I;0.5317079
T193H;0.2237892
T193K;0.3789611
T193M;0.605894
T193L;1.187916
T193N;0.04326513
T193Q;0.7021672
T193P;3.511901
T193S;0.7645424
T193R;0.6912017
T193W;0.6834888
T193V;0.5554432
T193Y;0.03058581
G194A;1.521386
G194C;4.613292
G194E;4.613292
G194D;1.261766
G194F;4.613292
G194I;4.613292
G194H;4.613292
G194K;4.613292
G194M;4.613292
G194L;5.28015
G194N;4.613292
G194Q;4.613292
G194P;5.034033
G194S;5.28015
G194R;5.28015
G194T;5.034033
G194W;4.613292
G194V;1.689834
G194Y;4.613292
E195A;4.990764
E195C;2.946815
E195D;3.142739
E195G;2.58655
E195F;1.6515
E195I;3.657049
E195H;4.990764
E195K;1.969887
E195M;4.990764
E195L;2.49879
E195N;4.570024
E195Q;2.160056
E195P;2.580797
E195S;3.482426
E195R;3.20349
E195T;4.570024
E195W;4.990764
E195V;3.172354
E195Y;4.013835
L196A;3.833934
L196C;2.166341
L196E;4.390123
L196D;4.390123
L196G;4.144005
L196F;3.723265
L196I;2.053083
L196H;4.390123
L196K;2.486878
L196M;3.056407
L196N;4.390123
L196Q;1.499483
L196P;1.381936
L196S;3.180718
L196R;3.302525
L196T;2.9346
L196W;2.571713
L196V;3.208955
L196Y;2.881784
L197A;2.888214
L197C;4.285883
L197E;1.345461
L197D;3.198285
L197G;3.198285
L197F;1.673315
L197I;2.437858
L197H;1.641361
L197K;1.875916
L197M;3.308954
L197N;2.163503
L197Q;1.190264
L197P;0.9706243
L197S;2.590405
L197R;2.056935
L197T;2.70605
L197W;3.865143
L197V;2.127787
L197Y;3.444402
T198A;1.877079
T198C;4.570187
T198E;2.084919
T198D;3.236471
T198G;3.307966
T198F;4.149446
T198I;1.277242
T198H;3.903329
T198K;2.137735
T198M;3.307966
T198L;3.283187
T198N;1.474568
T198Q;2.447807
T198P;4.013998
T198S;2.577154
T198R;2.815731
T198W;4.149446
T198V;3.434003
T198Y;3.114664
L199A;-0.2674178
L199C;0.2290176
L199E;-0.287996
L199D;-0.5833215
L199G;0.09356946
L199F;0.8243809
L199I;0.5454448
L199H;-0.8057645
L199K;-0.6797274
L199M;-0.08859403
L199N;-0.3780869
L199Q;-0.8057645
L199P;-0.9721407
L199S;-0.1214128
L199R;-0.2825763
L199T;-0.4922346
L199W;0.5454448
L199V;0.1012048
L199Y;0.07858105
A200C;0.5851614
A200E;0.2359154
A200D;-0.02023521
A200G;0.405501
A200F;0.4744923
A200I;1.176045
A200H;-0.1375023
A200K;0.09442741
A200M;0.5988024
A200L;0.9259734
A200N;-0.1208711
A200Q;-0.2563193
A200P;0.2026974
A200S;0.05001651
A200R;0.2564936
A200T;-0.1576702
A200W;1.714638
A200V;1.315973
A200Y;0.8312787
S201A;0.4513967
S201C;1.943547
S201E;3.730822
S201D;3.310081
S201G;1.686873
S201F;3.730822
S201I;3.730822
S201H;0.7183751
S201K;3.730822
S201M;2.549654
S201L;2.521417
S201N;0.9116766
S201Q;3.730822
S201P;2.970395
S201R;3.420751
S201T;0.8122985
S201W;3.730822
S201V;3.730822
S201Y;2.753893
R202A;3.463813
R202C;4.020001
R202E;4.020001
R202D;3.599261
R202G;3.599261
R202F;4.020001
R202I;4.020001
R202H;4.020001
R202K;2.838834
R202M;4.020001
R202L;4.266118
R202N;3.599261
R202Q;1.295399
R202P;3.773884
R202S;2.783614
R202T;2.883817
R202W;4.020001
R202V;4.440741
R202Y;4.020001
Q203A;0.883792
Q203C;2.376114
Q203E;1.369569
Q203D;1.883879
Q203G;1.790309
Q203F;3.638335
Q203I;2.971477
Q203H;0.3480698
Q203K;0.7222938
Q203M;2.661406
Q203L;2.796854
Q203N;0.1445991
Q203P;4.059075
Q203S;1.435668
Q203R;0.3235058
Q203T;0.8369564
Q203W;3.638335
Q203V;3.217594
Q203Y;3.638335
Q204A;0.9403631
Q204C;0.7294905
Q204E;-0.05857418
Q204D;2.386618
Q204G;3.474216
Q204F;3.474216
Q204I;0.4247207
Q204H;1.111881
Q204K;0.9789158
Q204M;0.8296939
Q204L;0.4892664
Q204N;1.351836
Q204P;3.894957
Q204S;2.264811
Q204R;1.107766
Q204T;0.2989332
Q204W;3.474216
Q204V;0.7036568
Q204Y;2.018694
L205A;3.78903
L205C;3.614407
L205E;4.035147
L205D;3.368289
L205G;4.035147
L205F;3.368289
L205I;2.131902
L205H;4.035147
L205K;3.614407
L205M;1.781009
L205N;4.035147
L205Q;4.035147
L205P;3.368289
L205S;3.614407
L205R;4.702004
L205T;4.455887
L205W;4.035147
L205V;4.455887
L205Y;4.035147
I206A;1.597159
I206C;0.7234411
I206E;1.176419
I206D;3.60887
I206G;1.198903
I206F;0.813532
I206H;1.36972
I206K;0.7447415
I206M;0.09066325
I206L;1.021424
I206N;0.7781628
I206Q;1.234272
I206P;3.60887
I206S;0.813532
I206R;0.9695584
I206T;0.5455564
I206W;1.093988
I206V;1.417043
I206Y;0.5358751
D207A;0.2842375
D207C;0.188264
D207E;1.388935
D207G;0.6359866
D207F;1.406531
D207I;0.7639562
D207H;0.8362252
D207K;1.792576
D207M;1.424651
D207L;1.577199
D207N;0.4551251
D207Q;1.503083
D207P;3.547031
D207S;0.5877867
D207R;0.9510951
D207T;0.8833594
D207W;1.263983
D207V;1.347057
D207Y;0.9427226
W208A;4.562915
W208C;4.388292
W208E;4.142175
W208D;4.809032
W208G;4.809032
W208F;4.809032
W208I;4.809032
W208H;4.809032
W208K;3.967552
W208M;3.475317
W208L;5.05515
W208N;4.809032
W208Q;4.809032
W208P;5.229773
W208S;5.05515
W208R;3.792929
W208T;5.229773
W208V;5.229773
W208Y;4.809032
M209A;4.202642
M209C;2.736183
M209E;3.781902
M209D;3.425116
M209G;3.845856
M209F;4.758831
M209I;2.567004
M209H;3.201907
M209K;2.655129
M209L;2.736183
M209N;1.308898
M209Q;4.338091
M209P;3.201907
M209S;3.115045
M209R;3.868764
M209T;2.288932
M209W;4.338091
M209V;2.294142
M209Y;4.091973
E210A;0.8441606
E210C;1.307547
E210D;1.08493
E210G;1.211787
E210F;3.292945
E210I;1.516414
E210H;1.705664
E210K;1.043761
E210M;0.7406963
E210L;2.906899
E210N;1.895275
E210Q;1.875372
E210P;2.451464
E210S;1.123395
E210R;1.831322
E210T;2.172528
E210W;2.402878
E210V;1.319184
E210Y;-0.1022925
A211C;2.354543
A211E;0.7898859
A211D;1.250314
A211G;1.064515
A211F;3.862881
A211I;3.862881
A211H;3.862881
A211K;1.671054
A211M;3.0214
A211L;1.791647
A211N;1.72238
A211Q;2.885952
A211P;1.959636
A211S;0.4311107
A211R;1.06351
A211T;0.9518362
A211W;3.196023
A211V;1.266945
A211Y;2.681714
D212A;4.176269
D212C;2.731884
D212E;4.311717
D212G;5.153197
D212F;4.065599
D212I;4.732457
D212H;4.732457
D212K;4.311717
D212M;4.732457
D212L;5.399314
D212N;2.829212
D212Q;4.311717
D212P;5.153197
D212S;3.012696
D212R;5.399314
D212T;3.365923
D212W;4.732457
D212V;4.732457
D212Y;4.311717
K213A;0.3064364
K213C;1.622298
K213E;2.858685
K213D;3.104802
K213G;3.525542
K213F;2.437944
K213I;0.7063972
K213H;1.271404
K213M;0.4152963
K213L;0.4787152
K213N;1.242494
K213Q;0.007335437
K213P;3.946283
K213S;1.447675
K213R;0.5693946
K213T;1.677517
K213W;3.525542
K213V;1.01066
K213Y;2.127873
V214A;3.263305
V214C;4.298087
V214E;4.298087
V214D;3.877347
V214G;4.718827
V214F;4.298087
V214I;3.210489
V214H;4.298087
V214K;4.298087
V214M;4.298087
V214L;4.123464
V214N;3.210489
V214Q;3.631229
V214P;4.298087
V214S;3.702724
V214R;4.123464
V214T;1.689635
V214W;4.298087
V214Y;4.298087
A215C;3.172436
A215E;4.013916
A215D;1.910215
A215G;2.877733
A215F;3.593176
A215I;4.013916
A215H;3.593176
A215K;4.013916
A215M;4.013916
A215L;4.680774
A215N;4.013916
A215Q;3.347059
A215P;3.172436
A215S;1.984085
A215R;4.680774
A215T;3.457728
A215W;4.013916
A215V;2.877733
A215Y;3.593176
G216A;0.07489107
G216C;0.2196066
G216E;2.864129
G216D;0.6723017
G216F;1.601908
G216I;1.35579
G216H;0.6403469
G216K;0.9102712
G216M;0.723628
G216L;2.268765
G216N;-0.7588767
G216Q;0.2196066
G216P;0.9478295
G216S;0.7118412
G216R;1.37289
G216T;0.3210084
G216W;2.443388
G216V;1.530414
G216Y;-0.287996
P217A;0.883022
P217C;1.97062
P217E;2.280691
P217D;-0.4015451
P217G;1.390625
P217F;1.044304
P217I;2.280691
P217H;-0.2244794
P217K;0.5262355
P217M;0.6645004
P217L;1.439211
P217N;0.07267639
P217Q;0.2229466
P217S;0.3082369
P217R;1.827132
P217T;0.4572443
P217W;2.947549
P217V;0.5433353
P217Y;0.6505457
L218A;4.234832
L218C;3.814092
L218E;3.814092
L218D;3.814092
L218G;4.234832
L218F;3.814092
L218I;3.814092
L218H;3.814092
L218K;3.814092
L218M;3.814092
L218N;3.814092
L218Q;3.814092
L218P;3.567975
L218S;4.480949
L218R;4.480949
L218T;4.234832
L218W;3.393352
L218V;4.234832
L218Y;3.814092
L219A;3.621451
L219C;3.200711
L219E;3.200711
L219D;3.200711
L219G;3.621451
L219F;3.200711
L219I;-0.9605224
L219H;3.200711
L219K;3.200711
L219M;1.223046
L219N;3.200711
L219Q;3.200711
L219P;3.621451
L219S;3.200711
L219R;3.867568
L219T;3.621451
L219W;3.200711
L219V;1.310807
L219Y;3.200711
R220A;4.233698
R220C;3.812958
R220E;3.812958
R220D;3.812958
R220G;4.233698
R220F;3.812958
R220I;3.812958
R220H;3.392217
R220K;3.812958
R220M;3.812958
R220L;4.479815
R220N;3.812958
R220Q;3.812958
R220P;4.233698
R220S;3.812958
R220T;4.233698
R220W;3.812958
R220V;4.233698
R220Y;3.392217
S221A;1.842924
S221C;3.433894
S221E;3.854635
S221D;3.854635
S221G;4.275375
S221F;3.854635
S221I;3.854635
S221H;2.252727
S221K;2.036225
S221M;2.673467
S221L;2.767036
S221N;3.854635
S221Q;2.767036
S221P;3.433894
S221R;2.146894
S221T;2.673467
S221W;3.854635
S221V;2.4881
S221Y;3.187777
A222C;1.405709
A222E;0.8103456
A222D;2.382638
A222G;2.382638
A222F;3.049495
A222I;1.405709
A222H;0.9650652
A222K;0.4128056
A222M;1.868328
A222L;3.716353
A222N;1.262221
A222Q;1.541157
A222P;3.470236
A222S;1.211183
A222R;0.7039064
A222T;1.216098
A222W;3.049495
A222V;-0.7953441
A222Y;1.026847
L223A;3.11743
L223C;1.29902
L223E;3.11743
L223D;3.11743
L223G;3.53817
L223F;0.8343812
L223I;1.214185
L223H;3.11743
L223K;2.696689
L223M;0.9950495
L223N;3.11743
L223Q;3.11743
L223P;3.53817
L223S;2.696689
L223R;1.530149
L223T;-0.7203674
L223W;3.11743
L223V;0.5835766
L223Y;2.696689
P224A;3.572865
P224C;3.152125
P224E;2.731385
P224D;3.152125
P224G;3.572865
P224F;3.152125
P224I;2.731385
P224H;3.152125
P224K;3.152125
P224M;3.152125
P224L;3.398242
P224N;3.152125
P224Q;3.152125
P224S;2.731385
P224R;2.031708
P224T;3.572865
P224W;3.152125
P224V;3.572865
P224Y;3.152125
A225C;2.07456
A225E;1.13951
A225D;1.285895
A225G;2.495301
A225F;2.741418
A225I;2.320678
A225H;1.058456
A225K;1.899937
A225M;2.320678
A225L;1.688515
A225N;1.285895
A225Q;1.65382
A225P;0.9080198
A225S;1.267775
A225R;1.806368
A225T;1.479197
A225W;2.741418
A225V;1.605234
A225Y;2.320678
G226A;1.69795
G226C;2.920996
G226E;2.920996
G226D;0.9433313
G226F;2.920996
G226I;2.920996
G226H;1.319088
G226K;1.944067
G226M;2.500256
G226L;3.587854
G226N;1.238035
G226Q;2.920996
G226P;3.341736
G226S;1.587281
G226R;2.079515
G226T;1.364072
G226W;2.920996
G226V;2.920996
G226Y;2.920996
W227A;5.211005
W227C;3.528044
W227E;4.790265
W227D;4.123407
W227G;4.369524
W227F;1.621509
W227I;4.790265
W227H;3.702667
W227K;4.790265
W227M;3.702667
W227L;4.275955
W227N;3.948784
W227Q;3.948784
W227P;3.609097
W227S;4.123407
W227R;3.948784
W227T;4.369524
W227V;4.369524
W227Y;3.702667
F228A;1.403659
F228C;2.712796
F228E;3.473223
F228D;2.712796
F228G;3.473223
F228I;1.654814
F228H;0.7765342
F228K;1.871316
F228M;1.046316
F228L;2.917035
F228N;2.631743
F228Q;2.917035
F228P;3.337775
F228S;1.948254
F228R;2.198487
F228T;1.710395
F228W;1.332723
F228V;1.610915
F228Y;-0.5312439
I229A;4.900934
I229C;1.047006
I229E;4.480194
I229D;4.059453
I229G;3.503265
I229F;3.503265
I229H;3.813336
I229K;3.638713
I229M;1.605321
I229L;1.436046
I229N;2.661784
I229Q;3.638713
I229P;4.234076
I229S;3.691529
I229R;4.170123
I229T;3.392596
I229W;3.813336
I229V;1.253584
I229Y;3.392596
A230C;0.1933014
A230E;0.6140417
A230D;-0.4735563
A230G;-0.05281591
A230F;-0.2989332
A230I;0.3679244
A230H;-0.05281591
A230K;-0.1463854
A230M;-0.05281591
A230L;0.09973195
A230N;-0.1463854
A230Q;0.1933014
A230P;0.05785328
A230S;-0.174623
A230R;0.1447155
A230T;-0.2989332
A230W;0.6140417
A230V;0.3679244
A230Y;0.05785328
D231A;0.624979
D231C;-0.08105356
D231E;1.181167
D231G;0.7604271
D231F;0
D231I;-0.2165017
D231H;-0.3271709
D231K;0.3396868
D231M;1.181167
D231L;0.09356946
D231N;-0.274355
D231Q;0.3396868
D231P;0
D231S;0.3925027
D231R;0.09356946
D231T;-0.1853667
D231W;1.181167
D231V;0.7604271
D231Y;-0.3757568
K232A;0.2165017
K232C;0.7308115
K232E;0.3100711
K232D;0.7308115
K232G;0.8414807
K232F;0.5561885
K232I;0.1354481
K232H;-0.3220913
K232M;0.3100711
K232L;0.7308115
K232N;-0.2461173
K232Q;0.2165017
K232P;0.4207403
K232S;0.7308115
K232R;0.8023058
K232T;0.174623
K232W;0.06395383
K232V;0.4846942
K232Y;0.2165017
S233A;3.122172
S233C;2.701432
S233E;2.701432
S233D;2.701432
S233G;3.122172
S233F;2.701432
S233I;2.701432
S233H;2.701432
S233K;2.701432
S233M;2.701432
S233L;3.368289
S233N;2.701432
S233Q;2.701432
S233P;3.122172
S233R;3.368289
S233T;3.122172
S233W;2.701432
S233V;3.122172
S233Y;1.245909
G234A;2.000573
G234C;2.913548
G234E;2.913548
G234D;2.913548
G234F;2.913548
G234I;2.913548
G234H;2.913548
G234K;2.913548
G234M;2.913548
G234L;3.580406
G234N;2.913548
G234Q;2.913548
G234P;3.334288
G234S;3.580406
G234R;3.580406
G234T;3.334288
G234W;1.356624
G234V;2.913548
G234Y;2.913548
A235C;2.920996
A235E;2.920996
A235D;2.920996
A235G;2.674879
A235F;2.920996
A235I;2.920996
A235H;2.920996
A235K;2.920996
A235M;2.920996
A235L;3.587854
A235N;2.920996
A235Q;2.920996
A235P;3.341736
A235S;1.904892
A235R;3.587854
A235T;3.341736
A235W;2.920996
A235V;3.341736
A235Y;2.920996
G236A;4.737676
G236C;2.760011
G236E;4.316936
G236D;1.565647
G236F;4.316936
G236I;4.316936
G236H;4.316936
G236K;4.316936
G236M;4.316936
G236L;4.006864
G236N;4.316936
G236Q;4.316936
G236P;4.737676
G236S;2.194555
G236R;3.52827
G236T;4.737676
G236W;3.650078
G236V;3.760747
G236Y;4.316936
E237A;3.822345
E237C;4.663826
E237D;3.061918
E237G;1.9191
E237F;4.663826
E237I;4.663826
E237H;3.208304
E237K;2.339841
E237M;4.663826
E237L;4.149516
E237N;4.663826
E237Q;3.266157
E237P;4.417709
E237S;3.512274
E237R;5.330684
E237T;5.084567
E237W;4.663826
E237V;3.482659
E237Y;2.541446
R238A;4.482835
R238C;0.8369788
R238E;4.062095
R238D;4.062095
R238G;2.553756
R238F;4.062095
R238I;4.062095
R238H;4.062095
R238K;4.062095
R238M;4.062095
R238L;4.728952
R238N;4.062095
R238Q;4.062095
R238P;4.482835
R238S;2.489803
R238T;4.482835
R238W;4.062095
R238V;4.482835
R238Y;4.062095
G239A;5.195259
G239C;4.774518
G239E;4.353778
G239D;4.774518
G239F;4.774518
G239I;4.774518
G239H;4.774518
G239K;4.774518
G239M;4.774518
G239L;5.441376
G239N;4.774518
G239Q;4.774518
G239P;5.195259
G239S;5.441376
G239R;5.020636
G239T;5.195259
G239W;4.774518
G239V;5.195259
G239Y;4.774518
S240A;0.4991292
S240C;3.936019
S240E;3.269161
S240D;4.35676
S240G;1.924308
S240F;4.35676
S240I;4.35676
S240H;4.35676
S240K;4.35676
S240M;4.35676
S240L;3.936019
S240N;3.515279
S240Q;4.35676
S240P;4.35676
S240R;5.023617
S240T;3.936019
S240W;4.35676
S240V;4.35676
S240Y;4.35676
R241A;4.948442
R241C;4.106962
R241E;4.527702
R241D;4.527702
R241G;4.527702
R241F;4.527702
R241I;4.527702
R241H;3.686221
R241K;4.527702
R241M;4.527702
R241L;5.19456
R241N;4.527702
R241Q;4.527702
R241P;4.948442
R241S;4.527702
R241T;4.948442
R241W;4.527702
R241V;4.948442
R241Y;4.527702
G242A;1.154408
G242C;4.231233
G242E;4.231233
G242D;3.564375
G242F;2.969012
G242I;4.231233
G242H;4.231233
G242K;4.231233
G242M;2.23066
G242L;3.17833
G242N;4.231233
G242Q;3.564375
G242P;3.810493
G242S;1.911662
G242R;3.810493
G242T;3.675045
G242W;3.810493
G242V;2.629325
G242Y;4.231233
I243A;4.039071
I243C;3.10402
I243E;3.308259
I243D;4.285188
I243G;3.308259
I243F;4.285188
I243H;3.443707
I243K;4.285188
I243M;4.285188
I243L;1.91465
I243N;3.308259
I243Q;2.829665
I243P;3.308259
I243S;4.110565
I243R;4.285188
I243T;3.443707
I243W;3.864448
I243V;0.3654525
I243Y;2.307523
I244A;2.085155
I244C;0.1947518
I244E;2.48382
I244D;3.664988
I244G;2.99813
I244F;3.664988
I244H;2.48382
I244K;2.156649
I244M;3.244247
I244L;1.67959
I244N;3.664988
I244Q;2.402767
I244P;2.06308
I244S;2.729938
I244R;2.228144
I244T;2.156649
I244W;3.664988
I244V;-0.4357641
I244Y;3.244247
A245C;4.28779
A245E;4.28779
A245D;4.28779
A245G;3.025569
A245F;4.28779
A245I;4.28779
A245H;4.28779
A245K;4.28779
A245M;4.28779
A245L;4.954648
A245N;4.28779
A245Q;4.28779
A245P;4.70853
A245S;3.446309
A245R;4.954648
A245T;4.70853
A245W;4.28779
A245V;4.70853
A245Y;4.28779
A246C;-1.172648
A246E;2.254138
A246D;2.254138
A246G;2.674879
A246F;0.4061131
A246I;0.4061131
A246H;2.254138
A246K;2.254138
A246M;0.2764736
A246L;-0.2174879
A246N;2.254138
A246Q;2.254138
A246P;2.674879
A246S;0.1441463
A246R;2.920996
A246T;-0.7165813
A246W;2.254138
A246V;-0.1264996
A246Y;-2.094847
L247A;3.834519
L247C;3.413779
L247E;3.413779
L247D;3.413779
L247G;3.834519
L247F;3.413779
L247I;3.413779
L247H;3.413779
L247K;3.413779
L247M;-1.029781
L247N;3.413779
L247Q;3.413779
L247P;3.834519
L247S;4.080637
L247R;4.080637
L247T;2.85759
L247W;3.413779
L247V;2.047245
L247Y;3.413779
G248A;3.974769
G248C;3.133288
G248E;0.9580923
G248D;3.554029
G248F;2.5771
G248I;3.554029
G248H;3.554029
G248K;3.554029
G248M;3.554029
G248L;2.5771
G248N;3.554029
G248Q;3.554029
G248P;3.133288
G248S;3.554029
G248R;1.496284
G248T;3.974769
G248W;2.712548
G248V;3.974769
G248Y;2.712548
P249A;3.024009
P249C;3.444749
P249E;3.024009
P249D;3.444749
P249G;3.444749
P249F;3.444749
P249I;3.444749
P249H;2.777892
P249K;1.467085
P249M;3.444749
P249L;1.774567
P249N;2.777892
P249Q;1.842842
P249S;1.116381
P249R;1.774567
P249T;3.024009
P249W;3.444749
P249V;3.86549
P249Y;3.444749
D250A;4.492548
D250C;4.071807
D250E;4.071807
D250G;4.492548
D250F;4.071807
D250I;4.071807
D250H;2.195544
D250K;4.071807
D250M;4.071807
D250L;4.738665
D250N;1.673402
D250Q;4.071807
D250P;4.492548
D250S;4.738665
D250R;4.738665
D250T;4.492548
D250W;4.071807
D250V;4.492548
D250Y;3.230326
G251A;0.138044
G251C;3.558361
G251E;-0.2816114
G251D;1.8754
G251F;2.160692
G251I;2.470763
G251H;3.558361
G251K;1.137048
G251M;2.470763
G251L;1.334579
G251N;1.261358
G251Q;1.914575
G251P;2.191827
G251S;1.25223
G251R;0.9853333
G251T;1.978529
G251W;2.581433
G251V;1.177724
G251Y;0.5899194
K252A;0.01824177
K252C;0.554195
K252E;0.436928
K252D;-0.1665832
K252G;0.3014798
K252F;1.405709
K252I;1.262221
K252H;0.554195
K252M;2.628755
K252L;1.813108
K252N;1.048923
K252Q;2.072567
K252P;3.470236
K252S;-0.1082238
K252R;0.2093182
K252T;-0.3565646
K252W;3.049495
K252V;0.8103456
K252Y;0.2602577
P253A;0.7022966
P253C;3.973463
P253E;2.517941
P253D;1.369154
P253G;2.996534
P253F;3.973463
P253I;3.306606
P253H;0.6341994
P253K;3.131983
P253M;2.019606
P253L;3.973463
P253N;2.0972
P253Q;2.996534
P253S;1.936532
P253R;1.821176
P253T;0.9442706
P253W;3.973463
P253V;3.973463
P253Y;3.973463
S254A;1.46759
S254C;1.100331
S254E;2.009326
S254D;2.466865
S254G;3.729086
S254F;3.729086
S254I;2.273564
S254H;3.308346
S254K;3.729086
S254M;2.641488
S254L;0.979978
S254N;2.641488
S254Q;1.588585
S254P;1.881061
S254R;1.931255
S254T;0.1750577
S254W;3.729086
S254V;4.149827
S254Y;3.729086
R255A;4.10894
R255C;4.10894
R255E;4.10894
R255D;4.10894
R255G;2.927773
R255F;4.10894
R255I;4.10894
R255H;3.26746
R255K;1.633875
R255M;3.6882
R255L;4.355058
R255N;4.10894
R255Q;4.10894
R255P;3.26746
R255S;4.10894
R255T;3.862823
R255W;4.10894
R255V;4.10894
R255Y;4.10894
I256A;4.395944
I256C;4.395944
I256E;4.395944
I256D;3.975204
I256G;4.816684
I256F;4.395944
I256H;3.729086
I256K;4.395944
I256M;4.395944
I256L;1.590572
I256N;3.419015
I256Q;4.395944
I256P;3.419015
I256S;5.062802
I256R;5.062802
I256T;3.975204
I256W;2.794036
I256V;0.6446739
I256Y;4.395944
V257A;4.333292
V257C;3.912552
V257E;4.333292
V257D;4.333292
V257G;4.333292
V257F;4.333292
V257I;1.333715
V257H;3.912552
V257K;4.333292
V257M;4.333292
V257L;3.022485
V257N;3.912552
V257Q;4.333292
V257P;3.777104
V257S;4.333292
V257R;5.00015
V257T;4.087175
V257W;4.333292
V257Y;3.491812
V258A;1.089941
V258C;1.135249
V258E;4.351328
V258D;4.351328
V258G;2.193232
V258F;4.351328
V258I;1.440283
V258H;4.351328
V258K;4.351328
V258M;4.351328
V258L;3.68447
V258N;4.351328
V258Q;4.351328
V258P;4.772069
V258S;3.26373
V258R;4.597445
V258T;1.97673
V258W;3.930588
V258Y;4.351328
I259A;3.967772
I259C;1.869514
I259E;4.728199
I259D;3.75127
I259G;5.148939
I259F;2.643769
I259H;4.728199
I259K;3.547031
I259M;2.295748
I259L;1.707322
I259N;4.728199
I259Q;4.728199
I259P;5.148939
I259S;4.728199
I259R;4.728199
I259T;3.33053
I259W;4.728199
I259V;1.422029
I259Y;4.728199
Y260A;5.290838
Y260C;4.449357
Y260E;4.870097
Y260D;3.893169
Y260G;5.290838
Y260F;1.439036
Y260I;2.993834
Y260H;3.414575
Y260K;3.313173
Y260M;4.20324
Y260L;2.520278
Y260N;4.028617
Y260Q;4.870097
Y260P;4.870097
Y260S;4.355788
Y260R;5.536955
Y260T;4.20324
Y260W;4.870097
Y260V;5.290838
T261A;1.74437
T261C;1.339261
T261E;4.219435
T261D;3.552577
T261G;4.640175
T261F;1.754746
T261I;0.5084301
T261H;3.242507
T261K;4.219435
T261M;0.9708573
T261L;1.187496
T261N;3.798695
T261Q;3.131837
T261P;2.821766
T261S;2.128513
T261R;3.798695
T261W;4.219435
T261V;2.106323
T261Y;4.219435
T262A;0.5838651
T262C;1.608913
T262E;2.39254
T262D;2.666895
T262G;2.666895
T262F;2.339724
T262I;1.362795
T262H;0.03586232
T262K;0.4475765
T262M;1.158557
T262L;2.116515
T262N;0.8572196
T262Q;0.6259441
T262P;3.181205
T262S;1.153758
T262R;1.125738
T262W;2.204276
T262V;1.544201
T262Y;1.260616
G263A;1.573262
G263C;2.768712
G263E;1.174074
G263D;1.264604
G263F;3.610193
G263I;4.27705
G263H;3.01483
G263K;4.27705
G263M;1.475673
G263L;2.284018
G263N;1.77188
G263Q;1.231562
G263P;2.443653
G263S;2.646905
G263R;1.485773
G263T;2.323193
G263W;1.878646
G263V;3.300122
G263Y;3.610193
S264A;3.240719
S264C;3.024217
S264E;4.001146
S264D;4.001146
S264G;2.377938
S264F;4.001146
S264I;4.001146
S264H;3.334288
S264K;4.001146
S264M;4.001146
S264L;4.668004
S264N;1.84305
S264Q;4.001146
S264P;4.001146
S264R;4.668004
S264T;0.330391
S264W;4.001146
S264V;4.421886
S264Y;4.001146
Q265A;0.3327097
Q265C;1.61971
Q265E;1.373592
Q265D;0.4103045
Q265G;1.251785
Q265F;2.707308
Q265I;0.7067347
Q265H;-0.05689561
Q265K;0.8040627
Q265M;1.61971
Q265L;0.7104932
Q265N;0.03242908
Q265P;-0.1044977
Q265S;-0.1640047
Q265R;0.3745884
Q265T;-0.2791208
Q265W;3.128048
Q265V;1.700763
Q265Y;1.730379
A266C;0.83182
A266E;3.349906
A266D;4.016764
A266G;1.59545
A266F;4.016764
A266I;4.016764
A266H;2.372977
A266K;1.932333
A266M;3.039835
A266L;1.965878
A266N;1.824936
A266Q;2.561241
A266P;4.437504
A266S;1.074751
A266R;0.9162297
A266T;1.215385
A266W;4.016764
A266V;2.12686
A266Y;2.835596
T267A;2.828594
T267C;4.195128
T267E;4.195128
T267D;3.013961
T267G;3.774388
T267F;3.774388
T267I;3.52827
T267H;3.52827
T267K;3.774388
T267M;3.353647
T267L;3.599765
T267N;2.347103
T267Q;3.10753
T267P;0.8658565
T267S;1.049786
T267R;4.195128
T267W;4.195128
T267V;4.615869
T267Y;4.195128
M268A;2.876392
M268C;3.636819
M268E;3.636819
M268D;3.144584
M268G;3.501371
M268F;3.390702
M268I;1.06892
M268H;2.723844
M268K;3.811442
M268L;0.9365695
M268N;3.216079
M268Q;3.144584
M268P;2.795338
M268S;3.588233
M268R;3.501371
M268T;2.945182
M268W;4.057559
M268V;3.390702
M268Y;3.216079
D269A;1.347344
D269C;3.42356
D269E;0.8519933
D269G;3.212138
D269F;3.844301
D269I;2.370657
D269H;1.71582
D269K;3.844301
D269M;4.090418
D269L;3.621092
D269N;2.214155
D269Q;1.882403
D269P;2.867372
D269S;2.08611
D269R;3.055636
D269T;2.235209
D269W;3.844301
D269V;3.288112
D269Y;3.329991
E270A;0.5066552
E270C;3.516976
E270D;0.5655032
E270G;1.827724
E270F;1.179936
E270I;1.370553
E270H;1.413274
E270K;3.096236
E270M;2.254755
E270L;2.974428
E270N;1.439108
E270Q;1.179936
E270P;3.627645
E270S;1.659391
E270R;2.161185
E270T;1.735049
E270W;4.183834
E270V;1.992006
E270Y;2.119307
R271A;1.372181
R271C;1.105611
R271E;3.787848
R271D;2.946367
R271G;3.12099
R271F;3.787848
R271I;0.9745669
R271H;2.60668
R271K;1.490844
R271M;3.787848
R271L;1.000657
R271N;1.091158
R271Q;-0.1547787
R271P;2.525626
R271S;1.409216
R271T;1.401229
R271W;3.787848
R271V;0.869324
R271Y;3.787848
N272A;3.071016
N272C;3.966892
N272E;2.600357
N272D;1.971965
N272G;5.229113
N272F;4.808372
N272I;4.141514
N272H;3.300034
N272K;4.808372
N272M;4.808372
N272L;4.498301
N272Q;4.387632
N272P;4.562255
N272S;2.394599
N272R;4.808372
N272T;1.727742
N272W;4.808372
N272V;4.808372
N272Y;4.808372
R273A;0.6764169
R273C;0.8806556
R273E;0.1260371
R273D;0.3839412
R273G;0.9446094
R273F;0.9913247
R273I;0.0291416
R273H;0.5467774
R273K;-1.511492
R273M;0.6345382
R273L;0.6764169
R273N;-0.2202836
R273Q;1.301396
R273P;3.365923
R273S;0.04086334
R273T;0.2740164
R273W;0.7371676
R273V;0.3326149
R273Y;0.2629461
Q274A;0.4619722
Q274C;1.11921
Q274E;1.260412
Q274D;3.529177
Q274G;2.552248
Q274F;1.57532
Q274I;-0.8952019
Q274H;1.57532
Q274K;0.9004221
Q274M;0.3670191
Q274L;0.8977656
Q274N;1.741903
Q274P;3.28306
Q274S;1.315861
Q274R;0.8898653
Q274T;0.9906728
Q274W;0.6759856
Q274V;0.7188505
Q274Y;1.528604
I275A;5.25877
I275C;4.83803
I275E;4.83803
I275D;4.83803
I275G;5.25877
I275F;1.327248
I275H;4.83803
I275K;4.417289
I275M;4.83803
I275L;2.424257
I275N;4.83803
I275Q;4.83803
I275P;5.25877
I275S;4.417289
I275R;4.527958
I275T;5.25877
I275W;4.83803
I275V;1.944802
I275Y;4.83803
A276C;3.399141
A276E;4.37607
A276D;3.113848
A276G;2.9784
A276F;3.709212
A276I;4.37607
A276H;2.398405
A276K;2.152288
A276M;3.113848
A276L;4.201447
A276N;3.288471
A276Q;1.989451
A276P;3.239886
A276S;1.713655
A276R;1.947308
A276T;2.796237
A276W;4.37607
A276V;2.499807
A276Y;3.709212
E277A;0.60656
E277C;1.681379
E277D;0.8030987
E277G;1.371307
E277F;0.8927138
E277I;0.6796708
E277H;1.762432
E277K;0.6894614
E277M;0.989742
E277L;0.4800746
E277N;0.2939113
E277Q;0.35048
E277P;2.697482
E277S;0.570352
E277R;0.7952155
E277T;0.7382529
E277W;2.633528
E277V;1.299813
E277Y;3.189717
I278A;5.306161
I278C;4.04394
I278E;4.88542
I278D;3.429898
I278G;5.306161
I278F;4.88542
I278H;3.328496
I278K;4.88542
I278M;2.884848
I278L;3.098146
I278N;3.704253
I278Q;4.88542
I278P;3.850638
I278S;3.995354
I278R;4.710797
I278T;3.972445
I278W;4.88542
I278V;2.753912
I278Y;3.908492
G279A;2.153381
G279C;4.5032
G279E;4.082459
G279D;3.836342
G279F;4.5032
G279I;4.5032
G279H;4.5032
G279K;4.5032
G279M;4.5032
G279L;4.749317
G279N;4.5032
G279Q;4.5032
G279P;4.92394
G279S;4.328577
G279R;5.170058
G279T;4.257082
G279W;4.5032
G279V;4.92394
G279Y;4.5032
A280C;2.665286
A280E;0.9769288
A280D;1.509414
A280G;1.535809
A280F;1.535809
A280I;1.607303
A280H;0.8340065
A280K;1.688357
A280M;2.665286
A280L;0.8311833
A280N;1.303333
A280Q;1.802505
A280P;4.267194
A280S;0.7877105
A280R;1.099532
A280T;1.190369
A280W;3.846453
A280V;0.7949643
A280Y;1.381764
S281A;-0.9358646
S281C;2.547702
S281E;2.968442
S281D;0.9907773
S281G;3.389182
S281F;2.968442
S281I;0.8460618
S281H;0.364133
S281K;2.968442
S281M;2.968442
S281L;0.9106973
S281N;-0.8736987
S281Q;1.014584
S281P;2.722325
S281R;0.04909324
S281T;-0.2100783
S281W;2.968442
S281V;0.8369339
S281Y;-0.1903901
L282A;1.181406
L282C;0.967922
L282E;2.216188
L282D;2.337996
L282G;4.092451
L282F;3.25097
L282I;0.2734687
L282H;1.568009
L282K;3.671711
L282M;0.618235
L282N;1.95195
L282Q;2.584113
L282P;2.069803
L282S;2.736661
L282R;2.384711
L282T;0.2135751
L282W;2.83023
L282V;0.2723457
L282Y;3.004853
I283A;1.912183
I283C;2.468371
I283E;2.340107
I283D;3.100534
I283G;4.608872
I283F;0.824585
I283H;2.400857
I283K;3.006964
I283M;1.430352
I283L;1.567417
I283N;2.468371
I283Q;2.047631
I283P;2.586224
I283S;2.544345
I283R;2.505171
I283T;0.9032628
I283W;3.767392
I283V;0.5896791
I283Y;1.430352
K284A;1.160696
K284C;3.604084
K284E;0.7849392
K284D;1.070231
K284G;2.341863
K284F;3.604084
K284I;3.604084
K284H;1.70084
K284M;2.341863
K284L;2.293278
K284N;-0.2001063
K284Q;0.6132415
K284P;4.024825
K284S;1.434535
K284R;1.267045
K284T;1.144651
K284W;3.604084
K284V;2.937227
K284Y;2.148562
H285A;4.158027
H285C;2.895806
H285E;3.737286
H285D;3.737286
H285G;4.158027
H285F;1.783429
H285I;3.737286
H285K;0.2099237
H285M;3.316546
H285L;3.562663
H285N;-0.06575159
H285Q;2.760357
H285P;4.158027
H285S;1.808208
H285R;2.067104
H285T;1.198782
H285W;2.0935
H285V;4.158027
H285Y;0.7420605
W286A;4.96307
W286C;4.542329
W286E;4.542329
W286D;4.542329
W286G;4.96307
W286F;4.542329
W286I;4.542329
W286H;4.542329
W286K;4.542329
W286M;4.542329
W286L;5.209187
W286N;4.542329
W286Q;4.542329
W286P;4.96307
W286S;5.209187
W286R;5.209187
W286T;4.96307
W286V;4.96307
W286Y;4.542329
