mutant;MIC_score
H24Q;-1
H24P;-3.321928
H24R;-0.25
H24Y;-1
H24L;-0.5
P25Q;0
P25S;0
P25R;0
P25L;-0.166666667
P25T;0
E26K;0
E26G;-1
E26V;0
T27A;0
T27K;-2.321928
T27M;-1
T27P;-2.321928
T27S;-1
T27R;-2.321928
L28Q;0
L28P;-2.101606667
L28M;0
V29M;0
V29E;-0.5
K30I;-0.386988
K30R;0
K30E;-1
K30T;1
K30N;-2.321928
V31A;0
V31I;-0.333333333
V31L;0
K32E;-0.5
K32I;0
K32N;0
K32Q;0
K32R;-0.333333333
K32T;0
D33A;-1
D33V;0
D33G;-1
D33N;0
A34P;-4.821928
A34V;0
A34D;-5.321928
A34G;-1
A34T;-1.0643856
E35K;-3.321928
E35D;-2.160964
E35G;-1
E35V;-2.321928
D36A;0
D36V;0
D36E;0
D36N;0
Q37H;0.5
Q37K;0.333333333
Q37R;0
Q37L;0
L38S;-1
L38M;1
L38W;0
L38F;-1
G39A;1
G39C;-0.5
G39R;0
G39S;0
G39D;0
A40T;-0.2
A40V;-2.321928
R41Q;0
R41L;-1
V42A;-1
V42E;-5.321928
V42L;0.25
V42G;-5.321928
G43A;-0.666666667
G43C;-3.321928
G43S;-1
G43D;-5.321928
Y44H;-3.321928
Y44C;-5.321928
Y44N;-2.660964
Y44F;0
I45V;0
I45N;-4.321928
I45M;0
I45T;0
I45F;0
E46K;0.333333333
E46D;-0.75
E46G;-2.321928
E46V;-0.333333333
L47Q;-0.5
L47P;-5.321928
L47M;0
L47V;0
D48V;-1.991446
D48E;0
D48G;-1
D48N;-1
L49I;0
L49H;-2.321928
L49R;-3.321928
L49P;-2.321928
L49F;0
N50S;0
N50K;0
N50D;0.5
N50T;0
S51I;-1.160964
S51C;-2.321928
S51R;-0.5
S51T;0
S51N;-0.142857143
G52A;-0.5
G52C;-2.214618667
G52S;-0.5
G52D;-1
K53M;0
K53R;0
K53E;1
I54V;0.333333333
I54N;-1.370723
I54T;0.25
I54F;0
L55I;0.25
L55H;-1.660964
L55P;-5.321928
E56K;0
E56G;0
E56V;-0.5
S57I;0
S57R;0
S57G;0
S57N;0
F58I;-1
F58C;0
F58S;0
F58L;-0.25
F58V;0
R59H;-0.285714286
R59C;-3.655261333
R59L;-3.321928
R59P;-5.321928
P60A;0
P60H;0.333333333
P60L;-0.5
P60S;0
P60R;0
P60T;0
E61A;0
E61K;0
E61D;0
E61G;0
E61V;0
E62D;0
E62G;-1
R63C;-1.607309333
R63L;0
F64C;-5.321928
F64I;-4.821928
F64L;-4.821928
F64S;-5.321928
F64V;-2.821928
F64Y;-0.666666667
P65Q;-4.321928
P65S;-2.741446
P65L;-4.321928
M66I;0
M66K;-5.321928
M66L;-0.331704
M66R;-5.321928
M66T;-1.5287712
M66V;0
M67I;-0.666666667
M67K;-5.321928
M67V;-1
M67L;-2.321928
M67T;-0.5
S68I;-5.321928
S68C;-5.321928
S68G;-5.321928
S68N;-5.321928
T69A;-4.321928
T69I;-2.821928
T69S;-1.214618667
T69N;-5.321928
F70I;-1
F70Y;-4.321928
F70S;0
F70L;-1.5287712
F70V;-0.666666667
K71I;-5.321928
K71R;-4.821928
K71T;-5.321928
K71N;-5.321928
V72A;0
V72I;0
V72D;-5.321928
V72G;-3.321928
L73Q;-1
L73P;-1
L74I;-0.75
L74P;-5.321928
L74Q;-4.321928
C75Y;-5.321928
C75S;-1.330482
C75R;-5.321928
G76A;-4.321928
G76C;-1
G76S;-0.5
G76D;-5.321928
G76V;-2.321928
A77P;-5.321928
A77E;-2.321928
A77T;0
A77G;-1
A77V;0
V78A;-1.410964
V78I;0
V78L;-0.5
L79I;-2.321928
L79F;-3.321928
S80Y;0
S80P;-5.321928
S80T;0.333333333
R81S;0
R81H;-0.610160667
R81C;-1.5287712
R81L;0
R81P;-4.321928
V82A;-1
V82I;0
V82D;-3.321928
V82G;-2.321928
V82L;-2.321928
D83V;-3.821928
D83G;-2.321928
D83N;-2.321928
A84P;-3.321928
A84S;0
A84V;0.166666667
A84D;0
A84T;0
G85R;-0.333333333
G85E;-0.333333333
G85W;-1.660964
G85V;-1.881285333
Q86H;0
Q86K;0.5
Q86E;-1
E87A;-1
E87K;-4.321928
E87D;0
E87V;-0.25
Q88H;-0.25
Q88R;0
Q88L;-0.4643856
L89I;-1
L89H;-2.721928
L89P;-1
L89F;-1.330482
G90A;0
G90C;-1.773976
G90R;0
G90S;-0.4
G90D;0.333333333
R91S;-1
R91H;0
R91C;-3.321928
R91L;-2.321928
R92S;-1
R92H;-0.428571429
R92C;-1
R92L;0.2
R92G;-2.321928
I93K;-2.821928
I93M;0
I93L;0
I93V;0.333333333
H94Q;0
H94Y;0
H94R;0
H94D;-1
H94L;0
Y95H;-2.821928
Y95C;-2.321928
Y95N;-5.321928
S96P;0
Q97H;0
Q97R;0.25
Q97L;-1.107309333
Q97P;0
N98Y;0
N98S;0
N98D;0
D99V;-0.5
D99E;0
D99G;-2.321928
D99N;0
L100S;-2.321928
L100V;0
L100M;0
L100F;0
V101A;-0.833333333
V101D;-1
V101G;-5.321928
V101L;-0.5
E102K;-0.666666667
E102D;0
E102G;-0.5
E102V;0.333333333
Y103H;-0.666666667
S104P;-4.988594667
S104L;-5.321928
S104T;-2.321928
P105A;-2.321928
P105Q;-2.821928
P105S;-2.655261333
P105R;-2.321928
P105L;-1.440642667
V106A;-0.660964
V106D;-1
V106G;-2.321928
V106F;-1
V106I;0.25
V106L;0
T107A;-0.333333333
T107I;-1.440642667
T107S;-0.333333333
E108K;0
E108D;0
K109Q;0
K109M;0
K109R;0
K109E;-0.5
K109N;0
H110Q;-1
H110Y;0
H110R;-0.5
H110D;-2.321928
L111I;0
L111H;-0.333333333
L111P;-0.5
L111F;0
T112S;0
T112R;0
T112M;0
D113E;-0.2
D113G;0
D113V;-0.333333333
G114A;0
G114S;-1.660964
G114D;-3.321928
G114V;-2.321928
M115K;-2.988594667
M115V;-1
M115L;-1
M115T;-1
T116A;-0.666666667
T116I;-1
T116S;0
T116R;-1.660964
V117I;0
V117E;-5.321928
V117L;0
R118I;0
R118S;0
R118G;0
E119K;-2.321928
E119D;0
E119G;-1
L120S;-3.821928
L120F;-2.321928
C121Y;-5.321928
C121S;-2.821928
C121R;-5.321928
C121W;-5.321928
S122I;0
S122C;-0.666666667
S122R;0
S122G;0
S122N;-0.25
A123S;-1
A123V;-1.045989714
A123D;-4.321928
A123G;-1
A123T;-2.321928
A124P;-5.321928
A124S;0
A124V;-0.5
A124D;-5.321928
A124T;-0.25
I125K;-5.321928
I125V;0
I125M;0
I125L;0
I125T;-2.321928
T126A;-0.333333333
T126I;-0.333333333
T126S;-0.75
T126P;-4.321928
T126N;-2.321928
M127I;0
M127K;-0.333333333
M127L;0
M127R;0
M127T;-0.5
M127V;0.5
S128I;-3.160964
S128C;-5.321928
S128R;-5.321928
S128N;-5.321928
D129H;-5.321928
D129G;-5.321928
D129N;-5.321928
N130I;-5.321928
N130Y;-4.321928
N130K;-5.321928
N130S;-3.321928
T131A;-1.160964
T131I;-5.321928
T131S;0
T131N;-3.321928
A132S;0
A132E;-5.321928
A132T;-5.321928
A132G;-2.321928
A132V;-5.321928
A133T;0
A133V;-3.821928
N134I;-4.321928
N134S;-4.321928
L135I;0
L135S;-3.321928
L135F;-2.321928
L136H;-5.321928
L136R;-5.321928
L136P;-5.321928
L137Q;-2.488594667
L137P;-5.321928
L137R;-5.321928
L137M;0
T138A;0
T138I;0
T138K;0
T138R;0
T139A;0.333333333
T139S;0
T139M;-0.5
I140V;0
I140N;-2.655261333
I140T;-1.660964
I140F;-0.428571429
G141R;-0.666666667
G141E;-1
G142A;-3.321928
G142R;-3.321928
G142V;-5.321928
P143A;-1
P143Q;-1
P143S;-2.101606667
P143L;-3.155261333
K144M;-1.107309333
K144E;0
K144N;0
E145Q;-1
E145K;0
E145G;0.2
E145V;0
L146Q;-3.321928
L146P;-5.321928
T147A;-0.75
T147I;-1
T147N;0
A148T;0.25
A148V;0
F149I;-0.25
F149Y;0
F149S;-1
F149L;-0.428571429
F149V;-0.5
L150S;-1
L150M;0.333333333
L150W;-1
L150F;0
H151Q;0
H151Y;0
H151R;0
H151L;-0.5
N152D;-0.5
N152I;0
N152H;0
N152K;-2.321928
N152S;0.333333333
N152Y;0
M153I;0.333333333
M153K;-0.333333333
M153L;0
M153T;0
G154R;-1
G154W;-3.321928
G154V;-4.321928
D155V;-5.321928
D155E;-2.321928
D155G;-5.321928
D155N;-2.321928
H156P;1
H156R;0.25
H156L;-0.5
V157A;0
V157I;0
V157E;0
V157L;0
V157G;-1
T158A;-1
T158I;-3.321928
T158S;0.333333333
R159H;0
R159C;-1.7931568
R159L;-2.321928
L160I;-0.5
L160H;-0.5
L160P;-1
L160F;-1
D161V;-1.991446
D161E;-0.666666667
D161G;-4.655261333
D161N;-0.5
R162H;-1
R162C;-1.660964
R162S;-1
W163R;-0.444444444
W163G;-1
E164K;-5.321928
E164D;-5.321928
E164G;-5.321928
E164V;-5.321928
P165A;-1.160964
P165Q;-1
P165S;-1
P165L;-0.333333333
E166A;0
E166K;0
E166D;0
E166G;-0.666666667
L167Q;-5.321928
L167P;-5.321928
L167M;0
L167V;0
N168I;-4.821928
N168Y;-5.321928
N168K;-5.321928
N168S;-1
N168D;-3.321928
E169K;0
E169D;0
E169G;0
E169V;0
A170S;0
A170T;-0.833333333
A170G;0
A170V;-1.045989714
I171V;-0.25
I171M;0
I171L;-0.166666667
I171T;0
P172A;0
P172Q;0
P172S;-0.125
P172L;0
N173S;0.25
N173Y;0.25
N173K;0.333333333
N173D;0
D174E;0
D174V;-3.821928
E175K;0
E175D;-3.160964
E175V;0.5
R176H;-0.5
R176C;-1
D177A;-5.321928
D177E;-5.321928
D177G;-5.321928
D177N;-4.321928
D177V;-5.321928
D177Y;-5.321928
T178A;-3.321928
T178I;-3.121928
T178S;0
T178P;-5.321928
T178N;-3.321928
T179A;-2.988594667
T179K;-5.321928
T179M;-5.321928
T179P;-5.321928
T179S;0
T179R;-5.321928
M180I;0
M180K;-0.25
M180L;1
M180T;0
M180V;0
P181H;-5.321928
P181S;-3.321928
A182S;0
A182E;-1
A182T;0
A182G;1
A182V;0
A183S;0
A183E;0
A183T;0
A183V;0
M184I;0.333333333
M184K;-5.321928
M184V;0
M184L;-0.8
M184T;-3.821928
A185T;-3.321928
T186A;-0.2
T186I;0.25
T186K;0
T186P;0
T186S;0
T187A;-3.321928
T187K;-5.321928
T187M;-0.6
T187S;-0.5
L188M;0
L188F;0
R189H;0
R189C;-0.5
R189G;0
R189P;-5.321928
K190I;0
K190Q;0
K190E;-0.2
K190T;0
K190N;0
L191P;-5.321928
L191V;-0.5
L192I;0
L192S;-2.321928
L192F;0
T193A;0
T193I;0.333333333
T193S;-0.333333333
T193N;0
G194A;0
G194C;-0.333333333
G194S;0
G194D;0
E195K;0
E195D;0
E195G;-1
E195V;-2.321928
L196Q;0
L196P;-1
L196V;0
L197H;-1.944234286
L197P;-2.655261333
L197F;-2.321928
T198A;-0.25
T198I;-1.881285333
T198S;0
T198P;-1
L199I;0
L199P;0
L199Q;0.166666667
A200S;0
A200V;0
A200D;-2.321928
A200G;0
A200T;0
S201P;-3.571928
S201C;0
S201T;-1
S201F;-3.321928
R202Q;0.2
R202L;-1.440642667
R202W;-4.321928
Q203H;0
Q203R;0.166666667
Q203E;-1.160964
Q203L;0
Q204H;-0.666666667
Q204R;-0.4
Q204E;0
L205I;-0.666666667
L205S;-5.321928
I206K;0
I206V;-0.333333333
I206M;0
I206L;0
I206T;-1
D207Y;0
D207E;0
D207G;-1
D207V;-0.5
W208C;-2.988594667
W208R;-5.321928
M209I;-5.321928
M209L;0
M209V;-5.321928
E210D;0
E210G;-0.5
A211S;0
A211T;-1
A211G;-1
A211V;-1
D212V;-2.988594667
D212N;-1.660964
K213I;0
K213T;-0.5
K213N;0
V214A;-0.666666667
V214D;-5.071928
V214G;-2.321928
V214F;-1
V214I;-1
V214L;-1
A215E;-3.321928
A215T;-1.660964
A215V;-3.321928
G216R;-1
G216E;-2.160964
G216V;-2.321928
P217A;-0.2
P217S;-0.924658667
P217L;0
L218I;-2.321928
L218H;-3.321928
L218V;-4.321928
L218F;-4.321928
L219Q;-3.321928
L219P;-3.321928
L219R;-3.321928
L219M;0
L219V;-1
R220S;-3.321928
R220H;-3.446928
R220C;-3.821928
R220L;-4.321928
S221A;0
S221P;-0.666666667
S221L;0
S221W;-1
S221T;0
A222T;0
A222V;0.125
L223I;0
L223H;-4.571928
L223R;-2.321928
L223P;-4.821928
L223F;-2.4575424
P224Q;-1.107309333
P224S;-5.321928
P224L;-2.160964
A225P;0
A225S;-1
A225T;0
A225G;1
A225V;0
G226S;0
G226D;0
W227S;-5.321928
W227R;-5.321928
W227L;-5.321928
W227G;-5.321928
F228I;-1
F228S;-2.321928
F228L;-1.881285333
I229M;-1
I229T;-4.821928
I229V;-1
A230D;-5.321928
A230P;-5.321928
A230S;-1
A230T;-5.321928
A230V;-1.991446
D231V;-4.321928
D231E;-3.821928
D231N;-2.821928
K232Q;-5.321928
K232E;-5.321928
S233Y;-5.321928
S233P;-3.321928
S233C;-5.321928
S233T;0
G234R;-5.321928
G234E;-5.321928
G234V;-5.321928
A235S;-1.660964
A235V;-2.101606667
A235D;-5.321928
A235T;-2.321928
G236A;0
G236C;-3.321928
G236D;-4.321928
G236S;-2.321928
G236R;-5.321928
G236V;-5.321928
E237K;0.5
E237D;0
E237V;-1
R238C;-0.285714286
R238G;-0.5
G239R;-5.321928
G239E;-5.321928
G239W;-5.321928
G239V;-5.321928
S240A;0
S240Y;-5.321928
S240T;-1
S240F;-4.321928
R241H;-3.988594667
R241C;-4.321928
R241S;-3.321928
G242A;-0.5
G242C;-0.666666667
G242S;-1.0643856
G242D;-5.321928
I243N;-4.988594667
I243T;-3.321928
I243F;-2.321928
I244V;0.25
I244N;-5.321928
I244M;0
I244T;-1.220321333
I244F;-3.821928
A245E;-5.321928
A245G;-1
A245V;-2.321928
A246S;0
A246T;0
A246V;0
L247Q;-5.321928
L247P;-5.321928
L247R;-5.321928
L247M;-0.25
G248R;-5.321928
G248E;-5.321928
G248W;-5.321928
P249A;-1
P249S;-0.5
P249L;-1.881285333
P249T;-1
D250E;0
D250G;-0.333333333
D250H;1
D250N;0.5
D250V;0
D250Y;0
G251C;0
G251D;-3.321928
G251V;-1
K252M;0.333333333
K252R;-0.428571429
K252E;0
K252T;-1
K252N;0
P253A;0
P253S;-0.333333333
P253R;0
P253L;0
S254P;-0.5
S254T;-1
R255H;-1.741446
R255C;-3.321928
R255S;-1.881285333
I256V;0
I256L;0
I256T;-4.321928
I256N;-5.321928
V257A;-1
V257I;-0.25
V257E;-5.321928
V257L;-1
V258A;-5.321928
V258I;0
V258D;-5.321928
V258F;-5.321928
I259M;-1
I259T;-3.321928
I259F;-1
Y260H;-5.321928
Y260S;-5.321928
Y260N;-5.321928
Y260D;-5.321928
Y260F;0
T261A;0
T261K;-5.321928
T261R;-4.988594667
T261M;0.181818182
T261S;0
T262A;0
T262S;0
T262R;-1
T262M;0
G263W;-3.321928
G263V;-3.988594667
S264I;-2.821928
S264R;-2.521928
S264T;0
S264G;-0.75
S264N;-1
Q265H;0
Q265R;0
Q265L;-0.25
Q265P;0
A266S;0
A266T;-0.5
A266G;0
A266V;0
T267A;0
T267I;-1
T267S;-0.333333333
M268I;-0.166666667
M268K;-1.660964
M268V;-1.547952
M268L;-0.5
M268T;-0.666666667
D269Y;0
D269V;-0.5
D269E;-0.25
D269G;0
D269N;0
E270K;-0.5
E270D;0
E270G;-0.5
E270V;-0.25
R271Q;0
R271G;-1
N272I;-3.321928
N272Y;-5.321928
N272K;-5.321928
R273I;0
R273K;0.5
R273S;0
R273G;0
Q274E;0
Q274H;0
Q274K;0
Q274L;-1
Q274P;-3.321928
Q274R;0
I275M;0
I275T;-4.321928
I275N;-5.321928
A276T;-0.5
E277A;0
E277K;-0.5
E277G;0
E277V;-0.760275429
I278K;-5.321928
I278V;0
I278M;-1
I278L;0
I278T;-4.321928
G279C;-1
G279R;-5.321928
G279S;-1.660964
A280S;0
A280T;0
A280V;-0.166666667
S281A;0
S281P;-3.321928
S281T;0
L282Q;-1.160964
L282P;-5.321928
L282V;0
I283V;-0.333333333
I283N;-4.321928
I283T;0
I283F;0
K284R;0.5
K284E;0
K284T;0
K284N;-1
H285Q;-0.333333333
H285P;-3.214618667
H285Y;0
H285L;-1
H285N;0
W286C;-5.321928
W286R;-5.250499429
W286L;-2.321928
