variant,y
S57E,0.005882297
E35C,-2.420916886
A40Q,-0.538026022
E62Q,-0.310831814
H24A,-0.009783565
V29L,-0.012140749
S51Q,-0.454083284
E46D,-1.243973026
L79A,-2.179578454
S68C,-2.383237094
A84L,0.005085065
L73N,-2.274293433
L100V,-0.055273939
Y95K,-2.699250944
L111W,-0.08093974
V117I,0.022859979
V106H,-0.99464539
S122T,-0.048347505
L89Y,-1.435450717
S128F,-2.881734555
T139G,-0.117638352
A133R,-3.152806614
L150D,-2.440127655
K144S,-0.054032555
D155P,-2.876538378
E166Q,-0.021115558
D161E,-0.941199774
D177N,-3.039174838
L199K,0.048501146
L188M,0.013036622
P172C,-0.232375688
A183C,-0.496674031
T193Y,-0.049908681
G226T,-0.033124862
E237R,0.028908155
A215W,-1.844041984
Q204V,-0.041599533
I243G,-2.751308632
K232F,-2.317390591
S221I,-0.13567684
E210K,0.232897994
G248S,-2.356738345
E270Q,0.067281052
S254D,-0.076712443
I259P,-2.666364125
S281L,-0.086506977
Q265E,0.02715064
A276E,-0.779277688
S57D,-0.976962278
A40P,-2.675154675
H24C,-0.418259925
V29N,0.051505843
E35D,-2.119519212
E62P,-2.796100017
E46G,-1.769257834
L79C,-2.26771596
S51P,-2.620159281
L73Q,-1.509534628
A84N,0.037337985
S68E,-3.358158761
L111V,0.03501739
L100Y,-1.521559049
S122W,-0.065610253
V117H,-2.170829267
S128I,-3.040445598
Y95M,-1.705062055
V106K,-1.285721958
G90A,-0.011699145
T139F,-1.379021899
E166P,-1.836023503
K144R,-0.081195363
D161G,-3.112543508
A133T,-0.124961472
L150G,-1.756685573
D155S,-3.095545636
D177Q,-2.999547418
A183E,-0.111302744
E237T,-0.086835761
L188N,-2.220947187
L199M,0.041551904
A215V,-1.789833857
G226W,-1.645095743
P172E,0.013131383
G194A,-0.033181736
Q204Y,-0.310308743
I243F,-1.528532822
E210M,0.194174986
K232I,-2.305710886
S221H,-0.000773092
G248R,-2.405967508
E270P,-1.986815688
S254G,-0.019009003
I259S,-2.874239878
S281N,0.131987915
A276D,-1.550481094
Q265D,0.018464876
S57G,-0.036135834
A40S,-0.15070486
H24E,-0.279024169
V29Q,0.021601685
E35G,-2.321290613
E46F,-1.180487928
L79E,-3.129028942
E62S,-0.991022422
S51R,-1.166772263
L73P,-0.134780892
S122V,-0.010096556
A84Q,0.02005532
S68D,-3.192232391
V117K,-2.743585555
L111Y,-0.079256332
S128H,-3.245808571
V101A,-0.700294787
Y95L,-0.912806239
E166S,-0.030948467
V106M,-0.066307304
G90C,-0.975286612
T139I,-0.035725821
K144T,-0.074526532
D161F,-2.746142514
A133W,-2.815941524
L150F,-0.14995674
D155R,-3.133164206
D177P,-2.955764358
E237W,-0.023706335
A183D,-1.46783653
G226V,-2.483838409
A215Y,-2.06100181
I243H,-2.491182057
P172D,-0.162923428
L199N,-0.104307023
G194C,-0.14188896
L188Q,-2.796089769
L205A,-2.461863376
E210L,-0.156003987
G248T,-3.06367362
S221K,0.008597157
K232H,-2.819360412
S254F,-0.852830984
E270S,-0.039686684
S281Q,0.020266376
I259R,-2.495483678
A276G,-0.344260545
Q265G,0.021784773
S57F,-0.258372422
A40R,-2.49902172
V29P,-2.3870484
L79D,-3.060879132
H24D,-0.18160661
E46I,-0.638274182
E166R,-0.072704092
S128K,-2.380653616
V117M,-0.048577408
T112A,0.040527258
E35F,-2.851699886
S122Y,-0.017809199
L73S,-0.986445615
S68G,-2.577396086
S51T,0.006249997
E62R,-2.055450033
D161I,-2.754888476
V101C,-0.595665493
T139H,-0.336643603
V106L,-0.040586891
Y95N,-2.635277852
A84P,-2.360139618
K144W,-0.261537109
E237V,-0.232596251
D177S,-3.044305848
G90E,0.041201227
A133V,-2.07968605
D155T,-3.098885595
L150I,-0.107601528
G226Y,-1.292676546
G216A,-0.310987193
A183G,-1.016716013
L199Q,-0.02665737
I243K,-2.704794874
G194E,-0.00654365
L205C,-2.875775708
P172G,-0.2926104
E210N,0.082515748
E270R,-0.210595029
G248W,-2.515789864
S254I,-0.158424918
L188P,-2.85520948
K232M,-2.459171476
S281P,-2.321086677
S221M,-0.057603585
I259T,-1.997076673
A276F,-0.088089711
Q265F,-0.072124116
E166T,-0.043164957
S57I,-1.225007314
S128M,-2.754109612
L79G,-2.957194765
E237Y,0.005440546
D161H,-1.928225329
V117L,-0.058099032
A123C,-1.28428257
T112C,-0.224731163
T139K,-1.134124571
A40T,-0.474438292
W227A,-2.410115861
I243M,-1.109995239
G216C,-1.719736905
A183F,-0.294205693
L199P,-0.013699019
L73R,-2.580447034
E270T,0.004322527
H24G,-0.060241673
K144V,-0.046394863
D177R,-3.254302042
V101E,-0.743983116
V29S,0.008377766
V106N,-1.48746731
G194D,0.011114738
L205E,-2.785510896
S68F,-2.859561477
L150H,-2.50799963
S254H,-0.085583908
A133Y,-3.001181548
E46H,-0.84199284
S51W,-2.260674765
Y95Q,-2.566728492
G248V,-2.830067718
P172F,-0.209981855
A276I,-1.478838914
D155W,-3.378654397
G90D,-0.005478862
A84S,0.012671526
L188S,-1.805171884
S281R,-0.042061968
I259W,-2.428120809
E35I,-2.987540701
K232L,-3.171225126
E62T,-0.291571286
E210Q,0.054612238
S221L,-0.169576546
Q265I,0.013407068
E166W,-0.022417454
S128L,-3.014886525
I243L,-0.076638868
L79F,-1.868020467
D161K,-2.460173728
S57H,-0.200224731
W227C,-2.601610509
E270W,-0.625633446
R238A,-0.191382774
A123E,-2.480116703
V117N,-2.185462835
T139M,-0.095383625
A40W,-1.923133717
H24F,-0.818487096
V29R,0.065185473
L205D,-2.726957571
L150K,-2.676445598
G216E,-1.070069416
L199S,0.004816356
A183I,-0.133558866
T112E,0.028461722
S68I,-1.65252998
L73T,-0.755295223
N134A,-2.730906615
D177T,-3.24570132
S51V,-1.719458446
V101D,-0.211748794
V106Q,-0.356222844
D155V,-2.95260037
G90F,-0.131499981
G194F,-0.689851161
S254K,-0.020201976
A84R,0.016879106
K144Y,-0.174016484
P172I,-0.179605393
Y95P,-1.990294609
E46K,-0.224174499
A276H,-0.0692059
S281T,-0.000301299
E35H,-2.772221373
E62W,-1.931454624
I259V,-0.020923763
K232N,-2.312589106
G248Y,-2.840416149
E210P,-1.742334732
L188R,-2.954465915
S221N,-0.058641551
Q265H,-0.011547412
I243N,-2.781042041
E270V,-0.007478681
R238C,-0.055273876
E166V,-0.109649546
W227E,-2.874335284
S128N,-2.858229487
G216D,-1.101515398
S254M,-0.089127927
A276K,0.049749611
A183H,-0.054851678
D161M,-1.926115503
L205G,-2.949099702
D177W,-3.193444419
L199R,-0.020615909
T139L,-0.040313798
A123D,-2.27741418
L79I,-1.992318096
V117Q,-2.298832998
G194I,-1.678925897
S281W,-1.05525514
P172H,-0.099280105
T112D,0.001599065
S57K,-0.040180196
V106P,-2.620729962
D155Y,-2.717875648
L150M,0.091401533
N134C,-3.421395371
V101G,-1.239269328
E145A,-0.027764073
K232Q,-2.583917894
A40V,-1.766813589
Y95S,-2.125006547
I259Y,-2.403888322
S68H,-2.973291757
S221Q,0.106899351
H24I,-0.359191243
L73W,-2.322081819
S51Y,-1.419267838
Q265K,0.031578232
A84T,-0.01452706
P249A,-0.578324251
G90I,-0.135224833
V29T,0.029703033
L188T,-0.298301891
E46M,-0.019380393
E210S,-0.423217187
E62V,-0.936311053
E35K,-2.940703589
E270Y,-0.157183129
I243Q,-2.610417763
R238E,-0.540561517
S254L,-0.121766338
A276M,-0.06703507
E166Y,0.067210162
W227D,-2.779304338
G216F,-1.497825789
S281V,0.013298684
A183K,-0.204094409
S128Q,-2.952440127
L205F,-1.871064387
L199T,0.004982806
D177V,-3.264237045
D161L,-3.35120605
G194H,-0.086449922
T139N,-0.081692222
A123G,-1.557945568
K232P,-3.126311925
P172K,-0.150293483
Y260A,-2.509598383
Q265M,0.012483782
E145C,-0.054622107
H156A,-0.069156908
T112G,0.068757913
S221P,-0.663132229
L150N,-2.256755267
L79H,-2.337686607
V106S,-0.66167765
P249C,-1.200239393
V117P,-1.988141729
S57M,-0.128876766
Y95R,-2.553313625
N134E,-2.946909354
L188W,-1.912952574
E210R,0.07051385
L73V,-0.036333311
A40Y,-2.342321982
V101F,-1.869255391
G90H,-0.0363664
S68K,-2.945587118
H24K,0.014469577
G52A,-1.397547239
A84W,-0.395755631
E46L,-0.114128551
V29W,0.056414715
E62Y,-1.2178737
E35M,-1.946449764
R271A,-0.226637311
A276L,-0.60293422
S254N,-0.060392051
R238D,-1.572605759
I243P,-2.686522533
L167A,-0.999179737
W227G,-2.958552135
G216I,-1.730204233
A183M,-0.051695839
S281Y,-0.098156934
L199W,-0.034159285
D177Y,-2.381120951
S128P,-3.027514885
L205I,-0.249558421
T139Q,-0.02812127
D161N,-0.621962917
P172M,-0.063852169
G194K,-0.089053119
A123F,-2.64344777
K232S,-3.110410689
Y260C,-2.041769272
E145D,-0.053888558
T112F,0.049081384
L79K,-2.660157517
V106R,-1.148098026
S221R,0.03387427
H156C,-0.105137007
V117S,-2.625799367
L150Q,-1.552336112
P249E,-0.668956032
Q265L,0.009050001
S57L,-0.638674441
Y95T,-2.673178912
N134D,-2.099289227
R41A,-0.329086585
L188V,-0.081581387
L73Y,-1.787903299
V101I,-0.101148046
E210T,-0.342551855
G90K,-0.108828669
S68M,-2.927597134
E46N,0.002957374
G52C,-2.765819379
H24M,-0.224781293
A84V,-0.020480268
V29Y,-0.087401776
R63A,-1.552993834
E35L,-2.885752479
A276N,-0.616039405
S254Q,-0.011445584
R238G,-0.100300886
I243S,-2.777826528
W227F,-0.845939091
L282A,-0.103001042
G216H,-0.843535431
R271C,-0.162333769
L167C,-0.017578104
A183L,-1.540338492
L199V,-0.018299501
T178A,-2.022396221
L205H,-2.728694618
Y260E,-2.560872172
K232R,-1.610509632
G194M,-0.109029557
P172L,-0.088987201
S128R,-3.158797018
P249D,-1.041499991
Q265N,0.057900198
S221T,0.009267263
D161Q,-1.870180211
T139P,-2.120888247
A123I,-1.679705983
E145G,-0.009259429
H156E,-0.060026062
E210W,0.10454532
L150P,-3.152874322
L188Y,-1.120273917
V117R,-2.851083992
V106T,-0.284868942
T112I,0.084895434
N134G,-2.942513058
Y95W,-0.029609705
L79M,-0.136681748
V101H,-1.336747924
G90M,-0.039755865
L74A,-1.314976379
S57N,-0.340335844
R41C,-1.693509349
A84Y,-0.150514537
E46Q,0.013281701
G52E,-1.485419039
S68L,-3.081591203
R63C,-1.577282491
H24L,-0.480346576
K30A,0.000581568
E35N,-2.741755203
A276Q,-0.052753796
S254P,-1.092810178
R238F,-0.104102089
I243R,-3.511946026
W227I,-2.474822963
R271E,-2.389584217
G216K,-0.637357076
L282C,-0.617685383
L167E,-2.415411747
Y260D,-3.17182605
L199Y,-0.046826307
L205K,-2.59346846
A183N,-0.045816636
T178C,-1.675433092
P249G,-1.611388635
K232T,-2.748226991
G194L,-0.735460233
Q265P,-0.002765732
P172N,-0.170574423
S128T,-2.404437918
D161P,-3.45690128
S221W,-0.625610278
T139S,0.024660069
E210V,-0.1782236
E145F,-0.010103721
H156D,-0.030105332
A123H,-2.266565409
R189A,-0.017229056
L150S,-1.733232711
V117T,-1.370634622
T112H,0.012700159
V106W,-0.962883795
N134F,-3.187226501
Y95V,-1.178690744
V101K,-0.277032486
L79N,-2.652113497
G90L,-0.128355617
L74C,-2.220898794
S57Q,-0.0140985
G85A,-0.134062149
R41E,-1.883635418
E46P,-2.526018257
R63E,-1.482423194
S68N,-2.096320864
G52D,-1.142466432
H24N,-0.043093163
A276P,-2.550635631
K30C,-1.580349542
S254R,-0.02496754
E35Q,-0.608613565
R238I,-0.699698682
W227H,-2.736922009
I243T,-1.727102205
R271D,-1.609124252
G216M,-0.525735054
L282E,-2.95431837
L167D,-3.000815722
A183Q,0.0216764
Y260G,-2.596437133
A200C,-0.053922218
T178E,-2.343746274
P249F,-2.255329162
K232W,-2.753353303
L205M,-0.083827633
G194N,-0.099271407
P172Q,-0.064381216
Q265S,0.025386271
S221V,-0.061467424
S128W,-2.804468501
D161S,-1.313168235
E210Y,0.355790663
E145I,-0.196790129
A123K,-2.514617711
H156G,-0.087994099
R189C,-0.003296714
T139R,-0.18923676
L150R,-3.202388141
V117W,-2.962481988
V106Y,-0.819350791
N134I,-2.830199601
S96A,-0.003642064
T112K,0.061175424
V101M,-0.242102515
L79Q,-2.306304801
G90N,0.017350079
S57P,-2.61056601
L74E,-2.636127763
G85C,-1.402625032
R41D,-1.955265097
R63D,-2.506009658
E46S,-0.006555508
S68Q,-2.89210983
A276S,-0.055652281
S254T,-0.00718497
G52F,-2.243396686
H24Q,-0.135568334
R238H,0.0399595
K30E,-1.653192955
W227K,-2.859977118
I243W,-1.790956754
R271G,-0.999188348
G216L,-0.765563344
L282D,-2.529507892
E35P,-3.388924726
Y260F,-0.06715326
L167G,-2.585553084
A200E,-0.011045614
P249I,-1.808790021
T178D,-2.863717584
K232V,-2.719604968
L205N,-2.764074272
Q265R,0.011668405
G194Q,-0.031244144
P172S,-0.142501876
S221Y,-0.107990138
A211C,-0.286941361
D161R,-2.503933896
A183P,-1.311531959
S128V,-2.980611709
E145H,-0.071933538
R189E,-0.303910933
H156F,0.009488401
T139W,-1.634384635
A123M,-2.704317891
L150T,-0.568561937
V117Y,-2.304200425
T107A,-0.089299781
N134H,-2.534620405
T112M,0.008222842
S96C,-0.716253046
A276R,-0.022418982
V101L,-0.080784456
S254W,-0.424733031
L79P,-3.139544463
S57R,-0.129307108
G90Q,0.072975398
L74D,-2.735655563
G85E,-0.088473563
R238K,-0.166125883
R271F,-1.988937185
W227M,-2.730242755
R41G,-1.974678812
I243V,-0.035947545
R63G,-2.512185941
G216N,-0.171467298
S68P,-3.316045444
E46R,-2.305126814
G52I,-3.029309641
L282G,-2.415650406
P249H,-1.15544864
Y260I,-0.888012503
A200D,-0.046943255
L167F,-2.141151773
T178G,-2.549241462
H24P,-1.010848138
Q265T,0.016477116
L205Q,-2.736755349
G194P,-0.198504302
K30D,-2.167242514
K232Y,-2.409524166
E35S,-2.463913496
A222C,-0.139486071
P172R,-0.194723749
A211E,-0.003246366
A183S,0.021753514
D161T,-1.585055309
S128Y,-3.014799212
E145K,-0.034367585
R189D,-1.147991783
H156I,-0.155017382
T139V,-0.055610983
A123L,-2.310294405
L150W,-1.612677789
R118A,0.057780066
A276T,-0.662173388
T107C,-0.246232592
N134K,-3.1263046
S254V,-0.074877584
T112L,0.012445887
S96E,0.0282327
R238M,-0.112249205
R271I,-0.15856105
W227L,-3.214010768
I243Y,-1.383647832
V101N,-0.804123866
G216Q,-0.160168266
L282F,-0.663794413
G90P,-0.68542057
L79S,-2.546889119
G85D,-0.106921018
S57T,-0.065115516
L74G,-2.386275324
P249K,-0.073359069
Y260H,-2.685733682
R41F,-1.159161857
R63F,-1.828182638
Q265W,-0.033193385
A200G,0.01257536
S68R,-2.991039415
L167I,-0.034959373
T178F,-2.86912198
L205P,-2.968101119
S233A,-1.023786368
G194S,-0.004549414
E46T,-0.119318986
G52H,-1.650707599
A222E,-0.025283249
H24S,0.036166097
A211D,0.149351808
P172T,-0.091111296
A183R,-0.231135679
K30G,-2.15303464
D161W,-2.781541599
R189G,-0.047906629
E145M,0.002160508
D129A,-2.712578003
E35R,-3.10440097
H156K,-0.023280442
T139Y,-1.324513524
A276W,-0.913513533
A123N,-2.701399048
S254Y,-0.647275314
L150V,-0.092748906
R118C,0.022429659
T107E,-2.651337332
N134M,-2.975159889
R238L,-0.168120586
T112N,0.049527478
S96D,-0.00321986
R271H,-1.350593911
I244A,-1.073623609
W227N,-2.471548493
G216P,-1.499187483
L282I,0.07867216
V101Q,-0.253280102
P249M,-0.703567053
Y260K,-2.964667211
G90S,-0.020904624
Q265V,-0.015321831
L79R,-2.817926043
S57W,-0.495673855
A200F,-0.236304149
L74F,-3.112424886
G85F,-0.615544979
T178I,-2.042598116
L167H,-2.551329907
R41I,-0.608879904
R63I,-1.001374095
L205S,-3.040917185
G194R,-0.30361416
A222D,-1.188570578
S68T,-2.713137191
S233C,-1.777677999
A211G,0.047543237
P172W,-0.276195727
A183T,-0.049025113
E46W,-2.282498331
R189F,0.034164252
G52K,-1.679006303
D161V,-1.579928924
A276V,-0.172800332
E145L,-0.185923179
H24R,-0.002526258
D129C,-2.466085328
H156M,0.013323853
K30F,-2.087469761
I140A,-1.498297601
R255A,-2.085895793
A123Q,-2.533981274
E35T,-2.887142666
R118E,0.049050117
L150Y,-0.668788279
R238N,0.034922647
T107D,-2.735711985
R271K,-0.109377387
N134L,-2.878500113
I244C,-0.823006157
W227Q,-2.740541574
T112Q,-0.051817832
S96G,0.037468031
G216S,-0.702568873
P249L,-1.682206154
Y260M,-0.00915987
L282H,-3.011268548
Q265Y,0.036114718
V101P,-2.538546594
A200I,-0.106340364
T178H,-2.450143198
L167K,-3.034945182
L205R,-3.216264069
G90R,-0.145842567
G194T,0.015216881
L79T,-2.2124619
A222G,-0.205126728
S57V,-0.097291189
L74I,-1.473556368
G85I,-1.531599286
A211F,-0.547828864
S233E,-2.908854686
A183W,-0.652367159
R63H,-0.532573945
P172V,-0.097459969
R41H,0.021122041
S68W,-3.346758972
R189I,-1.078739255
A276Y,-0.088587526
R255C,-2.442376616
D161Y,-2.4218407
E145N,-0.082234238
D129E,-2.504882756
E46V,-0.377810222
H156L,-0.057332813
I140C,-1.437943051
G52M,-1.645114846
A123P,-2.277657644
R271M,-0.04327186
H24T,-0.067187546
R238Q,0.025892083
H151A,0.03070164
I244E,-2.880303606
K30I,-0.404046645
R118D,0.030534581
W227P,-3.576892624
G216R,-0.917942436
N134Q,-3.055870804
E35W,-3.040675803
T107G,-1.840554209
L282K,-2.571033681
Y260L,-0.046084325
P249N,-0.450898064
A266C,0.001832707
T112P,-0.018968098
S96F,-0.106211683
T178K,-2.986548055
A200H,-0.037725565
L205T,-2.364069586
L167M,-0.095031072
V101S,-0.734571923
G194W,-1.17832734
A222F,-0.604300296
A211I,-0.664675484
S233D,-2.815419103
A183V,0.016607528
G90T,-0.032386576
L79W,-2.385535496
E277A,-0.084317277
L74H,-3.487305171
S57Y,-0.395671023
P172Y,-0.199544409
G85H,-0.051679096
R189H,0.028994949
R255E,-2.826118507
R63K,-0.162804455
R41K,-0.157427045
E145Q,-0.051717017
R162A,-2.052036726
S68V,-2.570666462
D129G,-3.150348673
R271L,-0.001571258
H156N,0.000899269
I140E,-2.106084455
E46Y,-1.06271258
R238P,-0.416091557
A123S,-0.275678578
I244D,-2.745722954
W227S,-3.230124757
L282M,0.01266562
A266E,0.035025403
G52L,-1.737240536
H151C,-0.143451535
G216T,-0.657379514
Y260N,-2.781605528
R118G,0.015036122
P249Q,-0.292078371
H24W,-1.347585961
T107F,-3.047786586
N134P,-3.4871755
K30H,-0.866930596
T112S,0.018286818
A200K,0.018088694
T178M,-2.831918119
S96I,-0.082016154
L205W,-2.016528177
E35V,-2.288299032
L167N,-2.83505775
E277C,-0.615497464
S233G,-0.302187877
A222I,-0.127924825
A211H,0.106391861
G194V,-1.411238447
A183Y,-0.110270561
R255D,-2.577336579
V101R,-0.498956704
N173A,0.013932701
L79V,-1.786521316
G90W,-0.044056476
R189K,0.043095827
L74K,-3.106143099
F58A,-0.096847901
G85K,-0.033350538
R271N,-0.209096776
E145P,-0.365045508
R162C,-1.942558976
R63M,-1.270809434
D129F,-2.827106995
H156Q,-0.03615346
R41M,-0.282237031
I140D,-3.26519342
R238S,-0.155113138
I244G,-2.384993054
S68Y,-2.976799803
W227R,-2.587686553
A123R,-2.959989393
L47A,-0.587413548
L282N,-2.321377818
A266D,-0.064810058
Y260Q,-2.950520896
G216W,-0.921568061
H151E,0.044633236
P249S,-0.658121898
R118F,-0.006853186
G52N,-0.564540738
T107I,-1.853374251
H24V,-0.026874047
N134S,-2.914040585
T112R,0.019411118
A200M,-0.146867379
T178L,-2.776831022
L205V,-1.660227839
K30M,-0.205193373
E277D,-0.061959965
L167Q,-2.735504062
S96H,0.011625173
S233F,-2.679054189
A211K,0.00473626
G194Y,-0.707677085
R255G,-2.607993029
A222H,-0.080251335
E35Y,-3.049756216
M184A,-1.621073773
V101T,-0.118362671
R189M,0.023547909
R271Q,-0.152919851
L79Y,-3.023729688
G90V,-0.155368692
N173C,-0.014365243
E145S,-0.019853986
R162E,-2.229220485
L74M,-0.428434116
F58C,-1.092346968
G85M,-0.186685881
I244F,-2.43572497
R238T,-0.338669016
L282Q,-1.722284209
H156P,-0.099892424
D129I,-2.718844524
I140G,-1.734219462
W227T,-2.947105996
A266G,-0.009499068
R63L,-0.418237842
Y260P,-2.515529048
G216V,-1.553889303
P249R,-0.132884736
A123T,-1.578150206
R41L,-0.342520525
H151D,-0.029224302
T69A,-2.759739676
R118I,-0.472002342
L47C,-1.720747268
E277G,-0.146375894
T107H,-2.992764396
T178N,-2.261183373
L205Y,-2.834558335
R255F,-2.876353994
A200L,-0.124382733
N134R,-3.074171492
G52Q,-1.581973632
L167P,-2.538317974
S233I,-2.583174452
T112W,0.006492853
A211M,0.299713579
A222K,0.135756478
E195A,-0.107819608
S96K,-0.002363227
M184C,-1.715535123
H24Y,-0.88502515
R271P,-1.759579019
K30L,-0.302453322
R189L,-0.020162666
V101W,-2.291497139
D36A,-0.005953824
N173E,-0.008709017
R238W,-0.043960948
L282P,-2.427915802
I244H,-2.599593889
A266F,-0.0305753
E145R,-0.086826265
W227V,-3.138425058
G90Y,-0.065199464
Y260S,-2.724576282
S80A,0.008730478
R162D,-1.797269994
G216Y,-1.219190914
H156S,-0.044113082
P249T,-0.890274021
D129H,-2.914716598
I140F,-0.184413504
G85L,-0.424891033
L74N,-2.872405012
F58E,-1.961057663
E277F,-0.970996006
H151G,0.029651278
R63N,-1.582375994
R255I,-1.681474147
R41N,-0.225044473
A123W,-2.604028737
T69C,-1.764699631
T178Q,-2.094211605
R118H,0.046338758
A200N,0.02956398
S233H,-2.540929603
I206A,-0.095585022
L167S,-2.662568311
A211L,0.084351559
L47E,-1.741683954
T107K,-2.826024012
N134T,-2.597705253
A222M,-0.314588866
E195C,-0.253589731
T112V,0.000436853
M184E,-3.163032745
R271S,-0.48529
R189N,-0.151627343
S96M,-0.0196778
G52P,-1.923346365
L282S,-1.65506219
R238V,-0.238486991
I244K,-3.095259021
A266I,-0.246317916
W227Y,-2.100840027
P25A,-1.642595093
Y260R,-2.746634556
K30N,-1.532004423
N173D,-0.029921061
V101Y,-1.502920358
P217A,-0.049668195
E145T,-0.100024051
P249W,-2.598471893
H156R,-0.050996883
D129K,-2.79710803
I140H,-2.596333523
R162G,-1.460298623
D36C,-0.099956783
S80C,-1.017420265
E277I,-0.01757013
R91A,-1.352936044
G85N,-0.076674709
F58D,-2.678411367
L74Q,-3.24294313
R255H,-1.895191031
H151F,-0.018411069
R63Q,-0.693159062
T178P,-2.863903087
A200Q,-0.005148779
I206C,-0.120373889
A123V,-1.466993592
A211N,0.007469645
L167R,-2.840588155
T69E,-3.195768026
S233K,-2.429145416
R118K,-0.042341403
A222L,-1.220598653
R41Q,-0.280324444
E195D,0.014874203
R271T,-0.219194195
M184D,-3.260115432
T107M,-1.95630099
N134W,-3.258416571
L282R,-2.703589801
T112Y,0.054425557
L47D,-2.518467113
R189Q,-0.002750312
R238Y,-0.015876186
A266H,-0.00282678
I244M,-0.239541728
S96L,-0.025364385
F228A,-0.705757337
Y260T,-2.274308919
G52S,-1.555244441
P217C,-0.943436838
P249V,-1.348060741
N173G,-0.001621661
E277H,-0.333711473
E145W,-0.182909331
P25C,-0.364138405
E102A,0.016406132
K30Q,-0.093847677
H156T,-0.026805845
R162F,-2.76348965
I140K,-2.431673968
D129M,-2.515168971
R91C,-1.363640025
S80E,0.100922601
R255K,-0.027408632
D36E,0.001811128
G85Q,-0.025383443
F58G,-2.34256389
L74P,-2.872337698
H151I,0.007014468
T178S,-0.131550732
A200P,-0.031745666
I206E,-0.468149603
A123Y,-2.245268831
A211Q,0.085666892
L167T,-0.880212184
A222N,-0.165455814
S233M,-2.495404731
R63P,-1.086821958
R271W,-1.8522165
T69D,-3.265384399
R118M,-0.024256937
M184G,-2.794416557
E195G,-0.014822188
R41P,-0.099713743
T107L,-0.66359724
N134V,-2.740153276
L282T,-0.231657908
G239A,-1.979592571
D113A,-0.06605382
A266K,-0.193697368
R189P,-2.171437555
I244L,-0.235075165
F228C,-1.422719484
Y260W,-3.221421795
S96N,0.009597091
L47G,-2.814695063
P217E,-0.294224134
P249Y,-1.716285218
G52R,-2.042379701
E277K,-0.144432723
N173F,-0.024432157
H156W,-0.042865849
R162I,-2.775293039
R255M,-2.10091888
D129L,-3.197355755
E102C,-1.752428509
I140M,-0.036978728
E145V,-0.058114107
P25E,0.143257861
K30P,-2.525360861
R91E,-1.843124163
S80D,-0.217070919
T178R,-3.014521567
A200S,-0.014845208
H151K,0.007145897
G85P,-2.908875342
I206D,-2.292964037
D36G,0.035435688
R271V,-0.323375253
F58I,-1.14552304
A211P,-1.621459471
A222Q,-0.035363378
L167W,-2.693164746
L74S,-2.599628113
A124C,-0.919172293
S233L,-2.653834687
M184F,-0.249223794
L282W,-2.781623896
E195F,-1.257844668
G239C,-2.428144581
R118L,-0.023411341
R63S,-1.296136203
T107N,-2.709002539
A266M,0.062910106
N134Y,-2.998510307
T69G,-2.628796876
R189S,-0.039930577
I244N,-3.333238166
R41S,-0.309092945
F228E,-2.649739417
D113C,-0.304002288
Y260V,-1.413474729
P217D,-0.149352214
S96Q,0.048938316
L47F,-1.674340022
E277M,-0.253701899
D250A,0.018321109
N173I,-0.314117936
R255L,-1.841853145
R162H,-0.454364178
H156V,-0.079730457
D129N,-2.770464704
G52T,-1.727659998
I140L,0.024254683
E145Y,-0.131728189
E102D,-0.002974238
A200R,0.02118416
R271Y,-1.895297567
T178W,-3.213571609
P25D,-0.028402505
I206G,-0.507712402
A211S,-0.057107732
A222P,-0.20669553
L282V,-0.020573364
R91D,-1.653138449
H151M,0.04515802
S233N,-2.837440603
S80G,-0.060435341
K30S,-0.378632472
L167V,-0.015985525
M184I,-0.030925581
G239E,-2.076001008
A124E,-2.721775029
E195I,-0.923341277
G85S,-0.164970784
F58H,0.026093905
A266L,-0.008888088
L74R,-3.126264978
D36F,-0.068770939
I244Q,-3.141498614
F228D,-2.364827307
R189T,-0.145861113
T261A,-0.117114405
L135A,-1.73120652
T107Q,-2.808790532
P217G,-0.494440349
R118N,0.040624438
D113E,-0.005727654
R63T,-0.626124444
E277L,-0.074407516
T69F,-3.33535459
D250C,0.002043014
R41T,-0.286286649
S96P,-1.456086594
R255N,-2.618899902
N173H,0.002965655
L47I,0.024688881
H156Y,-0.002911655
R162K,-1.553189419
D129Q,-2.920444197
I140N,-2.209628613
L146A,-1.532918971
G52W,-1.984352478
E102G,-0.29465882
A200T,-0.004445483
T178V,-2.349552164
N272A,-1.503449934
L282Y,-2.60798928
I206F,-0.115699014
A222S,-0.084670226
S233Q,-2.395784855
A211R,0.028937467
L167Y,-2.891833455
H151L,-0.024805365
P25G,-0.969267861
G239D,-2.963216949
R91G,-1.839828642
M184H,-2.983621742
S80F,-0.022349997
A266N,0.08711741
K30R,-0.006089577
A124D,-2.468590365
E195H,0.041473636
F228G,-2.117396431
I244P,-3.225329025
G85R,-0.1023798
R189W,0.037155394
F58K,-1.637460288
L74T,-1.513027813
T261C,-0.065010882
D36I,-0.069870489
L135C,-1.94117432
P217F,-1.509183144
T107P,-2.692235411
E277N,-0.077807463
D113G,-0.060906318
D250E,-0.040105619
R255Q,-2.147603701
T69I,-1.685743653
R118Q,0.110618312
S96R,0.003768319
N173K,-0.014792412
R63W,-2.318079554
R41W,-2.024107135
R162M,-2.409700729
V157A,-0.049961013
N272C,-2.535906828
I140Q,-1.419250056
L146C,-1.683595957
I283A,-0.537631351
D129P,-3.018767965
A200W,-1.124258477
L47H,-2.394776979
T178Y,-2.946532519
I206H,-0.490274334
S233P,-1.862269337
A222R,0.012398433
G239F,-2.215813547
E102F,-0.087691599
A266Q,-0.066046697
N168A,-1.359565393
G52V,-2.323342864
A211T,-0.316316504
M184K,-3.088453138
H151N,0.079552158
F228I,-1.514573075
I244S,-2.244336833
E195K,-0.015181175
A124G,-1.301310383
R91F,-2.190379396
T261E,-1.447797775
S80I,-0.25249564
R189V,-0.162167656
P25F,-0.199804031
E277Q,-0.046492212
P217I,-1.350092088
K30T,-0.041735782
G85T,-1.282214244
F58M,-0.179274328
L135E,-1.681275963
D250G,-0.01997566
L74W,-2.903445524
T107S,-0.120848921
R255P,-3.355304615
D113F,-0.231182605
D36H,-0.026165024
R118P,-1.724867907
N173M,-0.054697623
S96T,0.032250079
T69H,-1.664324852
I283C,-0.657012279
R162L,-2.600935808
N272E,-1.593646034
V157C,-0.134334239
A200V,-0.017479696
R63V,-1.337554195
L146E,-2.67514971
R41V,-0.491868623
I140P,-2.74499476
D129S,-3.129493959
T179A,-1.699495599
L47K,-2.002716795
I206K,-0.166908908
G239I,-2.367720376
S233R,-3.079699599
A222T,-0.052968743
A266P,-1.653566087
A211W,-0.810289893
N168C,-1.797003822
F228H,-0.929733827
E102I,-0.098005738
I244R,-2.637885627
E195M,-0.869914941
M184L,-1.189826062
H151Q,0.068242096
E277P,-2.622383871
R189Y,-0.009767181
T261D,-1.133929996
G52Y,-2.109773078
P217H,-0.221030842
A124F,-2.926407205
R91I,-1.776368346
S80H,0.034713463
R255S,-2.797274372
D250F,0.00293398
L135D,-2.916745789
P25I,-0.073523836
G85W,-1.596722025
T107R,-3.115506105
K30W,-2.032560763
L74V,-0.232734839
D113I,-0.101362692
F58L,-0.463029668
N173L,-0.030604266
I283E,-2.601698129
D36K,-0.004920755
R118S,0.090750713
N272D,-0.07933293
R162N,-0.318084574
S96W,-0.34578657
A200Y,-0.116248878
V157E,-0.058903587
T179C,-2.572330785
T69K,-3.033836619
I140S,-1.563681716
D129R,-2.671514636
G239H,-2.583425034
R63Y,-1.305136837
S233T,-0.036772807
A266S,-0.018780831
R41Y,-0.608998027
A222W,-1.279806225
L146D,-2.822895624
I206M,-0.031823081
L47M,0.013633703
N168E,-2.469443095
F228K,-1.376374768
A211V,-0.649735281
I244T,-1.26337091
E195L,-1.055149919
E277S,-0.123684103
E102H,-0.068771438
K190A,0.131802291
M184N,-2.641933471
T261G,-2.325524064
H151P,-2.286537924
P217K,-0.007076838
K53A,-0.009332043
A124I,-1.774834631
S80K,-0.065342318
R255T,-2.500235922
R91H,-0.089973269
D250I,-0.144254011
L135G,-2.374463158
P25H,0.045784618
T107W,-2.837835535
G85V,-1.542004165
L74Y,-2.935389443
K30V,-0.06138358
D113H,-0.034760101
F58N,0.020832937
N173Q,0.023715874
I283D,-2.788857489
N272G,-1.639791387
R118T,0.015904985
S201A,-0.031490122
R162Q,-0.955581138
D36M,0.060808625
S96V,-0.031687321
T179E,-3.131540263
G239K,-2.852554194
V157D,-0.082892483
I140R,-2.684032739
A266R,-0.003314313
D129T,-2.844276943
S233W,-2.514866361
T69M,-2.478653607
F64A,-3.388809431
A222V,-0.038754442
F228M,-0.167753136
I206L,-0.062484206
V42A,-1.919095692
L146G,-2.258073028
E277R,-0.086642792
A211Y,-0.353034012
I244W,-3.007136282
N168D,-2.229169043
L47N,-2.469694379
E195N,-0.076250219
T261F,-0.069969718
K190C,0.090686242
M184Q,-2.403221462
P217M,-0.156304504
E102K,-0.062874373
H151S,0.010206805
R255W,-2.741784941
A124H,-3.064254649
D250H,-0.008857985
K53C,-1.382777082
S80M,-0.066786124
R91K,-0.124753162
L135F,-1.195243408
P25K,0.135590499
T107V,-0.579767453
D113K,-0.042644241
G85Y,-0.794174256
C75A,-0.124974443
F58Q,-0.396714011
I283G,-2.247811139
K30Y,-2.123162699
N173P,-1.716187143
N272F,-2.708675753
R118W,0.068141592
S201C,-0.840956088
R162P,-2.432689628
S96Y,-0.090141803
D36L,-0.015402454
T179D,-2.704465567
G239M,-2.866776186
V157G,-0.292355779
I140T,-1.523189597
A266T,0.018746703
D129W,-2.957157889
F64C,-3.444423186
S233V,-2.819103336
F228L,-1.38825315
A222Y,-0.274795451
T69L,-2.392749482
I206N,-0.545276258
E277T,-0.100850902
L146F,-0.118583427
D212A,-1.450938143
V42C,-1.543953069
E195Q,-0.013494444
K190E,0.154985174
N168G,-0.188527075
L47Q,-0.861640165
M184P,-3.030596748
I244V,0.041399423
T261I,0.027491917
P217L,-0.541115992
H151R,0.02308135
E102M,-0.062337676
D250K,-0.064669503
R255V,-1.555218978
A124K,-3.012923308
S80L,-0.017216283
K53E,-0.017441509
R91M,-1.473200085
I283F,-0.123745791
L135I,0.015083204
N272I,-2.488615886
T107Y,-2.788696299
N173S,-0.000747788
P25M,-0.02836574
D113M,-0.118088954
Q86A,-0.031346184
G239L,-2.898614068
C75E,-2.657888088
S201E,-2.764541721
F58P,-2.953853896
R162S,-0.460633359
A266W,-0.663916399
T179G,-2.870286433
S233Y,-2.716712122
E277W,-1.529771359
F228N,-2.058817623
V157F,-0.033174397
Q97A,-0.019611956
I140W,-1.753049544
L223A,-0.244925714
D129V,-2.793114109
I206Q,-0.043686221
V31A,-1.100230314
R118V,-0.175151046
D212C,-2.102952115
D36N,0.044241268
L146I,-0.366678145
F64E,-3.02234433
E195P,0.007968436
T261H,-1.388134768
K190D,0.100962865
N168F,-3.154169562
I244Y,-3.36554001
P217N,-0.131099892
M184S,-2.663571843
T69N,-2.71262599
D250M,-0.003194611
R255Y,-2.256511268
V42E,-2.394525721
L47P,-2.838862454
H151T,0.016665056
E102L,-0.06177225
A124M,-1.847959866
I283H,-2.078123175
S80N,0.037980215
N272H,-1.782516552
R91L,-1.701135439
L135H,-1.802150135
K53D,0.013371071
E108A,0.055104957
G239N,-1.935226949
N173R,-0.050087137
S201D,-2.588748537
A266V,-0.017698685
D113L,-0.187793488
T179F,-2.330080687
R162T,-1.077646983
E277V,-0.169901523
Q86C,-0.321765932
G234A,-0.451187719
F228Q,-1.501144034
P25L,-0.211868922
C75D,-2.621082525
I206P,-2.793581331
V157I,-0.016144166
F58S,-0.123861973
I140V,0.015865042
L223C,-0.05901323
T261K,-1.583893884
D129Y,-2.818135896
Q97C,-1.576997733
D212E,-1.56686785
A245C,-0.134037041
K190G,0.077161286
R118Y,0.022056821
P217Q,-0.143022174
N168I,-3.003262056
E195S,0.001405108
L146H,-2.870012064
I256A,-1.780513258
D250L,-0.036004745
M184R,-3.190159524
V31C,-0.095361794
F64D,-3.075736094
D36Q,-0.016961135
T69Q,-2.361851281
I283K,-2.249930577
H151W,-0.034528765
A124L,-2.491934679
N272K,-2.789976144
E102N,-0.086305347
L47S,-1.746007831
V42D,-2.884112643
S80Q,0.042273194
G239Q,-2.958203478
A266Y,-0.055057834
L135K,-1.541480467
R91N,-0.512989782
S201G,-0.066645769
E277Y,-0.677625439
E108C,-1.109340326
N173T,-0.027061775
T179I,-1.472474702
F228P,-2.929335691
R162W,-3.042912059
G234C,-1.561572545
K53G,-0.093902637
D113N,-0.052588139
I206S,-0.109283774
T261M,0.039460116
L223E,-2.501219207
Q86E,-0.036396335
V157H,-0.028670375
I140Y,-0.643092522
A245E,-2.425668012
D212G,-1.068630148
P217S,-0.300363106
C75G,-1.053258683
K190F,-0.217008299
Q97E,0.002158724
I256C,-1.213999249
F58R,-0.371947743
E195R,0.002125497
N130A,-2.656971339
N168H,-2.696715137
E119A,-0.286135695
P25N,0.020640486
M184T,-2.579511712
L146K,-2.628974197
D250N,0.052589912
I283M,-0.088552238
F64G,-3.080549081
H151V,0.001629947
V31E,-2.976464559
N272M,-2.471224247
D36P,-2.091987757
A124N,-2.741476684
T69P,-2.295937358
E102Q,-0.045655708
G239P,-3.013732414
T267A,-0.036951635
I278A,-2.41015192
L47R,-2.507271637
V42G,-1.921353464
S80P,-2.293021701
F228S,-1.232204024
S201F,-1.874663113
L135M,-0.163311658
T179H,-2.505587335
G234E,-2.321554784
R91Q,-1.366879237
R162V,-3.188958023
N173W,-0.004127451
E108D,0.006982199
T261L,0.020071381
D113Q,-0.011883729
L223D,-2.442670862
I206R,-0.096092213
K53F,-0.136761276
A245D,-2.931523296
V157K,-0.06893156
G141A,-1.755335207
D212F,-1.875844696
K190I,0.108124379
P217R,-0.512200053
Q86D,0.009897319
I256E,-2.946681611
E195T,0.004035174
N168K,-2.398846159
D250Q,0.040564806
C75F,-2.839551388
Q97D,-0.002857923
N130C,-1.746117861
M184W,-2.987315471
I283L,-0.190349095
L146M,-0.136688725
E119C,-2.128841353
F58T,-1.400821192
P25Q,-0.028213621
N272L,-2.585728822
H151Y,0.007816278
F64I,-2.809557375
I278C,-2.724411475
A124Q,-2.832719239
T267C,-0.121788154
V31D,-3.147911871
G239S,-2.061764239
T69S,-1.840638186
F228R,-1.14201242
E102P,0.007137683
S201I,-2.544155728
G234D,-2.715611985
T179K,-2.108367291
T261N,-2.063688368
D36S,0.009267077
L135N,-2.400954055
L47T,-0.895189117
N173V,-0.255777471
S80R,0.006316882
L223G,-2.276690172
R162Y,-2.86213516
A245G,-0.150042619
I206T,-0.092170431
R91P,-2.571355016
I256D,-2.347045758
E108G,0.010259221
K190H,0.113907221
D212I,-1.565837543
I283N,-2.485288831
D113P,-0.731114151
V42F,-0.057509392
D250P,-0.440746278
P217T,-0.193910919
V157M,-0.110101585
G141C,-1.746883758
E195W,-0.974195725
N168M,-3.19008805
N272Q,-1.972910607
M184V,-0.284368235
N130E,-2.960183956
L146N,-2.571101493
Q86G,-0.049850188
I278E,-2.768557532
Q97G,-0.01401232
K53I,-0.082011237
E119D,0.050682024
T267E,-0.065889989
C75I,-0.955438898
F58W,0.038062554
G239R,-2.175100285
N152A,-0.039471638
F228T,-1.022036606
P25S,-0.160130436
A124P,-2.842762441
G234F,-2.606707788
F64H,-2.635383711
T179M,-1.436712697
S201H,-0.334359694
T261Q,-0.734585906
L223F,-1.850101859
E102S,0.012132849
A245F,-2.347673839
I256G,-2.507533621
N173Y,0.017112284
T69R,-3.293900361
I206W,-0.059908443
L135Q,-1.193573049
V31G,-3.019922186
I283Q,-1.955217642
W163A,-0.356231928
D250S,0.024758953
D212H,-1.683158038
P217W,-1.924774941
S80T,-0.022612891
K190M,0.06426857
D36R,0.0499578
L47W,-2.802612048
E108F,-0.262698042
R91S,-1.352494718
V157L,-0.159833685
G141E,-1.398896115
E195V,-0.774844864
D113S,-0.023461345
N272P,-2.718812164
N168L,-3.202224799
V42I,-0.201484743
M184Y,-0.496208612
I278D,-2.718978081
N130D,-1.95476231
L146Q,-1.880102708
T267D,-0.036252419
Q86F,0.120341128
Q97F,-0.075288388
E119G,-0.211259948
G239T,-2.909216931
K53H,-0.066030242
C75H,-3.295050369
F228W,-0.201357558
F58V,-0.33502622
N152C,-0.154368375
G234I,-2.648282175
A124S,-0.166790065
T261P,-2.009491872
P25R,0.054153993
S201K,-1.509409538
T179L,-2.752004814
A245I,-2.672161135
I256F,-1.443576473
L223I,0.039474144
F64K,-3.226927432
I283P,-2.613881608
D174A,-2.121400628
I206V,-0.052187525
E102R,-0.112260648
P217V,-0.281510655
L135P,-2.853055351
D212K,-1.616297616
D250R,0.02438855
W163C,-0.266007873
K190L,0.099246279
T69W,-3.047111258
V31F,-2.899465416
S80W,0.012556074
N272S,-0.347253846
E195Y,-0.562971902
E108I,0.030259801
G141D,-1.723675786
V157N,-0.148758043
L47V,0.021797609
N168Q,-1.962057184
I278G,-3.270264765
D113R,-0.084542119
D36T,0.006112565
A185C,-1.555559949
R91T,-0.598956526
T267G,-0.024747956
N130G,-2.413504986
G239W,-2.344991906
Q97I,-0.050842348
Q86I,-0.039301079
L146P,-3.379138187
F228V,-0.947842669
V42H,-2.563731445
E119F,-2.810730425
G234H,-3.010996295
N152E,-0.011654539
T261S,-0.152342955
S201M,-0.147038285
K53M,-0.025403978
A245H,-3.24953721
A124R,-2.826507129
T179N,-2.320141315
I283S,-1.487969518
I256H,-2.978588299
L223H,-2.545721245
F58Y,-0.020413011
C75K,-3.147459253
I206Y,-0.100407788
D174C,-1.457901578
P217Y,-1.044703536
D250T,-0.051200364
D212M,-1.668718507
P25T,-0.091199948
F64M,-1.78343415
K190N,0.116235187
N272R,-2.616846506
E102T,-0.019363092
W163E,-0.325154719
L135S,-1.879872593
I278F,-2.779089453
L196A,-0.014103408
N168P,-2.963152876
T267F,-0.90864056
G141F,-2.235048401
A185E,-2.788667675
V157Q,-0.034791114
S80V,-0.081587569
E108H,-0.082148876
T69V,-2.701354223
D113T,0.022648909
V31I,-0.051860533
G239V,-2.429759452
R91W,-2.215240255
F228Y,0.082612213
N130F,-2.968582287
L47Y,-1.572375898
D36W,0.071250188
L146S,-2.745330081
G234K,-3.099599421
T261R,-2.221617153
Q97H,-0.091936105
E119I,-2.332929806
Q86H,-0.014527212
N152D,-0.030300908
S201L,-1.396292631
A245K,-2.708386639
I283R,-1.948248642
I256K,-2.778477634
V42K,-2.601081474
T179Q,-2.717685824
A124T,-0.065903937
L223K,-1.688448663
K53L,-0.033696514
L218A,-2.157489669
D174E,-0.712773759
D212L,-2.467021641
N272T,-0.465793445
R59A,-1.945165273
C75M,-1.655535905
K190Q,0.17701405
I278H,-2.801357298
D207A,-0.024022197
D250W,-0.04440584
W163D,-0.658121798
P25W,-0.109138595
F64L,-2.346558986
L135R,-1.891850718
E102W,-0.754648517
T267I,-0.288237618
L196C,0.029851428
N168S,-0.958670943
A185D,-2.268067522
G141I,-2.337303037
V157P,-2.508478619
E108K,-0.05218598
G239Y,-2.951931816
D113W,-0.320755549
S80Y,0.040013894
T69Y,-2.899078715
I229A,-2.164150476
V31H,-3.399465416
N130I,-3.032615318
R91V,-1.920734529
D48A,-1.202840841
G234M,-2.433627533
T261W,-2.401692131
L146R,-3.408390178
D36V,0.000466563
Q97K,-0.010289612
I283T,-0.300995366
A245M,-1.93600713
I256M,-0.857250367
N152G,-0.066780817
E119H,-0.909007435
Q86K,-0.009362488
S201N,-0.239890997
L223M,0.006047272
T179P,-1.894521109
A124W,-3.152292824
L218C,-1.887985663
N272W,-2.795166843
V42M,-0.099695113
D212N,-0.990291815
I278K,-2.392231202
D174G,-1.960745279
D250V,-0.065919361
K190P,-2.16444907
D207C,-0.08019127
K53N,0.000860666
T267H,-0.034456458
W163G,-0.720388025
R59C,-1.573662471
C75L,-1.869139891
L196E,-0.008205434
N168R,-2.367051715
L135T,-1.77295641
A185G,-0.050523955
S240A,-0.022943869
F64N,-3.191343685
E102V,-0.013551254
G141H,-1.586028398
V157S,-0.068319607
P25V,0.045912991
E108M,0.073928831
D113V,-0.086303752
I229C,-0.262866813
R81A,-0.188147805
G234L,-2.699437057
N130H,-3.198228322
F70A,-0.061250842
T261V,0.010115662
R91Y,-2.267574631
I256L,0.031781474
I283W,-1.71314797
L146T,-2.590170917
A245L,-2.375076616
V31K,-2.791626345
D48C,-1.743934184
Q97M,-0.077931497
N152F,-0.108405949
D36Y,-0.165573091
S201Q,-1.569776963
E119K,-1.414133549
L223N,-1.938482333
T179S,-0.230557033
N272V,-2.225302873
I278M,-0.522765186
A124V,-1.107471463
D212Q,-1.083375828
D250Y,-0.045429451
L218E,-2.809141168
D174F,-2.899982661
K190S,0.101368661
Q86M,-0.015556395
D207E,0.004128037
V42L,-0.143120966
T267K,-0.121983019
W163F,-0.2044242
L196D,-0.008341739
S240C,-0.932433747
A185F,-2.844278657
N168T,-1.293284521
R59E,-2.998283498
K53Q,-0.035956316
L135W,-2.662718331
C75N,-3.233573633
G141K,-1.367054306
V157R,-0.100719758
F64Q,-2.642892061
E102Y,-0.043454595
I229E,-2.863877939
T261Y,-1.629958204
G234N,-2.983285859
E108L,-0.112487897
P25Y,0.001744668
D113Y,-0.103097588
I283V,-0.030749035
I256N,-2.785153544
N130K,-2.376040319
R81C,-1.624129056
L146W,-2.146566174
F70C,-0.992654766
R92A,-0.617133217
A245N,-2.405268093
S201P,-2.184156114
N272Y,-2.942456394
I278L,-0.61840592
Q97L,-0.010569208
V31M,-1.553265428
L223Q,-1.936262751
N152I,-0.079239517
T179R,-2.425682559
D212P,-1.765575956
D48E,-0.12991054
E119M,-1.63992501
L218D,-1.649850489
G251A,-0.06441906
T267M,-0.172746861
Q37A,0.008497057
K190R,0.134726194
A124Y,-2.822925611
D174I,-2.551690557
D207G,-0.016034947
W163I,-0.058474829
S240E,-0.725830676
L196G,-0.005089222
A185I,-2.614938872
Q86L,-0.029438376
T262A,-0.184603363
I229D,-2.890113296
N168W,-2.558682303
V42N,-2.725804064
L135V,-0.036550333
G234Q,-2.478982746
V157T,-0.050944736
I283Y,-0.082166485
G141M,-1.532986606
R59D,-3.24264753
I256Q,-3.321413976
C75Q,-3.067957219
K53P,-2.375736807
Y103A,-1.550650111
F64P,-2.735826052
E108N,-0.012370211
R273A,-0.007123175
I278N,-2.518349116
N130M,-2.926565916
A245Q,-2.807218761
G114A,-1.768156619
L146V,-0.156148555
E26A,0.010913108
R81E,-1.466739053
L223P,-2.182385851
T267L,-0.154958829
G251C,-0.462420625
L218G,-2.040364951
D212S,-1.350442793
S201R,-1.398191684
T179W,-2.981145452
R92C,-1.457742572
F70E,-2.512372906
K190T,0.142137028
N152H,-0.024670175
Q97N,-0.096146583
D207F,-0.184123466
S240D,-1.862349445
E119L,-2.748624491
D174H,-2.623160767
I125A,-2.202247019
L196F,0.026951397
V31L,-0.088425787
W163H,-0.3439385
D48G,-1.782656107
A185H,-3.069942666
T262C,-0.499777363
Q37C,-0.092868754
I229G,-2.758309934
G234P,-3.176723071
N168V,-2.083815125
I256P,-2.864080437
Q86N,0.014918119
L135Y,-2.43111952
V157W,-0.063348543
V42Q,-2.720700732
G141L,-1.747878303
R59G,-2.30278815
R273C,-0.193968327
I278Q,-2.882117156
C75P,-2.963701034
Y103C,-1.854637148
A245P,-3.009359524
E108Q,-0.029396715
K53S,-0.070319478
F64S,-3.494443125
N130L,-3.026300201
G114C,-1.693246199
T267N,0.071822402
L146Y,-2.179368697
G251E,-0.086343213
L218F,-2.233060674
S201T,-0.745591461
L223S,-1.648996795
T179V,-2.521490628
R81D,-1.581517669
E26C,-0.158232612
D212R,-2.395898308
K190W,-0.205482836
R92E,-0.591414856
F70D,-3.155445205
N152K,-0.009286897
S240G,-0.030204569
D207I,-0.183733321
Q97P,-0.033617087
D174K,-2.962412655
E119N,-0.608434947
L196I,-0.000868318
I125C,-0.968433878
T262E,-0.342937209
A185K,-3.172889151
W163K,-0.280734493
V31N,-2.859011209
I229F,-2.078295963
D48F,-2.502426189
G234S,-1.605763109
I256S,-2.721386964
N168Y,-2.451047804
Q86P,-1.368783659
L136A,-1.717249236
G141N,-0.71373099
R273E,-0.007542683
V42P,-3.330474001
V157Y,0.0042194
I278P,-2.732630383
A245S,-0.090878592
Q37E,0.004526453
R59F,-2.769432224
Y103E,-2.177651822
C75S,-1.618066014
E108P,-1.062669137
K53R,-0.020171097
N130Q,-2.840569764
F64R,-3.301163574
T267Q,-0.078434605
G114E,-2.497687707
T147A,-1.387123398
G251D,-0.083212315
L218I,-1.350570111
S201W,-2.368502358
T179Y,-2.36236514
L223R,-1.700886798
D212T,-1.432884767
R81G,-1.513572123
K190V,0.094288889
S240F,-2.178369208
D207H,-0.02671686
E26D,-0.07578524
N152M,0.054737748
R92D,-1.554089534
F70G,-1.44172006
D174M,-2.842131669
Q97S,-0.015191232
L196H,0.032170135
E119Q,-0.055457407
T262D,-1.492670549
I125E,-2.822332951
I229H,-2.982101441
A185M,-2.928513973
I256R,-3.003933659
G234R,-2.901957822
W163M,-0.069283073
E169A,0.011510119
D48I,-2.340419237
R273D,-0.138762232
I278S,-2.904324884
L136C,-2.753682394
Q86S,0.01643971
A245R,-2.617993368
V31Q,-3.006913909
T158A,-1.75776431
G141Q,-1.174642188
T267P,-0.002425347
G251F,-0.36401895
Y103D,-2.22642002
V42S,-2.10528659
E108S,0.054907278
C75R,-2.91011735
R59I,-2.656506313
N130P,-3.224951491
L218H,-2.623540895
T147C,-0.308931309
K53T,-0.06812083
S201V,-1.946646683
L223T,0.004756221
F64T,-2.630296893
G114D,-1.988670582
D212W,-1.970395552
Q37D,-0.085462237
S240I,-2.406031271
K190Y,0.110729703
M180A,-0.127120803
D207K,-0.068487126
T262G,-1.73144799
N152L,-0.023505812
R81F,-0.699796092
R92G,-1.714960668
L196K,-0.023462475
I229K,-3.030689638
D174L,-2.590402136
I256T,-2.782825476
E26G,0.081310077
E119P,-2.895133679
Q97R,-0.025489968
F70I,-1.374392405
I125D,-2.81996692
G234T,-3.329469366
A185L,-3.00665791
R273G,-0.083012415
I278R,-2.68954879
E169C,-0.23286086
W163L,-0.240498541
A245T,-1.716790487
T267S,0.006278958
D48H,-1.852532013
Q86R,0.007385751
L136E,-3.025057795
T158C,-2.074436607
G141P,-2.550557496
G251I,-1.282882225
L218K,-2.560616507
V31P,-3.137351061
L223W,-2.592646951
S201Y,-1.529393499
S240H,-1.796794282
E108R,-0.043445211
N130S,-1.617914446
Y103G,-1.545910543
D212V,-1.849024683
T147E,-0.607522664
T262F,-0.92448673
C75T,-1.171416675
R59H,-0.328139955
D207M,-0.025048737
V42R,-2.541797031
L191A,-1.740208362
M180C,-0.117845373
G114F,-1.702591223
I256W,-2.886654143
I229M,-0.607769943
N152Q,-0.018047744
F64W,-2.549393345
K53W,-0.735453025
L196M,-0.005650777
G234W,-2.90549311
D174N,-2.324862848
I278T,-2.232084643
R273F,-0.126650445
E119S,-0.36466954
A185N,-2.973630882
Q37G,-0.013549446
I125G,-2.841845031
R81I,-1.42389794
R92F,-0.302908098
Q97T,-0.032345228
E169D,-0.048479077
A245W,-2.025842414
T267R,-0.101628914
W163N,-0.209431811
F70H,-0.361345687
E26F,-0.232106116
G251H,-0.078903094
G141S,-1.572262939
L136D,-2.768838785
L218M,-0.362441867
T158E,-2.826795965
Q86T,0.065980786
L223V,0.023457895
S240K,-2.27872131
R202A,-0.089946034
T262I,-0.328180078
D212Y,-1.978093856
D48K,-2.633183513
D207L,-0.064457659
N130R,-3.191577633
L191C,-1.540306586
I256V,0.06137229
T147D,-0.909715515
E108T,-0.02672906
M180E,-0.043949873
Y103F,-0.238752093
I229L,-1.21647758
V31S,-2.725262278
I278W,-2.958656634
G234V,-2.74767668
L196N,-0.017572607
G114I,-2.694101807
R273I,-0.016893345
R59K,-0.38616752
C75W,-2.412726065
N152P,-2.12322271
D174Q,-2.490967543
V42T,-1.804800391
F64V,-2.270670191
K53V,-0.041850368
T267W,-1.686777913
A185Q,-2.960545912
A245V,-1.857539899
E119R,-1.734968547
I125F,-2.759572193
E169G,-0.020031158
W163Q,-0.355667128
R92I,-0.036945939
R81H,-0.321205933
Q97W,-0.079322043
G251K,0.085538885
Q37F,-0.012968656
F70K,-2.791579503
E26I,-0.153907493
L218N,-2.612333267
S240M,-2.600753429
L223Y,-2.1265148
T262H,-0.056949167
L136G,-3.003875111
T158D,-2.857708937
R202C,-0.408126146
G141R,-1.58238244
K213A,-0.15013473
Q86W,-0.024832316
D207N,-0.010855562
I256Y,-2.204346671
L191E,-3.091910494
D48M,-2.264804231
N130T,-3.144842789
M180D,-0.39934093
T147G,-0.336406679
I229N,-2.685684014
I278V,-0.232038281
E108W,-0.423567818
Y103I,-1.635721029
G234Y,-2.784599127
L196Q,0.020486085
V31R,-3.148064951
G114H,-1.947167109
D174P,-3.314416907
R273H,-0.019283043
N152S,-0.015036709
R59M,-2.432379025
C75V,-0.262256631
T267V,-0.110030804
A245Y,-2.698135226
F64Y,-1.611485958
A185P,-3.129075266
V42W,-0.748041038
K53Y,-0.141820178
E119T,-1.904197339
I125H,-2.754127506
W163P,-0.605318946
E169F,-0.224830355
R92H,-0.103741082
R81K,-0.051616291
Q97V,0.021819069
G251M,0.008838474
F70M,0.011483928
L218Q,-2.130320525
Q37I,0.009937148
S240L,-2.888226204
T262K,-0.288236162
P224A,-1.655145079
E26H,0.020916836
R202E,-0.795980403
K213C,-0.40744746
T158G,-2.322613955
G141T,-1.95731596
L136F,-2.825669304
D207Q,-0.072254373
V257A,-1.343045238
Q86V,-0.002231503
I278Y,-2.574633133
L191D,-2.706935997
I229Q,-2.908487271
M180G,-0.192624745
A235C,-2.08141988
N130W,-3.060188993
T147F,-2.976655135
E108V,0.021242084
L196P,-0.0196861
Y103H,-0.782617213
R273K,-0.048172532
D174S,-1.527444944
D48L,-2.362622239
N152R,0.021453871
G114K,-1.495484953
T267Y,-1.040756043
V31T,-1.944226231
A246C,-0.037628876
R59L,-2.407907628
C75Y,-2.982064465
A185S,-0.573427357
P65A,-1.414854298
V42Y,-1.576655735
I125K,-3.266314436
W163S,-0.340141465
E119W,-2.695865472
E169I,-0.251659858
I54A,-0.2974784
G251L,-0.193315119
R92K,0.025212107
Q97Y,-0.089757123
R81M,-0.186559753
L218P,-2.095105062
T262M,-0.303880306
S240N,-0.913859267
P224C,-2.236007119
F70L,-1.865609689
R202D,-2.503355296
K213E,-0.926966111
T158F,-1.662542725
Q37H,0.00280529
G279A,-0.144679187
V257C,-0.455446835
D207P,-2.74751331
G141W,-2.472098057
L136I,-0.174964849
E26K,0.087119808
L191G,-2.819095899
I229P,-2.979966506
M180F,-0.296461378
A235E,-2.072320436
Q86Y,0.037876743
R273M,-0.104095374
N130V,-2.651170303
T147I,-1.282457123
M268A,-0.68416902
L196S,-0.009026136
E108Y,-0.185633878
D174R,-3.00426622
A246E,-1.756558449
Y103K,-2.536416425
G114M,-2.691067714
A185R,-2.414795069
D48N,-1.278640676
V31W,-2.890630995
R59N,-0.080553187
G251N,-0.08669194
N152T,-0.035577057
G76A,-0.006424417
E169H,-0.09894873
W163R,-0.275885436
I125M,-0.156435923
P65C,-3.03405659
E119V,-2.23644673
G43A,-1.171754763
T262L,-1.271330923
S240Q,-1.606006606
R92M,-0.042024153
I54C,-1.22733725
N98A,-0.054690586
R81L,-0.179219629
P224E,-1.914921366
L218S,-3.079750314
R202G,-0.6735225
K213D,-1.568932922
G279C,-1.062366435
V257E,-2.441804656
F70N,-1.799938512
D207S,0.010865087
L136H,-2.539765038
Q37K,0.011905738
G141V,-1.844794396
I229S,-3.095345961
L191F,-0.063981014
E26M,-0.036440986
M180I,-0.224523194
A235D,-2.115127014
R273L,-0.034706069
E87A,-1.004393455
T147H,-1.292782142
N130Y,-2.880417633
M268C,-1.6200068
L196R,0.027352755
K109A,0.017570764
D174T,-2.456080173
A246D,-2.60408801
Y103M,-1.746080843
A185T,-2.386208396
G114L,-2.134513104
T158I,-2.619117745
G251Q,-0.058285538
E169K,-0.030407853
D48Q,-1.419343169
W163T,-0.192326549
R59Q,-1.436483915
I125L,-0.138641855
N152W,-0.079932065
G76C,-1.115576811
V31Y,-2.670483841
T262N,-0.252092626
E119Y,-2.124991269
S240P,-2.754828369
P224D,-2.002474635
P65E,-3.178608368
G279E,-2.340217753
R202F,-2.154417167
K213G,-0.72143042
N98C,-1.668090614
V257D,-2.984401943
L218R,-2.751810874
R92L,-0.044805637
I54E,-0.395029678
R81N,-0.239244341
G43C,-2.695473786
D207R,-0.013780093
I229R,-2.89429032
R273N,-0.062109925
A235G,-0.195906278
L191I,-0.075122951
G141Y,-2.242010824
L136K,-2.532705071
M180H,-0.061344188
F70Q,-2.230348399
M268E,-1.721577351
A246G,-1.612438124
L196T,0.005459075
T147K,-0.501617593
Q37M,0.027739205
T131A,-0.057694497
D174W,-3.101784767
E26L,-0.05818041
E87C,-1.900269091
K109C,-0.977215953
A185W,-2.866635331
G251P,-0.608712558
Y103L,-1.681825516
G114N,-1.979103618
T262Q,-0.127158583
W163V,-0.158162042
E169M,0.021681985
N152V,-0.04207795
I125N,-3.007071167
P224G,-1.271180378
G279D,-2.457716759
V257G,-3.164053131
G76E,-3.053755801
L120A,-1.656683027
R202I,-1.284960855
S240R,-2.648062661
D48P,-3.204843771
K213F,-0.338193495
L218T,-2.242838135
R59P,-2.681074897
K32A,0.054800478
I229T,-2.658762353
D207T,-0.051384057
P65D,-3.015758099
R273Q,0.004298831
N98E,-0.091125567
R92N,-0.266378004
A235F,-2.731486801
R81Q,-0.215712484
L191H,-2.35386511
T158H,-3.153699718
I54D,-1.606773511
M268D,-1.304387473
G43E,-2.814362219
M180K,-0.125447739
G142A,-1.667980374
L136M,-1.15861749
A246F,-0.031573143
L196W,-0.004021524
F70P,-2.965079662
T147M,-0.314493285
D174V,-2.717493608
T131C,-0.280105193
G251S,-0.065623646
A185V,-1.607457871
T262P,-2.535717236
E87D,-0.007214053
K109E,-0.046458353
Q37L,0.01388525
G279F,-2.008497757
Y103N,-1.246747
E169L,-0.084152104
W163Y,-0.110791918
V257F,-2.091013819
S240T,-1.164781075
E26N,-0.006468797
P224F,-2.317748899
L218W,-2.414557624
R273P,-2.463472371
K213I,-0.181811979
R202H,-1.331543416
G114Q,-2.111681837
N152Y,-0.111851337
I229W,-2.749148726
I125Q,-3.349302481
D207W,-0.103181347
A235I,-1.641532469
M268G,-1.144386625
L120C,-1.956852199
L191K,-2.566725383
A246I,-0.007062572
M180L,-0.369663227
G76D,-2.342334093
N98D,-0.031768977
R59S,-1.875296864
L196V,0.02295313
R92Q,-0.112583396
D48S,-0.813724545
G142C,-2.370468153
P65G,-2.824370872
G251R,-0.056149079
K32C,-0.969015678
L136N,-3.071888619
R81P,-3.062688981
T262S,-0.076728028
D174Y,-2.725558231
G279I,-1.940218459
T147L,-1.710683524
T131E,-2.26700351
A185Y,-3.131419231
I54G,-2.112324616
G43D,-2.734532397
V257I,0.058652177
F70S,-0.364725871
R273S,-0.030727435
T158K,-2.657154096
S240W,-2.353095749
E169N,-0.075607925
P224I,-2.345231646
L218V,-2.045548314
E87G,-1.669198546
K213H,-0.247090884
R202K,-0.042276035
K109D,-0.042958068
I229V,-0.302584859
E164A,-3.221815216
Y103Q,-1.936924464
A235H,-2.923896147
Q37N,0.020191115
G114P,-2.048173868
D207V,-0.155588699
M153A,-0.068678108
M268F,-0.117011117
I125P,-3.005934819
E26Q,0.049690653
A246H,-2.532376938
L191M,0.010860929
L120E,-2.689091686
M180N,-0.097824551
G251T,-0.214043801
L196Y,-0.01937016
T262R,-0.770570643
G279H,-2.631557034
G76F,-1.789810329
G142E,-2.143842851
N98G,-0.061982212
R92P,-0.997423642
E175A,-0.050278435
R59T,-2.823482028
L136Q,-2.618222752
V257H,-3.009053329
D48R,-2.492796019
P65F,-2.646213716
R273T,-0.017076403
T147N,-0.119655975
R81S,-0.725978424
T186A,0.049039139
K32E,-0.144527081
T131D,-2.363424755
S240V,-2.206336385
P224H,-1.476368619
L218Y,-2.606993534
I229Y,-2.505668973
K213M,-0.081841882
R202M,-0.858495436
I54F,-0.063526157
E169Q,-0.038255578
A235K,-2.459200878
M268I,-0.068482321
D207Y,-0.089946259
F70R,-2.691720127
E164C,-3.04428599
K109G,-0.006431754
E87F,-0.292764895
A246K,-2.372734848
M153C,-0.064515597
Y103P,-1.125442206
G43F,-2.973649581
G114S,-1.6983153
I125S,-2.537780242
L191N,-2.564733321
G279K,-2.47432449
T262W,-0.543352313
M180Q,0.012836888
G251W,-0.899293474
Q37P,-2.202043504
L197A,-1.697822123
L120D,-2.635226081
E26P,-0.387232365
T158M,-2.833436831
V257K,-2.792613017
G142D,-2.152682452
E175C,-0.115690451
N98F,-0.022139397
L136P,-3.068219645
R273W,-0.143334304
R92S,-0.379494693
G76I,-1.814070833
R59W,-2.399050209
T186C,0.066228188
T147Q,-0.223975582
P65I,-2.414665711
R81T,-1.775995498
D48T,-2.654013198
S240Y,-2.128981685
P224K,-0.676098286
A230C,-0.216393002
K213L,-0.065453657
R202L,-1.542524433
K32D,-2.334892706
M268H,-0.644612417
T131G,-0.0515058
A235M,-1.508882022
L219A,-1.965542709
W208A,-1.916460922
E169P,-2.145505745
E164D,-2.074786308
I54H,-1.122305108
A246M,-0.000321423
F70T,-1.718556765
K109F,-0.125324548
G279M,-1.713228001
M153E,-1.375037549
T262V,-0.078381564
L191Q,-2.104050617
E87I,-0.022245569
Y103S,-1.620639578
G114R,-2.508646797
G251V,-0.896273514
I125R,-3.247099866
G43I,-2.97922017
M180P,-1.07766428
L197C,-2.045410784
L120G,-2.804557751
V257M,-1.704118253
R273V,-0.039767452
Q37S,0.007432733
E175D,-0.100610422
E26S,-0.039584928
G142F,-2.427977433
L136S,-2.769350458
N98I,-0.047687942
R92T,-0.029915213
R241A,-2.091627551
T147P,-2.288112346
T186E,0.062168248
G76H,-3.483680472
P224M,-1.914560411
A230E,-2.644688341
R59V,-3.269411588
K213N,-0.186996305
P65H,-2.194988422
M268K,-1.519471323
R81W,-1.456464756
R202N,-1.125712004
D48W,-2.496025715
A235L,-1.561597794
L219C,-2.727414578
T131F,-1.867364177
W208C,-2.212615247
T158L,-2.718242929
E169S,-0.016386099
E164G,-3.05785632
A246L,0.050627818
K32G,-0.282379711
G279L,-1.730182212
T262Y,-0.185138764
F70W,-1.012644172
I54K,-1.522346732
K109I,-0.063511355
L191P,-2.918265711
G251Y,-0.181934202
M153D,-3.100132561
E87H,-1.851536289
I125T,-1.533516229
G114T,-1.887151206
L197E,-2.296573983
M180S,-0.033144855
Y103R,-1.838422416
V257L,-0.681760256
R273Y,-0.042931939
G43H,-2.937324586
L120F,-1.885399507
E175G,-0.280954368
Q37R,0.03108761
R241C,-1.452284211
G142I,-2.534184278
A230D,-2.743561141
E26R,-0.220002694
L136R,-3.417355034
M268L,-0.078608888
P224L,-1.96066277
T147S,-0.098120434
N98H,-0.049312425
K213Q,-0.025008601
R92W,-0.434074301
A235N,-1.827750319
T186D,0.127180098
R202Q,0.057127195
G76K,-3.35351752
L219E,-2.438363166
R59Y,-2.747228401
W208E,-2.293189931
R81V,-1.659967983
P65K,-2.53504946
T131I,-2.899965958
A246N,-2.121236944
D48V,-2.229344399
E169R,-0.041936411
G279N,-2.428784255
E164F,-2.825797328
G263A,-0.974024595
L191S,-2.314900941
K32F,-0.594552833
K252A,-0.016785141
K109H,-0.05099694
F70V,-0.037759015
I54M,-0.002939038
M153G,-0.718774831
L197D,-2.265152026
I125W,-3.393020636
M180R,-0.145705402
V257N,-2.696352876
G114W,-1.979103619
E87K,-2.921329819
Y103T,-1.557550548
Q274A,0.021095374
L120I,-1.593683033
G43K,-3.171122562
T158N,-2.847588712
E175F,-0.140403233
R241E,-2.959300658
A230G,-0.023878032
M268N,-0.97278755
G142H,-1.944233898
Q37T,-0.011476302
K213P,-1.688237659
L136T,-2.49032899
P224N,-1.789244767
T147R,-0.122255423
N98K,-0.033608341
R202P,-2.418157231
A235Q,-1.865425273
T186G,0.057716959
E26T,-0.135908892
R92V,-0.051775185
W208D,-1.792940808
L219D,-2.447858334
G279Q,-2.624825223
A246Q,-1.383312283
G76M,-1.799435364
P60A,-0.003690421
G263C,-1.002343849
R81Y,-0.680618794
T131H,-1.881907864
E164I,-2.868440256
E169T,-0.028245622
K252C,-0.082285745
P65M,-2.591052208
D48Y,-2.515503785
L191R,-2.845487107
V257Q,-2.905370818
Q274C,0.002516021
K109M,0.041160179
M180T,0.02379943
L197G,-2.046874712
M153F,-0.201098063
I125V,-0.082027902
K32I,-0.017447561
F70Y,-2.663858905
G114V,-2.478018652
Y103W,0.054448019
R241D,-2.651565275
I54L,-0.097294124
E87M,-0.031613815
A230F,-2.480813267
E175I,-0.070853735
L120H,-2.436765693
M268Q,-0.588147508
K213S,-0.210462363
A235P,-2.189950193
G279P,-2.798225476
P224Q,-1.537817744
R202S,-0.014030269
G142K,-2.514586481
T186F,0.038390944
L219G,-2.710439912
G43M,-3.026176526
L136W,-2.792516076
T147W,-2.021586879
G263E,-0.511025386
W208G,-2.512143778
N98M,-0.093436783
A246P,-2.633705163
K252E,-0.006253246
V257P,-2.898690575
R92Y,-0.049946375
E169W,-0.125559554
E164H,-3.233787056
T131K,-2.769964672
L191T,-1.584024862
Q37W,-0.029962936
T158Q,-2.561556551
Q274E,-0.05505396
E26W,-0.442340179
V82A,-0.115991508
P60C,-1.874406719
M180W,-0.152728798
P65L,-2.303535144
L197F,-1.641900013
G76L,-1.685606461
K109L,0.011094306
R241G,-1.734141371
L49A,-0.398791157
I125Y,-3.116589002
A230I,-1.518781792
M153I,-0.023306261
M268P,-0.665290805
E175H,-0.070252314
G114Y,-1.924038428
Y103V,-1.551314318
G279S,-0.343477982
K213R,-0.106634552
K71A,-3.5759083
A235S,-0.510609574
L120K,-2.732714383
K32H,0.006558769
E87L,0.024209124
P224S,-1.439181992
R202T,0.00892554
I54N,-1.680709597
L219F,-0.542806621
G142M,-2.631156092
T186I,0.064125918
G263D,-0.225119598
A246S,-0.259356936
W208F,-0.969442853
T147V,-0.097500002
K252D,-0.032738769
V257S,-2.146463024
L136V,-0.906487138
N98L,-0.050658885
G43L,-3.575254088
L191W,-1.752099142
E169V,-0.136233655
E164K,-2.893938093
T131M,-2.285306578
I93A,-1.960784664
Q274D,-1.901776732
V82C,-0.161156887
M180V,-0.080730722
L197I,-0.537680195
Q37V,-0.009010772
E26V,-0.064567429
P60E,0.019215497
R241F,-3.110670886
A230H,-2.800238208
M268S,-0.82397146
P65N,-2.464589554
K109N,0.031006255
G76N,-3.363726542
T126A,-0.120109387
G279R,-2.726890745
L49C,-1.730716884
M153H,-0.558468368
K213T,-0.342567648
E175K,-0.094820258
M115A,-1.660348986
A235R,-2.200683192
R202W,-1.819953653
L120M,-0.31533879
S104A,-0.593591064
T158P,-2.693836426
K71C,-3.20302712
P224R,-1.512772674
L219I,-0.341983998
E87N,-1.647481185
G263F,-1.960090392
T186H,0.078777168
A246R,-2.565881714
K32M,-0.0038691
G142L,-3.003561539
K252G,-0.029883315
V257R,-3.192118516
W208I,-2.544678198
I54Q,-0.866461944
T147Y,-2.680316153
L136Y,-3.181832891
L191V,-0.313009326
E169Y,-0.222237046
N98Q,-0.053535029
Q274G,-0.35340817
E164M,-2.872379578
T131L,-1.456442477
G43N,-2.934463313
R241I,-2.126474784
I93C,-2.445633448
M180Y,-0.195293479
L197H,-1.660891852
A230K,-2.432901279
M268R,-1.426233086
V82E,-1.894693829
G279T,-1.678160554
P60D,0.010643743
E26Y,-0.245436276
Q37Y,-0.050090694
T126C,-0.180494208
K109Q,0.015313737
K213W,-0.888566052
P65Q,-2.323799824
M153K,-1.354327293
G76Q,-3.35474197
E175M,-0.065348191
A235T,-1.25967584
R202V,-0.350332115
L49E,-2.506298315
M115C,-2.29634603
P224T,-1.37993249
G263I,-2.225456764
L219H,-2.192562432
V257T,-1.444969154
A246T,-0.031454708
K252F,-0.051141275
T186K,0.063526439
L120N,-2.926474206
S104C,-1.841876679
W208H,-2.123041474
K71E,-2.790542281
G142N,-1.272083085
E87Q,-1.176308168
A148C,-0.154317563
Q274F,-0.114884101
L191Y,-1.555942535
L137A,-1.775437387
A170C,-0.095774798
K32L,-0.075988297
I54P,-0.990800176
M268T,-0.601201794
E164L,-3.357557094
R241H,-1.777018224
G279W,-2.295020434
T131N,-2.095417997
A230M,-1.560654907
N98P,-0.082870102
T158S,-0.018715579
L197K,-1.710046227
P181A,-1.419223264
K213V,-0.120524299
G43Q,-2.981492567
I93E,-2.328514781
A235W,-2.532248478
T126E,-0.021148683
V82D,-1.850754
G263H,-1.588938653
M153L,-0.047138285
R202Y,-1.688556108
P224W,-1.887302746
E175L,-0.077029978
K109P,-0.973440827
V257W,-3.09805193
A246W,-1.733245878
L219K,-2.040645811
K252I,-0.069459506
P60G,-0.02157399
P65S,-1.91444365
T27A,-1.454588308
W208K,-2.266433854
L38A,-1.581118647
T186M,0.079871209
G76P,-3.236796638
Q274I,-0.035070981
M115E,-2.747736235
L120Q,-2.673516497
G142Q,-2.542831659
S104E,-2.979643612
A148E,0.024932066
L192A,-1.556554077
L49D,-2.389768248
G279V,-1.915503089
L137C,-1.808855586
R241K,-1.507817216
M268W,-0.249969002
E87P,-2.483551041
K71D,-3.269903449
A170E,-1.638338553
A230L,-1.893065637
E164N,-2.321734186
T131Q,-3.027916002
K32N,-0.194365353
L197M,-0.51859851
I54S,-1.302305709
N98S,-0.049634646
P181C,-1.356029739
K213Y,-0.370230613
A235V,-1.726128457
G263K,-2.214016011
I93D,-2.531716041
V257Y,-2.144536152
P224V,-2.505475291
T126D,-1.327968144
G43P,-3.090687976
A246V,-0.007765242
L219M,-0.595117345
E175N,-0.118612428
V82G,-1.77800061
K109S,-0.01347513
M153N,-0.261438533
Q203A,-0.133863722
K252H,0.020027393
Q274H,0.015989086
W208M,-0.953390179
P60F,-1.310573596
T186L,0.04893101
P65R,-2.915843129
T158R,-2.829050984
M115D,-2.42317742
L120P,-2.779291773
T27C,-2.419022561
L38C,-2.132422184
G76S,-0.032136065
G142P,-3.086825287
L192C,-1.063779785
G279Y,-2.126980805
A148D,-0.013729766
R241M,-1.990657395
M268V,-0.212209179
A230N,-2.741692622
S104D,-2.486833569
A170D,-1.236433786
L137E,-2.885000446
L49G,-1.948571412
E87S,-1.501669116
E164Q,-2.937308496
K71G,-3.385171089
T131P,-2.281962266
L197N,-2.089523293
P181E,-2.374074613
N98R,-0.043622887
K32Q,0.122206575
V214A,-0.908327702
I54R,-1.209600931
G263M,-0.852062617
A235Y,-2.904926761
V258A,-0.177366221
P224Y,-2.260381099
A246Y,-0.043324547
L219N,-2.58579938
K252M,0.003141287
Q203C,-0.363158022
E175Q,-0.076423817
T126G,-0.090434344
I93G,-2.332829497
Q274K,-0.067261017
K109R,0.007215051
M153Q,-0.266883514
V82F,-1.633488879
W208L,-1.401179782
G43S,-1.823495968
T186N,0.079541488
P60I,-0.070069557
A280C,-0.422953844
L120S,-2.488623444
M115G,-3.110310358
P65T,-2.386225246
L192E,-2.829024756
G76R,-3.250447668
M268Y,-0.670814771
G142S,-1.686527285
R241L,-2.011470748
L38E,-1.696932589
T27E,-2.414464268
A148G,-0.016463353
A230Q,-2.610909165
A170G,-0.062819829
S104G,-1.652025149
L137D,-3.145786751
L49F,-0.12134167
E164P,-3.133019478
T131S,-0.001675894
L197Q,-1.88757772
K71F,-2.916447271
E87R,-2.347803569
P181D,-3.181340254
V214C,-1.214542094
T158W,-2.855389113
N98T,-0.056332568
G263L,-1.341277354
G236A,-0.236250409
K32P,-2.976554563
V258C,0.008712792
I54T,-0.017431717
A225C,-0.100035783
L247A,-2.228504933
L219Q,-2.141130018
K252L,-0.011493641
Q203E,-0.111883842
T126F,-2.757769654
E175P,-0.04213872
Q274M,-0.001628293
I93F,-1.905420019
K109T,0.002104742
M153P,-2.742925642
W208N,-2.496360039
V82I,-0.067475422
G43R,-2.774415405
A280E,0.017609574
T186Q,0.070922127
D269A,-0.017503169
P60H,-0.000633666
L120R,-2.676454953
R241N,-1.992377845
M115F,-2.231619507
L192D,-2.832883323
P65W,-3.339318818
G142R,-2.438075268
A230P,-3.336932346
G76T,-1.521995719
A148F,-0.031785314
L38D,-1.72549043
T27D,-2.29488302
A170F,-0.379657619
L137G,-2.270538407
E164S,-3.018665674
S104F,-2.326121992
L197P,-1.975856504
V214E,-2.109988078
G263N,-0.200660416
P181G,-2.424367976
T131R,-2.156756897
V258E,-2.065323516
G236C,-2.686057566
L49I,0.025955322
E87T,-0.836128657
K71I,-2.773006099
N98W,-0.040330558
L219P,-1.848450853
K252N,-0.051558233
L247C,-1.472174002
A225E,-0.084060168
Q203D,-0.137649048
Q274L,0.004304036
I54W,-0.33586407
E175S,-0.08198592
K32S,-0.177984501
T126I,-0.628457424
W208Q,-2.720273121
I93H,-1.874620321
M153S,-0.113013127
A280D,0.002623798
K109W,-0.11899215
D269C,-0.248746876
T186P,-0.979858789
T158V,-2.060039083
V82H,-0.512638539
R241Q,-1.993369224
L192G,-2.784570413
A230S,-1.721756113
L120T,-2.41338899
G43T,-3.294010353
M115I,-0.684160294
G142T,-1.601828004
P60K,-0.067379763
A148I,0.019962406
P65V,-2.560355514
G76W,-1.716033837
G263Q,-0.622310764
V258D,-2.373518919
V214D,-2.437506033
E164R,-3.21360509
L197S,-1.729367627
L137F,-0.950327725
L38G,-1.413216117
A170I,-0.499302942
G236E,-2.712110453
P181F,-3.177511691
T27G,-2.356711536
S104I,-1.890669339
T131W,-2.299041508
K252Q,-0.035846091
L247E,-2.477048234
L219S,-2.416982134
L49H,-1.904127979
A225D,-0.024881322
Q274N,-0.138912435
E87W,-1.558419284
N98V,-0.048610582
K71H,-3.227846154
Q203G,-0.131112702
E175R,-0.167412478
A280G,-0.030074453
W208P,-3.079917716
T126H,-1.590108896
D269E,-0.028764449
I54V,0.054009757
M153R,-1.312866025
R241P,-2.096688393
K109V,-0.035012295
T186S,0.026542246
I93K,-2.628070413
K32R,0.068602495
A230R,-2.621282413
L192F,-0.042845814
V82K,-1.543739055
L120W,-2.643231062
M115H,-2.694574602
G142W,-2.130593621
A148H,-0.002692202
P60M,0.028805142
G263P,-1.844063311
G43W,-2.926816531
P65Y,-2.809710795
V258G,-1.458193585
V214G,-1.505191288
G76V,-1.887239643
L197R,-1.824107048
G236D,-2.1808833
E164T,-2.932763667
A170H,-0.422100168
P181I,-2.435086889
L137I,-0.155949816
L38F,-0.674853968
K252P,-1.765691743
L247D,-2.845870413
T158Y,-2.632397258
L219R,-2.207771293
T131V,-1.578518336
S104H,-1.905650951
T27F,-2.604569889
Q274P,-1.761989201
L49K,-1.857422077
A225G,-0.082549558
N98Y,-0.019943186
E87V,-0.121958186
Q203F,-0.636254504
A280F,-0.02941169
K71M,-3.016410806
E175T,-0.106713349
W208S,-2.154436131
D269G,-0.055161395
T126K,-1.358378399
R241S,-1.359872404
A230T,-2.911652176
M153T,-0.079235997
T186R,0.069973766
K109Y,-0.101598564
I93M,-0.198821455
L192I,-0.063610451
I54Y,-0.862369383
K32T,-0.146127025
V82M,-1.392685652
L120V,-1.783373826
G142V,-2.534903024
M115K,-1.942081163
G263S,-0.875088118
A148K,0.03095493
V258F,-2.973794655
V214F,-1.659114328
G236F,-2.955770326
L197T,-1.970737178
P60L,-0.201132372
E164W,-3.386125481
K252S,-0.00796242
M66A,-1.654670825
G43V,-2.921696588
L247G,-2.816725355
A170K,-2.138205066
P181H,-3.034564588
L137H,-2.716401962
G76Y,-1.7525129
L219T,-2.383980324
T131Y,-1.847027323
Q274S,-0.036141202
L38I,-0.372458419
A280I,-0.036654566
S104K,-2.464994769
A225F,-0.164486588
Q203I,-0.143453602
T27I,-0.280445552
W208R,-2.827959969
E175W,-0.094118681
D269F,-0.127854174
D99A,-0.161376064
R241T,-1.666129269
E87Y,-1.632880381
L49M,0.008772386
A230W,-2.481381369
K71L,-3.123616359
T126M,-0.243990837
T186W,0.043396619
L192H,-1.791421007
M153W,-0.063727216
R159A,-1.81998913
H110A,-0.180897312
G263R,-1.505519016
I93L,0.009083017
V258I,0.08894501
L55A,-1.620167458
L120Y,-2.901109553
V214I,-0.826021427
V82L,-1.847136171
G236I,-2.956919109
G142Y,-2.786132369
K32W,-0.240520849
M115L,-0.112630744
A148M,0.033247698
L197W,-2.253095968
K252R,-0.008504702
L247F,-1.800568319
E164V,-2.972760076
P181K,-3.084530684
A170M,-0.651438708
L219W,-2.493348556
A280H,-0.005618829
P60N,-0.283547776
L137K,-3.006079023
Q274R,-0.067524796
M66C,-1.526861034
A77C,0.031666339
A132C,-2.939642149
A225I,-0.067274635
G43Y,-3.092822255
D269I,-0.008056493
W208T,-2.420402242
Q203H,-0.104448934
R241W,-2.702348336
E175V,-0.076902895
S104M,-2.537879956
A230V,-1.723396046
D99C,-1.991657821
T186V,0.055647605
Q88A,-0.0001203
T27H,-1.849536455
L192K,-2.784299155
T126L,-0.861657724
L38H,-1.263921658
G263T,-1.717040964
K71N,-2.875606964
M153V,-0.099218971
L49N,-1.928298963
V258H,-2.84051266
H110C,-0.942352686
G236H,-1.988734383
I93N,-1.829985674
V214H,-1.462711156
K252T,0.019358697
L197V,-1.583193307
L247I,0.045515109
P143A,-1.155561932
A148L,0.047229992
C121A,-1.367100962
M115N,-2.30546101
L55C,-1.470231069
V82N,-2.000244548
A280K,0.075160398
P181M,-2.428427535
L219V,-0.227873442
E164Y,-2.888697228
A170L,-1.003401435
Q274T,-0.039528661
R159C,-1.598124144
D269H,-0.07581602
A225H,-0.076997698
P60Q,0.01093068
K32V,-0.073791384
A132E,-2.062191363
L137M,-0.14725794
A77E,-1.10575645
W208V,-2.66192783
Q203K,-0.062261928
M66E,-3.077086547
R241V,-2.026693096
E175Y,-0.109305066
Y44A,-2.982065641
A230Y,-2.714328109
S104L,-3.01316915
T186Y,0.077859825
D99E,-0.052275571
G263W,-1.774132716
L192M,-0.01111662
T126N,-1.293054109
Q88C,-0.273911584
V258K,-2.454188897
T27K,-1.427889436
L38K,-2.224309184
M153Y,-1.035927336
K71Q,-3.053266718
L49Q,-1.759798398
H110E,-1.050391483
V214K,-1.159835975
K252W,-0.190188435
G236K,-2.771155907
I93Q,-1.654153896
L247H,-3.004103497
L197Y,-1.821305888
P143C,-1.774256601
A280M,0.037007801
C121E,-3.29997929
M115Q,-1.057211717
A148N,-0.021430816
Q274W,0.022395674
P181L,-2.624131341
L219Y,-2.240510973
P165A,-1.173297695
V82Q,-1.472826012
A170N,-0.314250249
L55E,-1.114443659
D269K,-0.127878216
A132D,-2.770201187
L137N,-2.765156307
W208Y,-1.429065287
R241Y,-3.117827491
Q203M,-0.063881637
P60S,0.030974114
A225K,-0.037823988
K32Y,-0.35842172
R176A,-0.855971986
M66D,-3.33080682
A77D,-1.23474708
D231A,-1.433155758
T187A,-0.499151565
G263V,-2.019069464
Y44C,-3.081494016
S104N,-1.206680947
V258M,-1.778547728
L192N,-2.853349806
D99G,-1.656499372
T126Q,-0.287981456
Q88E,0.029576105
G154A,-1.237814556
K252V,0.018514735
R159E,-1.826000916
V214M,-0.464651373
G236M,-2.764673419
L247K,-2.091194156
T27M,-1.84309581
L38M,0.039525158
K71P,-3.122786451
T198A,-0.05716975
A280L,-0.032356586
H110D,-1.824052084
Q274V,0.017103224
L49P,-1.963572886
I93P,-2.827592354
P143E,-2.245986947
P181N,-2.972155468
R220A,-2.198580773
A148Q,-0.032812593
D269M,-0.063459543
C121D,-2.63960149
A170Q,-1.585160313
P165C,-1.21695688
M115P,-2.825104778
G242A,-0.296453176
V82P,-2.960805997
M209A,-2.03056525
Q203L,-0.16289009
D231C,-1.725629241
A225M,-0.048778137
L55D,-2.571945359
A132G,-1.824772543
L137Q,-2.069203197
R176C,-0.592263614
G263Y,-1.992529607
V258L,-1.794191325
P60R,-0.032174445
A77G,-1.152291686
M66G,-1.892259959
T187C,-0.854236268
L192Q,-1.901721304
S104Q,-3.111797828
D33A,-0.005625546
D99F,-1.484216288
Y44E,-2.970126549
G236L,-2.99387687
T126P,-2.750667125
V214L,-0.878103451
A280N,0.011650471
K252Y,-0.124149615
G154C,-1.748269181
Q274Y,-0.092507326
L247M,0.046639438
T198C,-0.095859568
Q88D,0.077216808
H110G,-0.224713885
K71S,-3.743276064
R220C,-1.843028038
T27L,-0.765521147
D269L,-0.07140762
P181Q,-2.940623847
L38N,-1.721639345
I93S,-2.278966567
L49S,-1.676670922
P143D,-2.988158154
A148P,-1.381794876
A170P,-0.502327118
P165E,-1.695484262
C121G,-1.794543071
M115S,-2.116785912
G242C,-2.027301849
D231E,-2.05105119
M209C,-1.152460298
Q203N,-0.171366942
V82S,-0.654394682
R159D,-2.750766539
A225L,-0.130718286
L55G,-1.61012303
R176E,-1.282004161
L137P,-2.743316825
A132F,-2.873267744
S264A,-0.157365839
V258N,-1.857129212
P60T,-0.035869273
L192P,-2.830189854
A77F,-0.047762399
M66F,-0.487952175
S104P,-2.474880172
T187E,-2.552683678
D33C,-0.143159049
G236N,-1.208769178
A280Q,0.001830592
P253A,0.006098113
V214N,-1.332146477
D99I,-0.877720052
T126S,-0.028377464
Y44D,-2.569204228
I275A,-2.439738277
L247N,-2.593126764
T198E,-0.0266382
G154E,-0.123728146
Q88G,-0.081860912
R220E,-2.427769743
H110F,-0.053775393
P181S,-2.254049517
K71R,-3.181662996
D269N,-0.039656706
T27N,-2.485724922
P143G,-1.833277047
I93R,-2.473268585
L38Q,-1.495932181
A148S,-0.047102173
L49R,-2.058053405
A170S,-0.010849722
P165D,-1.556104221
G242E,-3.223613025
C121F,-2.977504548
M115R,-1.967259332
D231G,-1.758466787
Q203P,-3.002803861
M209E,-2.921396059
A225N,-0.05419092
V82R,-1.538348341
S264C,-0.83391204
R176D,-1.773480238
A132I,-2.806477679
V258Q,-2.704153997
L137S,-1.799622821
L55F,-0.209352289
L192S,-2.098896634
T187D,-0.08524659
A280P,-2.494082504
P253C,-0.305743969
P60W,-1.297597785
I275C,-1.816160071
V214Q,-1.324416663
G236Q,-3.073247749
M66I,-0.176145829
A77I,-0.447714455
S104R,-2.231699902
L247Q,-2.566813759
T126R,-1.419410018
T198D,-0.222104264
D99H,-0.172785852
R159G,-2.092619471
R220D,-2.689181867
G154D,-0.095326544
D33E,-0.038181221
D269Q,-0.07497792
Y44G,-3.025105581
P181R,-3.555180769
Q88F,-0.058579433
G242D,-2.669919713
H110I,-1.990195929
A170R,-0.900379702
A148R,0.019409463
P143F,-2.387195776
D231F,-2.555596064
P165G,-1.984731056
I93T,-1.958171757
M209D,-3.002742861
K71T,-3.017426283
C121I,-1.655882633
Q203S,-0.125549632
M115T,-1.986188766
S264E,-1.884315762
A225Q,-0.146481261
V258P,-3.324957823
L49T,-0.566029879
T27Q,-1.667099437
L38P,-1.514559089
R176G,-1.789170972
L137R,-2.957709252
A132H,-2.352646332
V82T,-0.458571735
L192R,-3.061556477
A280S,-0.015325554
T187G,-0.691341428
P253E,-0.717181861
G236P,-3.063569706
V214P,-1.822061876
L247P,-2.202595062
I275E,-2.747169622
L55I,-0.013824586
P60V,-0.08649214
S104T,-1.723047291
M66H,-1.920554511
T198G,-0.073106841
T126W,-1.963531436
A77H,-0.045084475
R220G,-1.927532395
D99K,-0.700813663
D269P,-0.097253951
P181T,-2.108980881
G242F,-3.052286547
G154F,-2.091244835
D33G,-0.164200601
Q88I,-0.077210232
H110K,0.012441676
A170T,-0.720405674
D231I,-1.741440104
A148T,-0.040016796
P165F,-2.257956999
Y44F,-0.040809435
P143I,-2.005215035
S264D,-1.703690832
M209G,-2.678930153
V258S,-1.671132712
Q203R,-0.093200959
A225P,-0.066311541
C121H,-2.933258216
I93W,-2.628955372
K71W,-2.906241728
M115W,-2.906943098
R159F,-1.18597189
L49W,-0.076008527
A280R,0.030679469
T27P,-1.790172161
A132K,-2.822425493
L38S,-0.884596348
R176F,-1.1687866
L137T,-1.083467725
L192T,-0.833308562
P253D,-0.716142335
T187F,-1.822937331
V82W,-1.504499223
I275D,-2.93899551
L247S,-3.157485965
G236S,-1.467128934
V214S,-0.858990682
T198F,-1.565430762
R220F,-2.505385354
L55H,-0.720452442
D269S,-0.041011648
T126V,-0.382375273
S104W,-2.463579428
P60Y,-0.807193813
G242I,-2.832493646
M66K,-3.093978709
P181W,-2.912637008
D99M,-0.144838937
A77K,-0.101616997
G154I,-2.6520505
D231H,-2.069796252
A170W,-0.213755331
V258R,-3.037054817
H110M,-0.156592771
D33F,-0.244432783
M209F,-2.914586017
P165I,-0.527164155
Q203T,-0.08307937
S264G,-0.061236874
A148W,-0.039664242
A225S,-0.070292569
Q88H,0.015802767
P143H,-0.652308892
Y44I,-1.736939019
C121K,-3.147311669
I93V,0.051135263
A280T,-0.043402807
M115V,-1.68219455
K71V,-3.260311318
R176I,-2.562807203
L192W,-0.944648318
A132M,-2.760355333
L49V,-0.043917615
P253G,-0.466278219
I275G,-2.711967313
L137W,-2.888567291
T187I,-0.578642539
L247R,-2.478849363
T27S,-1.392478148
G236R,-2.615893721
V214R,-1.47282212
L38R,-2.052487335
V82Y,-1.331138427
R220I,-2.353178169
T198I,-1.705973767
D269R,-0.115253874
R159I,-1.415053588
G242H,-3.045159625
T126Y,-2.701306344
L55K,-0.806127198
S104V,-2.203338277
E61A,-0.012261803
P181V,-1.122286199
M66L,-0.054318447
D99L,-0.589505055
A77M,0.00367316
D231K,-2.095655881
G154H,-0.947665442
A170V,-0.227165389
V258T,-1.145976647
M209I,-2.834504952
S264F,-2.164877315
P165H,-1.577464349
A225R,-0.074905372
H110L,-0.418581883
A148V,0.003099286
P143K,-2.718579118
D33I,-0.137432674
Q203W,-0.56026314
Q88K,0.094749771
C121M,-1.306918993
Y44H,-2.831751718
I93Y,-1.934341136
A280W,-0.063529329
M115Y,-2.522258013
R176H,-0.693165748
L192V,-0.100550592
I275F,0.08968222
K71Y,-3.062315829
P253F,-0.230654709
A132L,-3.316870495
L49Y,-0.105296504
T187H,-2.217539756
L137V,-0.698817295
L247T,-1.595811523
G236T,-1.740199749
V214T,-0.246635617
T27R,-2.375093809
D83A,-1.691802754
L38T,-0.369701482
D269T,-0.040370777
R220H,-1.476075347
T198H,-0.106646559
G242K,-2.908114464
M127A,-0.692690836
P181Y,-3.051126408
S104Y,-2.140970515
D231M,-2.377438798
L55M,-0.067702575
E61C,-1.22336836
M66N,-3.030291781
V258W,-2.404658216
D99N,-0.257325475
A77L,-0.05205512
A170Y,-0.152466172
S264I,-2.164144857
M209H,-2.875308651
A225T,-0.144877326
G154K,-1.210318364
P165K,-1.478979037
Q203V,-0.13953731
H110N,-0.016681125
A148Y,-0.126288959
P143M,-2.50650652
Q88M,-0.014628486
A280V,0.001853805
C121L,-1.621818618
D33H,-0.043367243
R159H,-0.02422248
H94A,-0.08015141
T116A,-1.378888234
I275H,-2.541811455
P253I,-0.22074127
L192Y,-0.947878926
Y44K,-3.16469248
R176K,-0.250014334
L247W,-1.617789559
T187K,-1.628477245
G236W,-2.740907806
A132N,-2.693649685
V72A,-0.856415618
L137Y,-0.46206087
V214W,-1.630367752
N50A,-0.032218326
R220K,-1.795858879
D269W,-0.17828193
D83C,-2.688763922
G242M,-3.01903591
T27W,-2.841700815
T198K,-0.066967809
L38W,-0.62371773
D231L,-1.942197894
A182C,-0.004182229
M127C,-0.486946733
S264H,-1.974231479
V258Y,-2.568797946
P105A,-1.617908697
A225W,-0.178694793
I171A,0.019637073
M209K,-2.939565689
E61D,0.017772369
M66Q,-2.039269583
D99Q,-0.076510138
P165M,-1.40629147
G154M,-2.123271348
A280Y,-0.060442832
L55N,-1.526032982
A77N,-0.102364519
Q203Y,-0.32455408
F149A,-0.582402575
P143L,-1.965140669
H110Q,-0.231536314
I275K,-2.755343908
P253H,-0.214422683
Q88L,-0.004543879
L247V,-0.031333964
T193A,-0.014179751
G236V,-3.008813615
R176M,-0.688151548
T187M,-0.569884531
C121N,-2.918155585
T116C,-1.569669022
D33K,-0.046872657
V214Y,-1.394818299
A132Q,-2.31524903
H94C,-1.083906813
T138A,0.009399046
D269V,-0.059219047
Y44M,-0.283943015
R220M,-2.584173075
G242L,-3.304678281
V72C,-1.496115302
T198M,-0.368987389
N50C,-1.223080702
D231N,-2.118517766
S264K,-1.853998581
A182E,-0.009028852
D83E,-0.096051752
I259A,-2.396194248
R159K,-0.213063426
T27V,0.034189274
M209L,-0.620492384
S281A,0.016871306
A225V,-0.062278785
M127E,-0.163903742
I171C,-0.033828286
I275M,-0.220181281
P165L,-0.353187675
P105C,-2.263977654
G154L,-1.828806882
Q204A,-0.102016433
P253K,-0.549782588
D99P,-2.032132563
L38V,-1.660237684
F149C,-1.616961673
P143N,-1.942733992
E61G,0.008092791
A77Q,-0.053635759
H110P,-2.301066404
L55Q,-1.22558591
M66P,-3.102249124
G236Y,-2.977284681
L247Y,-2.78760903
T193C,-0.007992231
R176L,-0.760679487
A215C,-1.562565691
T187L,-0.484891115
Q88N,0.027462082
D269Y,-0.124998827
C121Q,-2.763864018
T116E,-0.001675007
R220L,-1.572457607
A132P,-2.31679992
T138C,-0.34071976
G242N,-2.883240142
T198L,-0.607306196
S264M,-1.52296629
D231Q,-1.815948013
D33M,-0.057818308
H94E,-0.062243135
I259C,-0.834334283
S281C,-0.239623183
A182D,-0.42100508
V72E,-1.725521981
Y44L,-0.246511149
M209N,-2.781298844
I275L,-0.126616109
N50E,-0.017852372
I171E,0.01487968
A225Y,-0.111895308
D83G,-1.86508199
Q204C,-0.043050656
P253M,0.013571918
M127D,-0.936038974
P165N,-0.771029889
G154N,-0.235432728
T27Y,-2.789134768
P105E,-1.507607725
F149E,-1.318017717
G248A,-2.338369499
D99S,-0.173502848
P143Q,-1.269922253
E237A,0.004358278
T193E,-0.209827896
E270A,0.078759389
A215E,-1.277329484
R176N,-0.755379623
T187N,-0.067171304
R159M,-1.835369183
H110S,-0.160450531
A77P,-2.5264617
R220N,-2.334290873
E61F,0.036097239
L38Y,-0.342970173
G242Q,-2.811114583
M66S,-2.363766686
L55P,-2.604961843
D231P,-2.134817462
Q88P,-1.926862363
T198N,-0.088840844
C121P,-3.318329849
S264L,-2.185465744
S281E,0.019996551
T138E,0.009167938
T116D,-0.767261411
A132S,-1.153553251
I259E,-2.540625964
A182G,0.037299283
I275N,-2.476543529
M209Q,-2.48502129
G226A,-0.474043585
H94D,-0.218190842
P253L,-0.198231325
Q204E,-0.049271281
G248C,-2.276509166
I171D,-0.095848309
D33L,-0.123256094
E270C,-0.244633761
V72D,-2.711742599
P165Q,-1.401130168
M127G,-1.497130957
G154Q,-0.544538125
E237C,0.011073096
Y44N,-3.041988665
D83F,-2.7042285
T193D,-0.07094539
A215D,-2.091308436
F149D,-1.722814002
N50D,-0.01891356
P143S,-1.696646089
T187Q,-1.690890002
P105D,-2.270477617
R176Q,-0.097072604
G242P,-2.566195875
R220Q,-1.836778509
R159L,-1.899057722
S264N,-1.146017061
S281D,-0.313969132
D231S,-1.52339746
D99R,-1.245599476
H110R,-0.059301023
L28A,-0.20222814
T198Q,-0.087078312
I259D,-2.877019385
A77S,-0.106346494
I275Q,-2.642484156
E61I,-0.168170948
T138D,-0.03346632
C121S,-2.140735839
G39A,-0.051723869
A182F,0.01557299
M66R,-3.001973273
A132R,-3.12458746
M209P,-2.830617872
Q88S,0.023680339
T116G,-1.929482109
L55S,-2.021762852
G226C,-0.89099476
P253N,-0.397417967
H94G,-0.283787056
Q204D,-0.441077459
G248E,-2.021764499
E270D,0.111175353
I171G,-0.010270764
P165S,-1.27638993
E237D,0.066875465
D33N,-0.112246453
M127F,-0.309422693
V72G,-2.575720423
G154P,-2.117260163
T193G,-0.038139974
A215G,-0.42454654
F149G,-1.767180068
T187P,-2.552642805
Y44Q,-3.196583271
G242S,-1.011533178
D83I,-2.016937308
S264Q,-1.79312276
S281G,-0.975169465
R220P,-2.097570762
P143R,-2.376351269
R176P,-2.901193523
D231R,-2.435618255
P105G,-1.889083431
R159N,-1.158634112
N50G,-0.018879235
H110T,-1.55125933
T198P,-1.642965451
I259G,-2.671910904
D99T,-0.409173528
L28C,-1.95959115
I275P,-3.019296726
A182I,-0.029102077
A132T,-2.174470391
M209S,-2.819777634
T138G,-0.000496644
C121R,-2.984141349
A77R,-0.388606684
G39C,-1.109586321
E61H,0.018249952
M66T,-1.420158937
T116F,-2.045538289
Q88R,0.016367382
P253Q,-0.396652916
G226E,-0.084602038
L55R,-0.520211329
Q204G,-1.786870088
H94F,-0.050553048
G248D,-2.467998155
E270G,-0.592299057
I171F,0.072452323
P165R,-1.540979088
E237G,0.008001971
M127I,-0.126323898
T193F,-0.019831781
V72F,-2.583539351
D33Q,0.091680231
G154S,-0.952716773
A215F,-1.90507016
F149I,-0.067300137
G242R,-2.698539214
T187S,-0.072998047
S281F,-0.310771785
S264P,-2.326807229
R220S,-1.917546496
D231T,-1.694874876
Y44P,-3.027775819
D83H,-2.269238258
P143T,-1.151452176
R176S,-0.660139414
R159Q,-0.117895173
P105F,-2.027326348
N50F,-0.082938465
T198S,0.034374676
I259F,-1.458335429
H110W,-0.560469723
I275S,-2.732310421
D99W,-1.876323526
A182H,0.046813931
A132W,-2.862191169
L28E,-1.721637748
T138F,-0.20625038
C121T,-2.611475847
M209R,-3.260522815
G226D,0.012588812
P253S,-0.227414653
G39E,-0.046368472
T116I,-1.547883898
A77T,-0.233979562
Q204F,-0.770665464
E61K,0.051632487
Q88T,0.023069694
M66W,-3.355591011
G248F,-2.962285869
E270F,-0.148212625
H94I,-0.073751088
I171H,-0.076070341
L55T,-0.997385307
E237F,0.022973874
S281I,0.005375411
T193I,0.000771803
P165T,-0.07192525
G242T,-2.879462548
M127H,-0.7132525
A215I,-1.728916565
T187R,-1.94747267
S264R,-1.654599757
G154R,-1.558836255
F149H,-0.565551312
D231W,-2.688892499
V72I,-0.507858731
D33P,-2.895012627
R220T,-2.091349899
R176T,-2.210755806
P143W,-3.021949433
D83K,-2.194756062
I259H,-2.845062192
R159P,-2.195801354
Y44S,-3.19008419
T198R,-0.130710025
I275R,-2.93873551
P105I,-1.902309225
H110V,-1.741210232
N50I,-0.050837261
A182K,0.071641012
G226F,-1.399590085
M209T,-3.405201876
P253R,-0.565616356
E270I,-0.067328252
A132V,-1.95815801
D99V,-0.354782275
Q204I,0.012872343
T138I,-0.022101148
C121W,-2.747270968
G248I,-2.274978116
T116H,-2.348609979
S281H,-0.001936764
A77W,-1.647934247
I171K,-0.029810137
L28D,-2.71076857
E237I,-0.278604064
Q88W,0.052154613
G39D,-0.041516899
G242W,-2.934636866
T193H,0.024926095
E61M,0.04607429
H94K,0.006742309
M66V,-0.098950592
S264T,-0.031791011
P165W,-2.673980819
A215H,-1.550710905
T187W,-2.333350456
D231V,-2.121734009
M127K,-0.578754318
L55W,-1.28202634
G154T,-1.714924849
F149K,-1.31821425
R220W,-2.373247326
V72H,-2.692277041
I259K,-2.584464264
R176W,-1.425390569
T198W,-1.982114442
P143V,-1.539005603
I275T,-2.361641829
R159S,-0.476218612
D33S,-0.055098192
D83M,-1.688388499
A182M,0.02676237
G226I,-2.322454727
P105H,-1.607758802
E270H,-0.007309004
Y44R,-3.025154107
H110Y,0.104755123
P253T,-0.715523995
M209W,-2.349063279
N50H,0.010744474
D99Y,-1.513458824
Q204H,-0.08535206
A132Y,-2.858818277
G248H,-2.811644134
S281K,0.039123014
T138H,-0.048618792
T116K,-1.586312554
C121V,-2.614484462
E237H,0.017693319
G242V,-2.889362236
S264W,-2.23411749
I171M,-0.084325252
T193K,0.098222012
D231Y,-2.29251386
A215K,-1.870409311
T187V,-0.670291875
P165V,-0.337033628
Q88V,-0.02038913
H94M,-0.035634476
A77V,-0.046064698
R220V,-2.383732783
G39F,-0.618090784
M127L,0.005314044
E61L,-0.043914108
M66Y,-2.749518564
G154W,-2.491265019
F149M,-0.010095765
I275W,-2.362077217
L55V,-0.049845221
T198V,-1.215136884
R176V,-2.112091666
I259M,-0.36692139
L28G,-1.484204085
V72K,-1.645490074
P143Y,-2.758068812
R159T,-0.293486986
G226H,-0.082656357
A182L,0.023923761
D83L,-2.734828189
E270K,-0.081976048
D33R,-0.055448761
P253W,-1.079928285
M209V,-2.529281553
P105K,-1.447940296
S281M,-0.060161433
L111A,-0.178922149
Q204K,-0.271795292
G248K,-3.092234366
Y44T,-3.195373821
L100A,-1.874839901
A133C,-1.849881352
G242Y,-2.983864589
E237K,0.020351337
T138K,0.081894723
N50K,-0.000322556
S264V,-1.869554148
T116M,-1.060159582
I171L,0.009850653
T193M,0.031074253
C121Y,-2.941027778
K232A,-2.767989534
T187Y,-2.430647819
A215M,-1.50909235
P165Y,-2.125045058
H94L,-0.031465014
Q88Y,0.087859613
M127N,-0.767545403
A77Y,-0.015251161
R220Y,-2.470586539
I275V,-0.044125186
G39I,-0.672065611
F149L,-0.262966181
G154V,-1.669103351
M67A,-0.004768182
T198Y,-1.536340093
E61N,-0.0169525
R176Y,-1.119486403
G226K,-0.013250524
I259L,-0.088470575
A182N,-0.025473965
E270M,-0.310200101
K144A,-0.072388927
P253V,-0.549257937
L55Y,-0.120999362
V72M,-1.892537109
R159W,-1.56451437
L28F,-0.720047067
M209Y,-2.924973973
D83N,-2.019126225
Q204M,-0.027101503
P105M,-1.962940407
D33T,0.00270366
G248M,-3.118625003
I243A,-2.057418444
E237M,-0.01660617
L111C,-0.230763117
S264Y,-2.358967997
A133E,-2.123472184
L100C,-1.578448818
T193L,-0.064364734
K232C,-2.572818371
T138M,0.003602955
I171N,-0.006277549
L188A,-1.20747049
T116L,-0.831106691
A215L,-2.504267698
E166A,-0.011919645
S122A,-0.020963348
Y44W,-2.641882621
N50M,0.05167055
S221A,0.015870592
I275Y,-1.614571656
H94N,-0.121656165
M127Q,-0.108822238
F149N,-1.70591085
G226M,-1.588387768
G154Y,-2.325040513
L199A,0.015100529
L89A,-1.51750046
I259N,-2.66081493
V78A,-1.656196595
G39H,-0.053090858
E270L,-0.017462942
D177A,-2.777766007
A182Q,0.008577633
P253Y,-0.295745856
K144C,-0.171929079
M67C,-0.247812064
Q204L,0.004851927
E210A,-0.372386731
I243C,-1.059116701
E61Q,0.030477973
G248L,-3.208285772
R159V,-1.502183898
V72L,-1.964738694
D83Q,-0.307681489
E237L,0.02178387
S57A,0.025721015
K232E,-2.341107223
Q265A,0.007296149
T193N,-0.070475732
P105L,-1.565477837
A133D,-1.559206196
L111E,-1.001409632
I171Q,-0.016285196
A215N,-1.684866444
L28I,0.017395788
L100E,-2.299156545
L188C,-1.090092962
D33W,-0.26217333
T138L,-0.04413855
E166C,-0.058989229
S221C,-0.009742219
A276C,-0.299150607
S122C,-0.640035726
T116N,-0.573047728
N50L,-0.025187338
M127P,-2.891893956
G226L,-1.89747051
I259Q,-2.899387584
E270N,-0.065881175
H94Q,-0.014702428
F149Q,-1.090552187
Y44V,-1.726355619
L199C,0.012399982
D155A,-2.933485535
S254A,-0.031046557
A182P,-1.656836061
D177C,-3.206833111
G248N,-2.968898199
Q204N,-0.08281981
E210C,0.150784067
I243E,-2.438004616
L89C,-2.106335815
Q265C,-0.045596657
E237N,0.028963159
K144E,-0.022203867
K232D,-2.425335817
R159Y,-1.576523906
G39K,-0.058406355
T193Q,-0.027736966
M67E,-2.184542596
V78C,-1.683247709
E61P,-2.8231702
A215Q,-2.01652056
V72N,-2.686179384
D83P,-2.944289156
A133G,-0.05375177
I171P,-0.622117062
P105N,-1.957567679
S221E,-0.210797204
L188E,-3.037699413
T138N,-0.011422069
S57C,-1.504226134
L111D,-1.705468068
E166D,0.005592246
L100D,-2.838073156
G226N,-0.127757168
L28H,-0.889277008
S122E,0.036991756
D33V,-0.080936175
T116Q,-0.500701472
S254C,-0.036287842
M127S,-0.556848646
L199E,-0.004804214
D155C,-3.234446418
F149P,-3.196857481
G248Q,-2.82691411
A182S,-0.006001543
N50Q,-0.030864239
H94P,-0.530404004
E210D,-0.158082654
D177E,-2.887131973
Q204P,-2.3246163
I243D,-2.565342048
I45A,-0.090534046
E237Q,0.031464553
L89E,-2.122418487
K232G,-3.141039615
L160A,-0.20360832
K144D,-0.055729847
T193P,-2.585087471
G39M,-0.157725137
V78E,-2.698340925
M67D,-2.285650341
E61S,0.012718307
A215P,-1.5563334
V72Q,-2.513515023
L188D,-2.713809337
D83S,-1.653496975
I171S,0.007955541
P105Q,-1.620682791
S221D,-0.568615666
T138Q,-0.022462671
A133F,-2.774922353
L111G,-1.338578008
E166G,-0.060012719
L100G,-2.556103373
G226Q,-0.174763128
S122D,0.050177167
L28K,0.069595673
D33Y,-0.160994389
S254E,0.049921103
T116P,-1.676214293
L199D,-0.058771055
M127R,-0.219904281
D155E,-1.954996729
G248P,-3.3193927
E210G,-0.326654622
A182R,0.020417383
F149S,-1.357072082
D177G,-3.096966536
H94S,-0.055668842
Q204S,-0.186846148
E237P,0.01334188
N50P,-0.037237915
I45C,-0.208081948
L89D,-2.198119647
L160C,-0.091992954
T193S,-0.042009722
K144G,-0.020137482
A215S,-0.430107826
V78D,-2.787729305
L188G,-2.153407982
S221G,-0.267536734
I171R,0.007069098
G39L,-0.179840624
M67G,-0.03955652
E61R,-0.029997035
E166F,-0.047233268
P105S,-1.694489614
L111F,-0.056213048
T138P,-1.637176164
D83R,-2.109991013
V72P,-0.027108305
A133I,-2.810495412
G226P,-1.503568438
L100F,-0.800498928
L199G,-0.004201456
S122G,0.025668662
T116S,-0.073522367
E210F,0.145238067
D155G,-2.942122497
A34C,-0.521398897
D177F,-2.845422823
E237S,-0.047764578
L28M,-0.0480697
M127T,-0.084530918
A182T,-0.023171975
F149R,-1.359686127
Q204R,-0.115500466
H94R,-0.03804817
L160E,-2.544298692
N50S,-0.013873543
T193R,0.040937953
L89G,-1.746458061
I45E,-2.206823683
A215R,-1.642443334
K144F,-0.074061544
L188F,-0.129732593
S221F,-0.342966042
V78G,-3.18578003
I171T,-0.012082141
E61T,-0.035050369
G39N,-0.119873344
T138S,-0.005663247
M67F,-2.040629435
E166I,-0.122481057
G226S,-0.060375297
L111I,0.051210423
A133H,-2.631634991
V72S,-1.456171302
P105R,-1.671099709
D83T,-1.742747116
L199F,0.063373193
E210I,0.348570843
L100I,-0.058038304
D155F,-2.888915262
Q204T,-0.056559811
S122F,-0.159042943
A182W,0.024065487
F149T,-0.633217506
D177I,-2.978487084
T116R,-2.094839733
M127W,-0.060863436
A34E,-2.556684305
H94T,-0.049445233
L28N,-1.420713538
L160D,-2.836727602
T193W,-0.030497122
A215T,-1.243536899
N50R,-0.036412893
L89F,-1.065589855
L188I,0.057770815
I45D,-2.744946474
K144I,0.047126188
I171W,0.011755136
G226R,-0.160583026
E166H,0.058182299
V78F,-2.180567854
T138R,-0.014866236
E61W,-0.017401177
L111H,-0.119595027
M67I,-1.283578119
G39Q,-0.004546878
P105T,-1.455280832
L199I,0.062772634
V72R,-2.923710155
D83W,-2.996894747
A133K,-2.261259734
E210H,0.153639001
Q204W,-1.247783737
L100H,-2.30765856
A182V,0.022611641
D155I,-2.772950829
S122I,-0.154171419
D177H,-3.226945424
F149W,0.106530647
T116W,-2.491227844
M127V,-0.026401494
A34D,-2.404831914
H94W,-0.00306571
T193V,-0.000500627
L28Q,-0.222811811
L160G,-2.25622662
N50T,-0.008385861
L89I,-0.292830677
L188H,-2.357136858
I171V,-0.011763924
I45G,-2.210408061
K144H,-0.009511754
E166K,-0.058571476
T138W,-0.048985813
V78I,0.000169684
L111K,-0.445290177
M67H,-1.556438761
E61V,-0.074498357
P105W,-2.167596652
L199H,-0.004857553
D83V,-1.970337587
V72T,-0.315691669
A133M,-2.570070001
A182Y,0.039926568
G39P,-2.311613621
D155H,-2.752012589
S122H,0.011127575
L100K,-2.008377529
D177K,-2.962464211
F149V,-0.434599858
M127Y,-0.200429175
T116V,-1.539845587
L160F,-0.571760779
A34G,-1.861298253
H94V,-0.046366569
L28P,-2.195354681
L188K,-2.552699689
I171Y,0.049878287
N50W,-0.021802643
L89H,-1.515653905
K144M,-0.076435888
E166M,0.003712481
I45F,0.139663466
T138V,-0.070479438
L111M,-0.008178508
V78H,-2.543009613
P105V,-1.432323504
M67K,-2.969365791
E61Y,0.021190484
D83Y,-2.889481786
V72W,-2.004668698
A133L,-3.356869229
G39S,-0.054611988
S122K,-0.070357872
D177M,-2.748824394
D155K,-3.063463586
F149Y,0.016628017
S128A,-2.873953259
L100M,-0.046431063
T116Y,-2.162579891
A34F,-0.922138302
L160I,-0.040497089
H94Y,-0.046653887
L28S,-1.264096226
P172A,-0.054554334
N50V,-0.016311532
K144L,-0.083766348
L89K,-1.904393277
E166L,-0.040056983
L111N,-1.793923508
I45H,-2.169112095
T138Y,-0.063154918
P105Y,-1.396863702
M67L,-0.449230009
A84C,-0.438931888
V72Y,-2.713021813
V78K,-2.59120482
E62A,-1.023939685
A133N,-2.531463113
D177L,-3.036515649
S122M,-0.229901571
G39R,-0.042271582
D155M,-2.863143693
S128C,-2.662433669
L150A,-0.212270694
V117A,-1.947442241
L100N,-2.650424377
L160H,-1.822190357
A34I,-0.548549981
Y95A,-2.335377871
L28R,-0.064935717
N50Y,-0.041849916
K144N,-0.004878996
L89M,-0.068121536
E166N,-0.069317183
L111Q,-0.08332181
I45K,-2.947329011
T139A,-0.021554076
V106A,-0.238328783
M67N,-0.007628561
A84E,-2.34E-05
V78M,-0.582851742
L73A,-0.064115567
A133Q,-2.948945787
E62C,-1.82322916
S122L,-0.00930864
D155L,-3.537996133
S128E,-3.20795466
G39T,-0.228329729
L150C,-0.476126661
V117C,-2.283712065
L100Q,-2.118330946
L160K,-2.626606882
A34H,-2.609230586
Y95C,-1.646643046
L28T,-0.313656419
K144Q,-0.012246845
S51A,-0.739318788
L89N,-1.80739076
T139C,-0.169138366
L111P,-1.124830808
I45M,-0.361981496
M67Q,-1.098948294
V78L,-0.34449891
V106C,-0.574227852
A133P,-2.451581678
A84D,-0.005715479
S122N,0.028354137
L73C,-0.724250973
E62D,-0.100650824
D155N,-2.020904202
S128D,-2.807621802
L150E,-2.878848421
G39W,-1.518050793
V117E,-2.565433678
L100P,-2.574295188
L160M,-0.163127337
Y95E,-2.401496858
A34K,-2.635557452
L28W,-0.299738494
K144P,-0.127841548
S51C,-1.818743993
L89Q,-1.814728086
T139E,0.053101457
L111S,-0.255496117
I45L,0.108687949
M67P,-2.755756325
V106E,-0.040876561
A133S,-0.157756724
V78N,-2.753542441
S122Q,0.031705228
A84G,-0.024581986
D155Q,-3.309732767
L73E,-2.947544269
E62G,-1.366168672
S128G,-2.500924977
V117D,-2.88154837
G39V,-0.193850581
L100S,-1.979998023
L160N,-1.906073603
Y95D,-2.540660619
A34M,0.003700525
L28V,0.0502655
S51E,-0.086824363
L89P,-1.452205367
T139D,-0.217867719
L111R,-0.788257468
I45N,-2.632616734
V106D,-1.664693309
M67S,-0.10032247
V78Q,-2.523461653
S122P,-1.137558841
A84F,-0.186143212
L73D,-2.994795129
E62F,-1.220230028
V117G,-2.630401382
L100R,-2.178643147
G39Y,-0.821028525
L160Q,-1.925638658
Y95G,-2.275559344
A34L,-0.88252558
L28Y,-0.218600359
L89S,-1.679578282
S51D,0.075247281
L111T,-0.055475814
I45Q,-1.581182994
V106G,-1.515415773
V78P,-3.162109295
S122R,0.004943197
M67R,-2.942099013
A84I,-0.013374837
L73G,-1.463946668
E62I,-1.344574688
V117F,-1.859549574
L100T,-1.821399928
A40C,-1.570195837
L160P,-1.980249427
Y95F,0.001701839
A34N,-2.37743765
V29A,0.046784508
L89R,-2.009935743
S51G,-0.369043249
I45P,-2.896751736
V106F,-1.138470781
V78S,-2.741822616
M67T,-0.062693547
A84H,-0.000873553
L73F,-0.448223556
E62H,-0.66028634
L100W,-1.185561117
A40E,-1.945210291
L160S,-0.219697753
Y95I,-0.08484952
A34Q,-1.292157836
V29C,0.035059494
S51F,-1.750705669
L89T,-1.712095063
A84K,0.027428182
M67W,-2.776323366
V106I,0.001953832
V78R,-3.102488852
I45S,-1.494600621
L73I,0.028685084
E62K,-1.893940849
A40D,-2.183416924
L160R,-3.392857024
Y95H,-1.783828991
A34P,-2.678125708
V29E,0.05100108
L89W,-1.733268579
S51I,-1.335857706
V78T,-1.133446022
A84M,-0.009573927
M67V,-0.205803581
I45R,-2.60881519
L73H,-1.573675901
E62M,-0.358510262
A40G,0.036494768
L160T,-0.27647592
A34S,-0.245824713
V29D,0.044413266
L89V,-1.526927439
S51H,-0.605656207
V78W,-3.018125613
M67Y,-2.869177379
I45T,-0.426357269
L73K,-2.943766498
E62L,-1.942943043
A40F,-2.383933969
L160W,-3.154767154
A34R,-3.064020686
V29G,0.040152735
S51K,-0.668958334
V78Y,-3.024101379
I45W,-2.910990886
S68A,-3.369026655
E62N,-1.491877677
L73M,-0.104064189
A40I,-1.756061106
L160V,-0.052868258
A34T,-0.410171144
V29F,-0.060232139
S51M,-1.386030888
I45V,0.12200949
A40H,-2.788829598
L160Y,-2.876429349
A34W,-1.029580625
V29I,-0.013303234
S51L,-1.461622603
I45Y,-0.198298791
A40K,-2.764567772
D161A,-1.724239067
A34V,-0.029961704
V29H,-0.014840417
S51N,0.017691821
E46A,-0.05797503
A40M,-1.027279569
D161C,-1.714345305
A34Y,-1.621560847
V29K,0.036194098
E46C,-1.899140071
A40L,-1.977678207
E35A,-1.787649562
V29M,0.096017091
A40N,-1.691389934
