mutant;e3
D2A;0.582192688
D2E;0.675163324
D2G;0.596128929
D2I;0.243515473
D2H;-0.365688606
D2K;0.751654557
D2L;0.34388413
D2N;0.659991665
D2P;0.650215902
D2S;-0.29436582
D2T;-0.197468516
D2V;0.755664556
D2Y;0.974899412
L3A;0.311409596
L3C;-0.181419911
L3D;-0.342267681
L3G;0.525238296
L3F;0.519198363
L3I;0.286762064
L3H;0.85160188
L3K;0.994811719
L3M;-0.372322721
L3N;0.709370789
L3Q;0.916208988
L3P;0.205871626
L3S;1.281932484
L3R;1.246223898
L3T;-0.12561819
L3W;0.805532871
L3V;1.060241989
L3Y;1.493256294
S4A;-0.021158795
S4C;0.786887195
S4E;-0.319749321
S4D;-0.281441049
S4G;0.8475197
S4F;1.023756073
S4I;0.659738019
S4H;1.122804112
S4M;-0.37195436
S4L;0.766962543
S4N;1.043524966
S4Q;0.724984306
S4P;0.770921183
S4R;0.643144383
S4T;0.974971608
S4W;0.951971045
S4V;1.130028462
S4Y;0.603816942
A5C;0.519897043
A5E;0.105480377
A5D;0.881406401
A5G;0.017976508
A5F;0.972893438
A5I;0.627006301
A5H;0.779285409
A5K;0.271749407
A5M;0.422196212
A5L;0.831529706
A5N;0.693088857
A5Q;0.879945055
A5P;0.795843557
A5S;0.928118113
A5R;0.676401073
A5T;0.893576995
A5W;0.938895405
A5V;0.541619832
A5Y;1.081664754
L6A;0.586702464
L6C;0.760933593
L6E;1.266906377
L6D;0.804930928
L6G;0.928402385
L6F;0.790065994
L6I;0.862585326
L6H;1.096224494
L6K;1.004509784
L6M;0.451543292
L6N;0.758918839
L6Q;1.168976555
L6P;0.997706554
L6S;1.085747549
L6R;1.125978555
L6T;0.874187808
L6W;0.618436721
L6V;1.007698065
L6Y;0.813562388
R7A;0.673218191
R7C;0.535242797
R7E;0.811775884
R7D;0.762161949
R7G;0.796114649
R7F;0.601352823
R7I;0.636351211
R7H;0.959676388
R7K;0.989558639
R7M;0.404270684
R7L;0.567451312
R7N;0.788861094
R7Q;1.101776508
R7P;0.597426209
R7S;0.715569375
R7T;0.699895714
R7W;0.212439102
R7V;0.765971562
R7Y;0.628045461
V8A;0.528424729
V8C;0.624143852
V8E;0.368965444
V8D;0.419460024
V8G;0.298127631
V8F;0.569974397
V8I;0.922900355
V8H;0.360962606
V8K;0.70088836
V8M;0.56007301
V8L;0.808322118
V8N;0.450348713
V8Q;0.828231505
V8P;0.280745468
V8S;0.522506627
V8R;0.383713941
V8T;0.846988842
V8W;0.535424282
V8Y;0.429638648
E9A;0.899976316
E9C;0.431472617
E9D;0.992929155
E9G;1.164992619
E9F;0.742667652
E9I;1.027331793
E9H;1.312002612
E9K;1.160098129
E9M;0.955983809
E9L;0.942250135
E9N;0.770023788
E9Q;1.229970964
E9P;0.764149962
E9S;0.901111881
E9R;1.084135148
E9T;0.845789181
E9W;0.9948463
E9V;0.881465409
E9Y;0.832028007
E10A;0.900553746
E10C;0.25365578
E10D;0.623182558
E10G;0.347283243
E10F;0.247855759
E10I;0.398441916
E10H;0.734479035
E10K;0.550059391
E10M;0.239609166
E10L;0.572030044
E10N;0.640922074
E10Q;0.471660952
E10P;0.22601539
E10S;0.551788983
E10R;0.530357129
E10T;0.487046748
E10W;0.272390659
E10V;0.395476236
E10Y;0.31189261
V11A;0.583120673
V11C;0.571371246
V11E;-0.064158089
V11D;-0.116121561
V11G;0.404900694
V11F;0.319457403
V11I;0.802657007
V11H;-0.133506021
V11K;0.19783772
V11M;0.492137342
V11L;0.354526038
V11N;0.211049543
V11Q;-0.088092114
V11P;-0.186185647
V11S;0.300881344
V11R;0.320327942
V11T;0.657690386
V11W;0.099677134
V11Y;0.575836641
Q12A;0.965999616
Q12C;1.082756925
Q12D;0.517540203
Q12G;0.920840093
Q12F;0.083759592
Q12I;0.576158741
Q12H;1.193723226
Q12K;0.951873755
Q12M;0.619007297
Q12L;0.962988123
Q12N;1.184429651
Q12P;0.075214393
Q12S;0.662363921
Q12R;1.230693005
Q12T;1.05981715
Q12V;1.095079341
Q12Y;1.451734579
N13A;0.553922678
N13E;0.67861869
N13D;0.785974158
N13G;0.603056869
N13F;0.155139932
N13I;0.225051393
N13K;0.827698348
N13M;0.04690966
N13L;-0.056444832
N13P;-0.270310393
N13S;1.265395743
N13R;0.498525052
N13T;0.586599952
N13W;0.267817884
N13V;0.643853765
V14A;0.773754986
V14C;-0.365915432
V14D;0.104574103
V14G;0.104743893
V14F;-0.155625478
V14I;0.530044882
V14H;-0.400077767
V14L;-0.300330552
V14N;0.551451246
V14P;-0.428895922
V14T;-0.174553173
V14W;0.204975166
V14Y;0.052366451
I15A;-0.295082029
I15C;-0.006958319
I15E;-0.393329946
I15D;-0.333621453
I15G;-0.378646617
I15F;0.175648107
I15H;-0.420681639
I15K;0.272401492
I15M;0.167129578
I15L;0.545948025
I15N;0.001483143
I15Q;-0.390271224
I15S;-0.087525895
I15R;-0.408960635
I15T;-0.078664168
I15W;-0.207803721
I15V;0.651388104
I15Y;-0.169287105
N16A;0.908474871
N16C;0.156238326
N16E;1.287430615
N16D;1.074310812
N16G;1.1770734
N16F;1.290775295
N16I;1.143753924
N16H;1.229113348
N16K;0.612735411
N16M;0.781169368
N16L;1.206142584
N16Q;0.819636515
N16P;-0.159816953
N16S;1.097686852
N16R;1.296458869
N16T;0.862233158
N16W;1.023972167
N16V;0.911847489
N16Y;1.542078016
A17C;0.575911779
A17E;1.221248982
A17D;0.928028348
A17G;0.763007579
A17F;0.229953265
A17I;0.163618959
A17H;0.623647352
A17K;0.899867587
A17M;0.215106344
A17L;0.607015313
A17N;1.056753199
A17Q;1.375600971
A17P;-0.122225482
A17S;1.063667807
A17R;0.715738011
A17T;0.641629191
A17W;0.589436373
A17V;0.437217692
A17Y;0.137479408
M18A;0.363496506
M18C;0.338011893
M18E;-0.040237006
M18D;0.071673861
M18G;0.269602447
M18F;0.394770717
M18I;0.568651336
M18H;0.185855669
M18K;0.325266047
M18L;0.629903049
M18N;0.244099036
M18Q;0.402866437
M18P;-0.052094559
M18S;0.230197388
M18R;0.215774029
M18T;0.200727197
M18W;0.376065861
M18V;0.404173045
M18Y;0.268848699
Q19A;0.496163842
Q19C;1.413269512
Q19E;1.288029159
Q19D;0.552942335
Q19G;0.31644859
Q19F;0.747854119
Q19I;0.95534525
Q19H;0.91324032
Q19K;0.65131251
Q19M;0.554414254
Q19L;0.698208938
Q19N;0.395292219
Q19P;0.415857057
Q19S;0.813328643
Q19R;0.571855187
Q19T;1.076661069
Q19W;1.177342564
Q19V;0.85256392
Q19Y;1.200493714
K20A;0.315403401
K20C;0.240330596
K20E;0.514804316
K20D;0.6193203
K20G;0.411723277
K20F;0.27789099
K20I;0.377623327
K20H;0.384642582
K20M;0.386027564
K20L;0.349489676
K20N;0.614795122
K20Q;0.67931393
K20P;0.135313212
K20S;0.46645577
K20R;0.807362195
K20T;0.485887748
K20W;0.23777647
K20V;0.39041555
K20Y;0.464191095
I21A;0.62365915
I21C;0.487382307
I21E;2.791509115
I21D;1.153335973
I21G;0.720872975
I21F;1.025234567
I21H;1.845301625
I21K;0.105326346
I21M;1.282135197
I21L;0.834557042
I21N;1.402046531
I21Q;0.256608829
I21P;0.277264391
I21S;0.77350426
I21R;0.513814702
I21T;0.868772166
I21W;0.651937899
I21V;0.780901509
I21Y;1.158630926
L22A;0.813405848
L22C;1.24963648
L22E;0.217309214
L22D;0.096957442
L22G;0.616980794
L22F;1.570853688
L22I;0.613922615
L22H;0.609732499
L22K;0.322939718
L22M;0.870968822
L22N;0.473689874
L22Q;0.247300041
L22P;0.298785009
L22S;0.563428381
L22R;0.318056246
L22T;0.723415614
L22W;2.581450345
L22V;1.087432917
L22Y;1.001044011
E23A;0.371671267
E23C;0.426960921
E23D;0.362251049
E23G;0.338066338
E23F;0.334414176
E23I;0.389636506
E23H;0.462851344
E23K;0.520608827
E23M;0.399870107
E23L;0.408898537
E23N;0.625106097
E23Q;0.471704305
E23P;0.202780945
E23S;0.613423043
E23R;0.534906021
E23T;0.616464184
E23W;0.485341918
E23V;0.510903448
E23Y;0.361206793
C24A;-0.050903993
C24E;0.192355094
C24D;-0.381936709
C24G;-0.207585922
C24F;0.336946634
C24I;0.064026505
C24H;-0.37380151
C24K;-0.316423367
C24M;0.476736146
C24L;0.095909896
C24N;-0.171792334
C24Q;-0.014262404
C24P;-0.176344537
C24S;0.393680143
C24R;0.264515505
C24T;0.226386626
C24W;-0.083545161
C24V;0.289665161
C24Y;0.103346384
P25A;-0.085907087
P25C;-0.056601292
P25E;-0.304642893
P25D;-0.223058259
P25G;-0.043112087
P25F;-0.304091158
P25I;0.295247338
P25H;0.179600796
P25K;-0.126978841
P25L;-0.131180812
P25N;-0.403386982
P25Q;-0.280866129
P25S;0.386950482
P25R;-0.03320625
P25T;0.038059433
P25W;-0.285132808
P25V;0.155732648
P25Y;-0.07726625
I26A;0.376613452
I26C;0.29651362
I26E;0.185782224
I26D;0.335038083
I26G;0.258122283
I26F;0.377599644
I26H;0.306092939
I26K;0.454892066
I26M;0.323597731
I26L;0.395723861
I26N;0.410567874
I26Q;0.190560668
I26P;0.19429657
I26S;0.398415584
I26R;0.419210643
I26T;0.194349637
I26W;0.08386664
I26V;0.550468517
I26Y;0.291827922
C27A;0.323117314
C27E;0.161799527
C27D;0.360948856
C27G;0.244877661
C27F;0.213282164
C27I;0.27741199
C27H;-0.065451983
C27K;0.132799214
C27M;0.233523765
C27L;0.219594312
C27N;0.243226891
C27Q;0.079917341
C27P;0.344798408
C27S;0.230977849
C27R;0.198330274
C27T;0.353239834
C27W;0.089962619
C27V;0.197718027
C27Y;0.37907231
L28A;0.324733808
L28C;0.39818426
L28E;0.510667051
L28D;0.511202198
L28G;0.590243524
L28F;0.372228744
L28I;0.389410328
L28H;0.122775811
L28K;0.654641293
L28M;0.584140994
L28N;0.506721496
L28Q;0.465739055
L28P;0.438703822
L28S;0.447082044
L28R;0.533187159
L28T;0.496633138
L28W;0.597483942
L28V;0.536108527
L28Y;0.527748086
E29A;0.417687671
E29C;0.319142249
E29D;0.851768292
E29G;0.501901147
E29F;0.396758421
E29I;0.028772336
E29H;0.350086402
E29K;0.216148136
E29M;0.466124547
E29L;0.211570991
E29N;0.4948478
E29Q;0.524680322
E29P;0.279582616
E29S;0.553113555
E29R;0.443415242
E29T;0.438543537
E29W;0.080951218
E29V;0.28182048
E29Y;0.347218486
L30A;0.866099579
L30C;0.461484952
L30E;0.185832947
L30D;0.66033593
L30G;0.507225978
L30F;0.850433389
L30I;0.808717017
L30H;0.09313512
L30K;0.29873885
L30M;0.614707626
L30N;0.138235797
L30Q;0.417797645
L30P;-0.325492557
L30S;0.578786978
L30R;0.399919079
L30T;0.679919528
L30W;0.8302524
L30V;0.651711449
L30Y;0.539921434
I31A;1.029784452
I31C;1.273969716
I31E;0.280892179
I31D;0.470581839
I31G;0.459443105
I31F;1.299433918
I31H;0.723932398
I31K;0.835248542
I31M;0.186510879
I31L;0.873844214
I31N;0.553860424
I31Q;0.836958734
I31P;0.75406728
I31S;1.168531853
I31R;0.746631071
I31T;0.934747129
I31W;0.870779079
I31V;1.44385281
I31Y;0.655637022
K32A;0.613816875
K32C;0.748407116
K32E;0.868502722
K32D;0.787773303
K32G;0.619997389
K32F;0.579131622
K32I;0.692940981
K32H;1.016102206
K32M;0.810724048
K32L;0.64359388
K32N;0.787128839
K32Q;0.672700354
K32P;0.66186915
K32S;0.805352252
K32R;1.034415603
K32T;0.919093137
K32W;0.494599846
K32V;0.78818967
K32Y;0.794018191
E33A;0.637775733
E33C;0.559499236
E33D;0.838044833
E33G;0.478755563
E33F;0.566737252
E33I;0.518681217
E33H;0.730057466
E33K;0.474099911
E33M;0.636908809
E33L;0.457276097
E33N;0.638106638
E33Q;0.538155224
E33P;0.165843826
E33S;0.810029354
E33R;0.477583073
E33T;0.561220613
E33W;0.521394763
E33V;0.675197341
E33Y;0.6239884
P34A;0.671165081
P34C;1.129436054
P34E;0.415543067
P34D;0.462331012
P34G;0.837818275
P34F;0.271443762
P34I;0.932224822
P34H;0.620239009
P34K;0.232018171
P34M;0.702406184
P34L;0.652261691
P34N;0.774366879
P34Q;0.536237408
P34S;0.81092938
P34R;0.411012462
P34T;0.864109471
P34W;0.354011839
P34V;1.30959815
P34Y;0.365455323
V35A;0.397714599
V35C;0.711027768
V35E;0.337665284
V35D;0.257969424
V35G;0.394240168
V35F;0.487734365
V35I;0.764026204
V35H;0.642139292
V35K;0.216195709
V35M;0.022171673
V35L;0.582840884
V35N;0.345898912
V35Q;0.449779289
V35P;0.147393901
V35S;0.288812069
V35R;0.342754399
V35T;0.564702045
V35W;0.475734076
V35Y;0.274108471
S36A;1.137681731
S36C;0.687040432
S36E;0.91462345
S36D;0.311700422
S36G;0.62216971
S36F;2.067007146
S36I;2.611136927
S36H;0.629141195
S36K;0.706453752
S36M;1.088908787
S36L;1.530581727
S36N;0.716893257
S36Q;0.802198192
S36P;0.33013989
S36R;0.700807312
S36T;1.032270204
S36W;0.681144625
S36V;1.55768896
S36Y;1.147508188
T37A;0.38716885
T37C;0.297055364
T37E;0.030771382
T37D;0.549876779
T37G;0.860986375
T37F;0.398028767
T37I;0.320614109
T37H;0.139989242
T37K;0.152518956
T37M;0.704530824
T37L;0.548870142
T37N;0.149448578
T37Q;0.332478742
T37P;0.507405427
T37S;0.597592715
T37R;0.282190697
T37W;-0.008164973
T37V;0.403896593
T37Y;0.086713727
K38A;1.079199785
K38C;0.699070851
K38E;0.760138564
K38D;1.174073972
K38G;1.187089541
K38F;0.815872873
K38I;1.024331941
K38H;0.950478135
K38M;0.893301199
K38L;1.025008477
K38N;1.221109002
K38Q;0.883944896
K38P;0.875038555
K38S;1.691113099
K38R;0.690573177
K38T;1.071544807
K38W;-0.350730392
K38V;1.314652025
K38Y;0.86417307
C39A;0.251428565
C39E;0.36492812
C39D;0.110100408
C39G;0.251931938
C39F;0.284964411
C39I;0.250962173
C39H;0.035734759
C39K;0.294870019
C39M;-0.381950827
C39L;0.328823884
C39N;0.199238458
C39Q;0.217446629
C39P;0.292704226
C39S;0.219747052
C39R;0.337410369
C39T;0.246951542
C39W;-0.107659835
C39V;0.252448506
C39Y;0.03006577
D40A;0.785867484
D40C;0.549200945
D40E;0.513685289
D40G;1.581883243
D40F;0.395272876
D40I;0.467778047
D40H;0.783288688
D40K;1.069831049
D40M;0.900482768
D40L;0.422662262
D40N;0.769371494
D40Q;0.935203002
D40P;0.2986811
D40S;0.86677924
D40R;0.89967136
D40T;0.904875254
D40W;0.351891376
D40V;0.52029897
D40Y;0.774089117
H41A;0.361611567
H41C;0.379682481
H41E;0.263602688
H41D;0.369582326
H41G;0.355856177
H41F;0.193099444
H41I;0.236164048
H41K;0.183125348
H41M;0.191404037
H41L;0.261425035
H41N;0.354181911
H41Q;0.070385463
H41P;0.199518748
H41S;0.421937332
H41R;0.31768073
H41T;0.246849181
H41W;0.027660727
H41V;0.19083684
H41Y;0.144532127
I42A;0.510199708
I42C;-0.241872434
I42E;0.49376986
I42D;-0.324427009
I42G;0.531174476
I42F;0.847776488
I42H;0.576955613
I42K;0.303931818
I42M;0.802155879
I42L;1.255989572
I42N;0.939783643
I42Q;0.545627759
I42P;0.307962404
I42S;0.430686906
I42R;0.511199561
I42T;0.361254405
I42W;1.989098413
I42V;0.855011929
I42Y;1.30709393
F43A;0.144446668
F43C;0.240693872
F43E;0.086765455
F43D;0.310185102
F43G;0.26727794
F43I;0.437243282
F43H;0.084633483
F43K;-0.2478935
F43M;0.401902409
F43L;0.465672085
F43N;0.272943131
F43Q;-0.286292601
F43P;0.048154041
F43S;0.267050886
F43R;0.417076519
F43T;0.296463062
F43W;-0.049814555
F43V;0.509702405
F43Y;1.32480508
C44A;0.246991885
C44E;0.271242348
C44D;0.37657205
C44G;0.297392332
C44F;0.032845222
C44I;0.235904498
C44H;0.410971932
C44K;0.12668103
C44M;0.16885167
C44L;0.265618047
C44N;0.131154518
C44Q;-0.405789464
C44P;0.354796193
C44S;0.368143295
C44R;0.286948662
C44T;-0.050678183
C44W;0.118324741
C44V;0.07014336
C44Y;0.266852621
K45A;0.496853316
K45C;0.340679059
K45E;0.588572692
K45D;0.510277153
K45G;0.385163058
K45F;0.176307982
K45I;0.113524315
K45H;0.101130094
K45M;0.111551968
K45L;0.372629826
K45N;0.577717718
K45Q;0.600458206
K45P;0.149374846
K45S;0.633052995
K45R;0.791697587
K45T;0.299483415
K45W;-0.1014129
K45V;0.35349271
K45Y;0.574095124
F46A;2.05983863
F46C;1.137953681
F46E;2.034725659
F46D;1.727370777
F46G;1.582090275
F46I;1.086701668
F46H;1.229662348
F46K;0.840182403
F46M;1.375877041
F46L;0.951332478
F46N;1.544813473
F46Q;1.860357781
F46P;2.138051766
F46S;2.226289186
F46R;1.549871946
F46T;1.718625151
F46W;0.110544502
F46V;1.104372881
F46Y;0.904135878
C47A;0.006225524
C47E;0.417991062
C47D;0.401539175
C47G;0.228216374
C47F;-0.21372722
C47I;-0.22869729
C47H;-0.393890634
C47K;-0.36846015
C47M;0.009403573
C47L;0.266484637
C47N;0.319639344
C47Q;-0.368675697
C47P;0.351749173
C47S;0.215113477
C47R;0.285105685
C47T;0.116141089
C47W;0.004387042
C47V;0.097701072
C47Y;0.339822022
M48A;0.297652313
M48C;-0.064501945
M48G;0.043244684
M48F;-0.425999009
M48I;0.729676186
M48H;-0.081784469
M48K;0.645374842
M48L;1.086897563
M48N;-0.313865743
M48P;-0.237826248
M48S;0.229914413
M48R;-0.335617944
M48T;0.199737446
M48V;0.691917259
M48Y;0.262863163
L49A;0.671007675
L49C;0.912893002
L49E;0.857337899
L49D;1.01526616
L49G;0.860980831
L49F;1.17499137
L49I;0.912595255
L49H;0.78247854
L49K;0.392613895
L49M;0.671571017
L49N;1.279750481
L49Q;1.000352522
L49P;0.576606011
L49S;1.136637307
L49R;0.755048929
L49T;0.71646558
L49W;0.855342615
L49V;1.094634751
L49Y;0.822838075
K50A;0.552861728
K50C;0.357374048
K50E;0.839174173
K50D;0.527524919
K50G;0.459755896
K50F;0.516039889
K50I;0.591111855
K50H;0.570765384
K50M;0.784009571
K50L;0.465274488
K50N;0.294630392
K50Q;0.953900397
K50P;0.343129255
K50S;0.49866475
K50R;0.796496376
K50T;1.119450747
K50W;0.297072208
K50V;0.592042406
K50Y;0.640775511
L51A;0.572122405
L51C;0.460113411
L51E;0.552642112
L51D;0.197273442
L51G;0.39680285
L51F;1.850012512
L51I;0.827150321
L51H;1.46858644
L51K;0.477511149
L51M;0.552442761
L51N;0.535985979
L51Q;0.356064809
L51P;0.433897025
L51S;0.52568391
L51R;0.320877723
L51T;0.490495807
L51W;4.109530027
L51V;1.069652784
L51Y;1.752983611
L52A;0.032443675
L52C;0.773698233
L52E;0.587224629
L52D;0.614260049
L52G;0.237564957
L52F;0.787480327
L52I;0.814966255
L52H;0.344921478
L52K;0.625472058
L52M;-0.222901616
L52N;0.325195837
L52Q;0.466259372
L52P;0.541430498
L52S;0.355251745
L52R;0.394942809
L52T;0.459677385
L52W;0.372116135
L52V;0.758197034
L52Y;0.636531171
N53A;0.917936043
N53C;1.14538615
N53E;1.086904491
N53D;1.078054156
N53G;0.790746069
N53F;0.469249421
N53I;0.52980416
N53H;1.084545879
N53K;0.721229721
N53M;-0.387976107
N53L;0.695211328
N53Q;0.980100471
N53P;0.340375235
N53S;0.953193527
N53R;0.538874384
N53T;0.345225155
N53W;-0.221152528
N53V;0.454167313
N53Y;0.446357599
Q54A;0.725565321
Q54C;0.665090322
Q54E;0.678426376
Q54D;0.797302488
Q54G;0.78096444
Q54F;0.813532758
Q54I;1.058191148
Q54H;0.361841408
Q54K;0.504962676
Q54M;1.573535501
Q54L;1.094840698
Q54N;0.767070209
Q54P;0.2753033
Q54S;0.770325308
Q54R;0.607220679
Q54T;0.581411875
Q54W;0.640134812
Q54V;0.750866111
Q54Y;1.466013085
K55A;0.69247961
K55C;0.523995972
K55E;0.721400326
K55D;0.933487226
K55G;0.454564306
K55F;0.708964003
K55I;0.623518593
K55H;0.61305929
K55M;0.196851294
K55L;0.59202836
K55N;0.747561072
K55Q;-0.079338938
K55P;-0.039726345
K55S;0.900740174
K55R;0.918058067
K55T;0.754636709
K55W;0.289965831
K55V;0.620603032
K55Y;0.928354352
K56A;0.875715121
K56C;0.978175481
K56E;0.860381454
K56D;0.972450259
K56G;0.782846188
K56F;0.566870226
K56I;0.740368166
K56H;1.053512374
K56M;1.037520643
K56L;0.679287917
K56N;1.096807841
K56Q;0.564198362
K56P;0.678412162
K56S;0.921320784
K56R;0.907438573
K56T;1.091397984
K56W;0.506864162
K56V;0.842374862
K56Y;0.729283757
G57A;0.384280944
G57C;0.794695432
G57E;0.957900558
G57D;0.161253962
G57F;0.572626503
G57I;0.549400584
G57H;-0.37160705
G57K;0.142899629
G57M;0.920666951
G57L;0.738481566
G57N;-0.134489281
G57P;-0.36532488
G57S;0.669266417
G57R;0.575138183
G57T;1.057786257
G57W;0.548278547
G57V;0.577156091
G57Y;0.368686011
P58A;1.367677444
P58C;-0.259884701
P58E;0.416862411
P58D;0.649648841
P58G;1.004441154
P58F;0.763108317
P58I;0.624040912
P58H;0.891541595
P58K;1.269563967
P58M;0.17903937
P58L;0.778214681
P58N;1.027954191
P58Q;-0.401538838
P58S;0.992417094
P58R;0.863428224
P58T;0.358170481
P58V;1.069398362
P58Y;0.368624953
S59A;0.900284362
S59C;-0.110101999
S59E;0.680709768
S59D;0.020694843
S59G;1.105579375
S59F;0.269871736
S59I;0.4817444
S59H;-0.102647092
S59K;0.763507871
S59M;0.839241219
S59L;0.470074601
S59N;0.355117338
S59Q;0.099768633
S59P;0.368649036
S59R;0.511046303
S59T;0.551539367
S59W;0.556632905
S59V;0.605887463
S59Y;0.66875198
Q60C;-0.377559399
Q60E;0.151126574
Q60G;0.665330423
Q60F;-0.261448385
Q60I;0.793190915
Q60H;-0.400819043
Q60K;0.632076159
Q60L;0.556576358
Q60P;1.169909262
Q60S;0.726705295
Q60R;0.516663071
Q60T;0.488989093
Q60W;-0.339264947
Q60V;0.902537023
Q60Y;0.323099568
C61A;-0.367799037
C61E;-0.341901783
C61D;-0.39882022
C61G;-0.069303929
C61F;0.332044011
C61I;0.521586986
C61H;0.025519244
C61K;0.04661142
C61M;0.150589573
C61L;0.357245096
C61N;-0.300989399
C61Q;-0.152466941
C61P;0.467812422
C61S;0.415539622
C61R;0.085290376
C61T;-0.02433699
C61W;0.254097223
C61V;-0.158161085
C61Y;-0.034894729
P62A;0.16139845
P62C;-0.161975377
P62E;-0.401601363
P62D;-0.274876801
P62G;-0.333798863
P62F;0.099182232
P62I;-0.262696848
P62H;0.374939143
P62K;-0.197598369
P62M;-0.367906568
P62L;0.271895096
P62N;0.181049141
P62Q;-0.385749997
P62S;0.1228074
P62R;-0.400262964
P62T;0.438013447
P62V;-0.26079881
P62Y;-0.263162335
L63A;0.499840575
L63C;0.878028767
L63E;0.534511056
L63D;0.447066056
L63G;0.437499766
L63F;0.188409133
L63I;0.078883271
L63H;0.15435187
L63K;0.539721506
L63M;1.051847135
L63N;-0.017237086
L63Q;0.128870895
L63P;0.198672954
L63S;0.52774237
L63R;0.259134407
L63T;0.263837774
L63W;0.448492902
L63V;0.424958669
L63Y;0.465689837
C64A;0.224281399
C64E;0.36296552
C64D;0.345327746
C64G;0.264786499
C64F;0.26432212
C64I;0.060262258
C64H;-0.170827473
C64K;0.241630725
C64M;0.279021215
C64L;0.215051026
C64N;0.016665781
C64Q;0.164041189
C64P;0.12504592
C64S;0.154998584
C64R;0.272960537
C64T;0.45635905
C64W;0.044371897
C64V;0.248193638
C64Y;0.226962595
K65A;0.071594015
K65C;0.444938628
K65E;0.527866074
K65D;-0.353231031
K65G;0.02485458
K65F;-0.089376577
K65I;0.285697967
K65H;-0.370065833
K65M;0.099629763
K65L;0.132662305
K65N;0.483473515
K65Q;-0.04000957
K65P;0.426578135
K65S;0.534883724
K65R;2.349480602
K65T;0.027699246
K65W;0.183478394
K65V;0.330273905
K65Y;0.395982772
N66A;1.031475036
N66E;-0.256109692
N66D;0.368180076
N66F;-0.359060147
N66I;0.798185242
N66H;-0.385673754
N66K;0.937397629
N66M;1.203872708
N66L;0.566229569
N66P;0.29903088
N66S;0.795142961
N66R;2.000859315
N66T;0.941956577
N66W;-0.141109515
N66V;0.637726293
N66Y;0.67970768
D67A;0.855996041
D67C;0.621579658
D67E;0.995862762
D67G;1.088469499
D67F;0.858466279
D67I;0.440307521
D67H;1.236599064
D67K;1.666467913
D67M;0.37447805
D67L;1.05357321
D67N;1.051570011
D67Q;1.018436989
D67P;0.965485508
D67S;0.811352571
D67R;0.578143089
D67T;-0.076786285
D67W;0.795778987
D67V;0.922074862
D67Y;0.543426053
I68A;0.512317552
I68C;0.250603702
I68E;-0.137034581
I68D;0.296129091
I68G;0.438777676
I68F;0.595403906
I68H;0.065786071
I68K;0.54802345
I68M;0.598043175
I68L;0.689027493
I68N;0.56449387
I68Q;-0.109138941
I68P;0.172711155
I68S;0.363494255
I68R;0.273280396
I68T;0.647424252
I68W;0.198058834
I68V;0.967592863
I68Y;0.455822449
T69A;0.235224776
T69C;0.911684986
T69E;1.227772691
T69D;0.808447429
T69G;0.40991368
T69F;0.12734318
T69I;0.546557862
T69H;0.776446829
T69K;-0.339369865
T69M;1.034352049
T69L;0.839414729
T69N;0.877115171
T69Q;0.301666307
T69P;0.615404168
T69S;0.834770261
T69R;0.480334399
T69W;0.725913037
T69V;0.78663567
T69Y;0.77066278
K70A;1.039601073
K70C;0.689603562
K70E;0.542695314
K70D;0.260060871
K70G;0.50015514
K70F;-0.142471792
K70I;0.626713419
K70H;-0.100030195
K70M;0.609206847
K70L;0.923888447
K70N;1.101600731
K70Q;1.245828719
K70P;0.87879733
K70S;0.932225572
K70R;0.60567227
K70T;-0.014916181
K70W;0.770428306
K70V;1.138173092
K70Y;0.489493986
R71A;1.583074319
R71C;0.918488466
R71E;0.952291576
R71D;1.096413743
R71G;1.093084402
R71F;1.265569794
R71I;1.151278258
R71H;0.693142055
R71K;0.684256454
R71M;0.604412458
R71L;1.199606705
R71N;0.830676323
R71Q;1.121800265
R71P;0.981627122
R71S;1.433782554
R71T;0.591960937
R71W;0.760194067
R71V;0.963569431
R71Y;1.364874154
S72C;0.353780843
S72D;0.012294097
S72G;0.670162699
S72F;0.593425674
S72I;-0.122022854
S72K;0.320677461
S72L;0.760014595
S72N;0.817462424
S72P;0.750253321
S72R;0.387176597
S72T;0.86094011
S72W;0.089352868
S72Y;0.025135143
L73C;0.427435935
L73E;-0.389441561
L73D;0.631021061
L73F;-0.080139072
L73I;0.412383298
L73H;-0.377206402
L73K;-0.267300341
L73N;0.789015819
L73Q;-0.430749597
L73P;-0.06574193
L73R;0.384776492
L73W;-0.035536081
L73V;-0.033301896
L73Y;0.189119787
Q74A;0.6517952
Q74C;0.315357116
Q74D;-0.26026805
Q74G;1.032543755
Q74F;0.946890477
Q74I;1.247123024
Q74H;0.815010114
Q74K;1.002060294
Q74L;0.874542838
Q74N;0.153738603
Q74P;0.626540039
Q74S;0.502071838
Q74R;0.711366696
Q74T;-0.030774593
Q74V;1.555802115
Q74Y;1.383788393
E75A;-0.211453111
E75C;0.125972103
E75D;0.080754095
E75G;0.542769264
E75I;1.346510687
E75H;-0.116938632
E75K;0.521483028
E75M;0.142666268
E75L;0.510525326
E75N;-0.382528671
E75Q;-0.283502178
E75P;0.829800199
E75S;-0.133333451
E75R;1.018655322
E75T;0.226583992
E75W;-0.208657368
E75V;1.041941784
E75Y;-0.019097913
S76A;1.253371729
S76C;1.835857469
S76D;1.590195012
S76G;1.74496732
S76F;-0.208657368
S76I;2.22915426
S76K;-0.294079671
S76M;1.346157221
S76L;1.665844941
S76N;1.363062519
S76Q;1.801828754
S76P;0.261006881
S76R;0.650634862
S76T;-0.311071469
S76V;1.656790116
S76Y;-0.295574439
T77A;0.85460167
T77E;-0.331629807
T77D;0.46906878
T77G;0.834843731
T77F;1.331502811
T77I;0.906306986
T77K;0.845604798
T77M;0.60309795
T77L;0.929031632
T77Q;-0.296052467
T77P;1.50970354
T77S;0.77914566
T77R;0.476476281
T77V;0.895959403
T77Y;-0.099095209
R78A;1.102208168
R78C;0.417143284
R78E;1.116338955
R78D;0.625408131
R78G;1.747130091
R78I;1.175938454
R78H;0.472046485
R78K;0.839281577
R78M;1.239567441
R78L;1.324290304
R78N;1.2434384
R78Q;0.075530663
R78P;0.723498446
R78S;0.928147481
R78T;-0.049080937
R78W;2.350666318
R78V;1.507346393
R78Y;0.857670428
F79A;1.37042893
F79C;1.164087763
F79E;0.727467083
F79D;1.257864791
F79G;1.006755887
F79I;1.640367285
F79H;1.309173282
F79K;0.206784203
F79M;1.955299196
F79L;1.867466695
F79N;0.950229988
F79Q;0.034924962
F79P;0.731036356
F79S;1.521721885
F79R;0.217303511
F79T;1.809637836
F79W;0.658248933
F79V;2.148362936
F79Y;1.164067939
S80A;0.697229436
S80C;0.215424128
S80E;1.311355712
S80D;-0.319952558
S80G;1.591254317
S80F;0.155667823
S80I;0.740007553
S80H;0.974716777
S80K;0.782860033
S80M;0.133487977
S80L;0.552874871
S80N;0.646831225
S80Q;-0.325668814
S80P;1.635449531
S80R;0.666918669
S80T;1.130027174
S80W;0.283903023
S80V;0.642642848
S80Y;0.028913839
Q81A;0.612008793
Q81C;0.478616519
Q81E;1.030715676
Q81D;0.818735944
Q81G;0.575653828
Q81F;0.602439995
Q81I;0.736993089
Q81H;0.910050881
Q81K;0.886581464
Q81M;0.365455798
Q81L;1.053370555
Q81N;0.21953362
Q81P;0.888638886
Q81S;1.081211908
Q81R;0.900536707
Q81T;-0.169735195
Q81W;-0.263846391
Q81V;1.117294474
Q81Y;0.646153161
L82A;0.299615722
L82C;0.151562858
L82D;-0.295305926
L82G;-0.258439613
L82F;0.708608372
L82I;1.05842573
L82H;0.346700183
L82K;
L82M;0.610713685
L82N;-0.05471752
L82Q;0.676559219
L82P;-0.004403334
L82S;0.111096882
L82R;-0.244094323
L82T;0.353738603
L82W;0.123041323
L82V;0.721125534
L82Y;0.762398473
V83A;0.420216434
V83C;-0.158520844
V83E;0.1889539
V83D;0.252412192
V83G;0.883700381
V83F;0.457931606
V83I;0.80935802
V83H;0.201548868
V83K;0.707790262
V83M;0.224736018
V83L;0.174011555
V83N;0.531626082
V83Q;0.589821068
V83P;0.602131646
V83S;1.072751747
V83R;0.483150974
V83T;0.921257505
V83W;0.70378942
V83Y;-0.384152453
E84A;1.013655925
E84C;0.848358172
E84D;0.702436278
E84G;0.145279664
E84F;0.603927524
E84I;0.470567127
E84H;-0.05988602
E84K;0.526859327
E84M;0.65191157
E84L;0.533675986
E84N;-0.17857952
E84Q;-0.437144739
E84P;1.339782466
E84S;0.644460535
E84R;0.711903599
E84T;0.309664639
E84V;0.667148864
E84Y;0.232618689
E85A;0.586406643
E85C;0.871637279
E85D;0.654655767
E85G;1.202364073
E85F;0.097997783
E85I;0.622490429
E85H;-0.321265883
E85K;0.648652741
E85M;0.139258378
E85L;0.664394117
E85N;0.628510485
E85Q;0.140909451
E85P;1.434712483
E85S;0.986029101
E85R;0.857926242
E85T;0.505775786
E85W;-0.39728088
E85V;0.667700338
E85Y;0.392104939
L86A;0.832799382
L86C;0.950350721
L86E;-0.374761322
L86D;-0.39693801
L86G;0.670239078
L86F;1.777583778
L86I;0.991874629
L86H;0.737659031
L86K;-0.337266239
L86M;1.037219589
L86N;0.104822202
L86Q;0.343679029
L86P;0.028603368
L86S;0.615736369
L86R;-0.250294269
L86T;0.387722301
L86V;0.813169243
L86Y;1.281213217
L87A;0.980841052
L87C;0.050342122
L87E;0.203127818
L87D;0.853797494
L87G;0.055051823
L87F;0.648691098
L87I;0.863751282
L87H;0.681966243
L87K;1.001223105
L87M;0.878628817
L87N;0.684173483
L87Q;0.223789875
L87P;0.797704103
L87S;1.088889217
L87R;0.881388355
L87T;1.256297864
L87W;0.85439714
L87V;0.232860009
L87Y;0.957551602
K88A;1.120795979
K88C;0.858861518
K88E;0.892185566
K88D;0.996564426
K88G;0.937160862
K88F;0.721977876
K88I;0.554849806
K88H;0.911423733
K88M;0.223927271
K88L;0.807153964
K88N;1.273452483
K88Q;0.965229218
K88P;0.553637728
K88S;0.951386264
K88R;0.905415656
K88T;1.012228094
K88W;0.595942718
K88V;0.975029948
K88Y;0.417427136
I89A;0.437470029
I89C;0.146396608
I89E;-0.375361335
I89D;-0.345184116
I89G;-0.086854555
I89F;0.92366505
I89K;-0.13565345
I89M;0.690918747
I89L;1.128483405
I89N;0.026577675
I89Q;-0.321667905
I89P;-0.308916017
I89S;0.208216394
I89R;-0.388703523
I89T;0.395817333
I89W;-0.324135624
I89V;0.720843366
I89Y;0.055917776
I90A;0.646890554
I90C;0.669768221
I90E;0.265523875
I90D;-0.030031302
I90G;0.752782229
I90F;0.636319646
I90H;0.871287804
I90K;0.755551646
I90M;1.031888697
I90L;0.528278139
I90N;0.931166121
I90Q;-0.098283144
I90P;0.46795514
I90S;0.606912547
I90R;0.504172341
I90T;0.617427318
I90W;0.959575649
I90V;0.669604598
I90Y;0.221517064
C91A;1.11133687
C91E;0.160392939
C91D;1.305925674
C91G;1.017498018
C91F;1.142825229
C91I;0.663645455
C91H;1.033348534
C91K;1.094304181
C91M;0.987822866
C91L;0.930578168
C91N;1.373601932
C91Q;1.189865536
C91P;0.472996141
C91S;1.088289899
C91R;0.948457732
C91T;1.191394419
C91W;1.037082216
C91V;0.993099092
C91Y;1.168998411
A92C;0.372813646
A92E;-0.382523556
A92D;0.438453551
A92G;-0.400186455
A92F;-0.342694259
A92I;0.419578222
A92H;0.189067466
A92K;-0.39136654
A92L;-0.159903001
A92N;-0.363329873
A92Q;-0.333385731
A92P;-0.428556725
A92S;0.646752539
A92R;-0.218999543
A92T;0.341047697
A92W;-0.346050775
A92V;0.205668509
A92Y;-0.416496498
F93A;0.168694428
F93C;-0.030267812
F93E;-0.264200334
F93D;-0.339177549
F93G;-0.171396967
F93I;0.547372005
F93H;0.152045934
F93K;-0.233544644
F93M;-0.149011703
F93L;0.324755152
F93N;0.09956542
F93Q;-0.081231284
F93P;0.224123491
F93S;0.113397396
F93R;-0.135478642
F93T;0.226051135
F93W;0.586749818
F93V;0.339176191
F93Y;0.822324994
Q94A;0.574378771
Q94C;0.425297609
Q94E;1.07177211
Q94D;0.282923164
Q94G;0.72554132
Q94F;0.199624904
Q94I;0.323811041
Q94H;0.798365519
Q94K;0.535655231
Q94M;0.467301038
Q94L;0.247162131
Q94N;0.827388733
Q94P;0.288495875
Q94S;0.659699617
Q94R;0.736083826
Q94T;0.744853195
Q94W;0.359476292
Q94V;0.461330841
Q94Y;0.582083528
L95A;0.755176492
L95C;0.04424093
L95E;1.047978749
L95D;0.982070272
L95G;0.301909872
L95F;0.78256774
L95I;0.883033344
L95H;0.877141153
L95K;0.765585162
L95M;0.723654232
L95N;0.208834137
L95Q;0.629215347
L95P;0.105080213
L95S;0.596377396
L95R;1.044479531
L95T;0.757045002
L95W;0.801073896
L95V;0.843130149
L95Y;0.30399684
D96A;-0.001531218
D96C;0.062703971
D96E;0.235214055
D96G;0.152407939
D96F;-0.005680329
D96I;-0.224061878
D96H;0.086503631
D96K;-0.385558812
D96L;0.133148228
D96N;0.060394826
D96Q;-0.369299948
D96P;0.458100792
D96S;0.109736095
D96R;0.115382213
D96T;0.043656551
D96V;-0.17843981
D96Y;0.139255187
T97A;0.320322679
T97E;-0.324473909
T97D;-0.424424483
T97G;-0.368550504
T97F;-0.359039212
T97I;0.885738827
T97K;0.260829645
T97M;-0.154793914
T97L;0.307586187
T97Q;-0.36724133
T97P;-0.186847572
T97S;0.044442796
T97R;0.249607485
T97W;0.18449523
T97V;0.313455748
G98C;0.299316116
G98D;0.573946879
G98F;-0.337174759
G98S;0.50421206
G98R;0.418013324
G98V;-0.047371803
L99C;-0.292916774
L99E;0.673243772
L99G;0.07093069
L99F;0.703090834
L99I;0.595767367
L99M;-0.397904782
L99P;-0.316913223
L99S;1.037063157
L99R;0.868299188
L99T;0.960728933
L99W;-0.208657368
L99V;0.177775229
E100A;0.521073647
E100C;0.774178966
E100D;0.731308748
E100G;0.432270629
E100F;-0.433435127
E100I;1.185870949
E100K;0.880666915
E100M;-0.299850722
E100L;0.774629737
E100N;0.839219718
E100Q;-0.336895965
E100P;0.607684762
E100S;0.937036578
E100R;0.877569758
E100T;0.483276212
E100W;-0.413176696
E100V;0.848582926
E100Y;0.227810962
Y101C;-0.062914426
Y101G;-0.257706613
Y101F;1.023238535
Y101H;-0.408797426
Y101K;-0.17355274
Y101M;1.0835509
Y101L;0.32382097
Y101N;0.730243912
Y101P;0.852694203
Y101S;0.784795481
Y101R;0.740527117
Y101T;0.073604757
Y101V;-0.135276211
A102C;-0.121549277
A102E;0.419806196
A102G;0.306105251
A102H;0.536670977
A102L;0.611210592
A102N;-0.359166812
A102Q;1.51991154
A102P;0.763647123
A102S;0.939555673
A102T;0.895931151
A102V;0.727389229
A102Y;-0.381679335
N103A;-0.33629326
N103G;-0.265128143
N103I;0.918789046
N103K;0.708076675
N103M;-0.215741603
N103L;1.048556732
N103P;-0.15781596
N103S;1.1832471
N103R;-0.174876273
N103T;1.005077237
N103W;-0.077931797
N103V;0.144278339
N103Y;1.261136853
S104E;-0.111538292
S104D;-0.321530177
S104G;-0.28169993
S104F;-0.367938391
S104I;0.45414613
S104H;0.144648639
S104M;1.310532562
S104L;-0.373331695
S104N;0.564683111
S104R;0.863945076
S104T;0.996840179
S104W;-0.395814884
S104V;-0.125205701
Y105A;-0.427752028
Y105C;0.715212254
Y105E;1.086509207
Y105D;0.718286846
Y105F;0.839206985
Y105I;0.698797089
Y105H;1.167587254
Y105K;0.17325935
Y105L;0.596613048
Y105N;-0.323073571
Y105Q;-0.334206754
Y105P;-0.272581853
Y105R;0.748947578
Y105T;1.077951076
Y105W;1.032024412
Y105V;0.415062407
N106A;0.132997071
N106C;0.602495883
N106E;0.82833927
N106D;1.057295743
N106G;0.646713281
N106F;0.256174751
N106I;1.210351409
N106H;-0.337721919
N106K;0.999716401
N106M;-0.439666825
N106L;0.693252752
N106P;0.973663022
N106S;0.705466304
N106R;0.416321264
N106T;0.740802463
N106W;0.335501427
N106V;1.499675482
N106Y;0.951141257
F107A;0.637414465
F107C;1.157675341
F107E;0.401988429
F107D;0.561091212
F107G;0.70535682
F107I;0.843234523
F107H;0.225881622
F107K;0.791298734
F107M;0.327138911
F107L;1.073223534
F107N;0.801314581
F107Q;1.105873114
F107P;1.073835156
F107S;0.944323812
F107R;0.883364187
F107T;0.774620509
F107W;0.450725904
F107V;0.570608608
F107Y;1.058128783
A108C;0.79556858
A108E;0.894068986
A108D;0.442810618
A108G;-0.362279125
A108F;-0.33045449
A108I;0.414461138
A108K;0.991078997
A108L;0.907003046
A108N;0.053569781
A108Q;0.422815676
A108S;0.412821417
A108R;-0.364809078
A108T;0.959068465
A108W;-0.070028416
A108V;0.852501868
K109A;-0.144135201
K109C;-0.435904322
K109E;-0.357868564
K109G;-0.36884299
K109F;1.144013484
K109I;0.802194512
K109H;1.501705191
K109L;1.007358627
K109N;0.551458739
K109Q;0.305985006
K109P;-0.062826479
K109S;0.981665007
K109R;1.323305929
K109T;0.02368082
K109W;0.499634144
K109V;1.376275087
K109Y;-0.389377446
K110A;-0.316949102
K110E;0.423708695
K110D;-0.280370835
K110G;1.126097372
K110F;-0.10668886
K110I;-0.384706518
K110H;-0.254080001
K110M;-0.285921792
K110L;-0.146579379
K110N;0.825355958
K110Q;0.66186805
K110S;0.971993761
K110R;1.034216724
K110W;0.589343099
K110V;1.190431699
K110Y;-0.003423258
E111A;0.565216014
E111C;-0.214141615
E111D;0.481585244
E111G;-0.318014907
E111I;-0.073978132
E111H;0.83688561
E111K;0.742652712
E111N;0.970776685
E111P;0.692029322
E111S;0.547235232
N112A;-0.297345591
N112D;1.262241511
N112I;-0.344590821
N112K;0.144797438
N112M;-0.254594779
N112L;-0.343213787
N112Q;0.451776154
N112S;0.653821792
N112R;-0.278741923
N112T;0.663836457
N113A;-0.098684356
N113E;0.854872088
N113D;-0.2188282
N113G;0.992706991
N113I;0.962462557
N113H;-0.085925427
N113K;0.313242895
N113L;0.161344732
N113P;-0.25962144
N113S;1.006416111
N113R;0.983499502
N113T;-0.098750269
N113W;0.778065396
N113V;-0.142250478
S114A;0.833353385
S114C;0.896280519
S114D;1.190178054
S114G;0.458177704
S114F;0.592503249
S114M;1.229117464
S114L;0.842485603
S114N;0.410620871
S114Q;0.222892298
S114R;1.609862377
S114T;0.461234664
S114V;-0.083025234
S114Y;0.673769864
P115A;0.957334003
P115C;-0.233363941
P115G;0.740221279
P115F;1.020753594
P115H;0.643973864
P115L;0.802559542
P115S;0.646631337
P115R;1.00161841
P115T;0.757236293
P115V;0.979056806
E116D;-0.201949612
E116G;0.192894588
E116I;0.007832118
E116K;0.330726729
E116L;0.419882356
E116S;-0.260236307
E116R;-0.322679378
E116T;0.190444442
H117E;1.094504246
H117G;0.847027873
H117I;-0.340281196
H117K;-0.10861577
H117M;0.010088437
H117L;-0.354660907
H117N;0.884882642
H117Q;1.294810803
H117S;0.039246379
H117W;0.062354053
H117V;0.331746293
H117Y;1.155104167
L118D;0.252305571
L118F;-0.36906843
L118I;0.910728373
L118N;0.143511483
L118P;0.334183331
L118S;0.586771503
L118R;0.763047609
L118T;1.702302516
L118V;0.150279833
L118Y;0.309305032
K119A;-0.275110404
K119C;-0.325081601
K119E;-0.105688782
K119D;0.036039698
K119G;1.103352613
K119F;-0.305680322
K119I;0.817094759
K119H;1.008143769
K119L;0.944028245
K119N;1.054994423
K119Q;0.693203518
K119S;0.469181355
K119R;0.631927159
K119W;0.642088265
K119V;0.093660771
K119Y;0.904386978
D120C;-0.300031732
D120E;0.248447459
D120G;0.73214625
D120F;-0.371611005
D120L;-0.317620641
D120N;0.893101395
D120P;-0.380689656
D120S;-0.208657368
D120R;0.563128288
D120V;-0.151352254
D120Y;0.503215471
E121A;0.178280028
E121C;-0.050693975
E121D;0.826303298
E121G;1.029062141
E121F;-0.367793953
E121I;-0.208657368
E121H;1.265399213
E121K;0.136225087
E121L;0.484641239
E121Q;-0.141572408
E121P;0.886883461
E121S;1.103516688
E121R;-0.228672426
E121T;0.976409489
E121V;0.718589517
E121Y;0.069217643
V122C;0.957437772
V122E;0.522125376
V122D;-0.146987161
V122G;1.119578162
V122F;0.171552977
V122I;0.96285156
V122H;1.09393006
V122K;-0.300529101
V122L;0.891415723
V122N;0.841781454
V122P;0.088354964
V122S;0.71093019
V122R;-0.133907464
V122T;0.644130399
V122W;0.77430042
V122Y;0.816983011
S123A;1.224115005
S123C;-0.249973976
S123E;-0.358526581
S123D;-0.392663703
S123G;0.059246166
S123F;0.096382427
S123H;0.208697456
S123K;-0.175594349
S123N;0.606231436
S123Q;-0.34909742
S123P;0.064061302
S123R;0.507909437
S123W;-0.208212133
S123V;1.360764679
S123Y;0.849175401
I124A;1.177813565
I124C;0.084352652
I124E;0.018649716
I124D;0.493641146
I124G;1.001309727
I124F;1.24700751
I124H;1.507231295
I124K;0.846432489
I124M;1.173637244
I124L;1.014019251
I124N;1.124869381
I124Q;0.738360736
I124P;0.887194137
I124S;1.39385676
I124R;-0.375114546
I124T;0.695654377
I124V;0.438759787
I124Y;0.903576997
I125A;0.251045758
I125E;0.927874341
I125D;0.878757707
I125G;0.825809076
I125F;0.721670611
I125H;0.6319067
I125K;0.424680206
I125M;1.497281244
I125L;0.723648275
I125N;0.922767953
I125P;0.982267943
I125S;0.948804511
I125R;0.836892233
I125T;0.836149535
I125V;0.780052874
I125Y;1.271427696
Q126A;0.981818852
Q126C;0.68751638
Q126E;1.038637704
Q126D;1.207816448
Q126G;0.815180578
Q126F;0.554624098
Q126I;0.284269472
Q126H;0.878388024
Q126K;1.080300143
Q126M;0.557157375
Q126L;0.448312997
Q126N;0.938452081
Q126P;0.917087003
Q126S;1.115683337
Q126R;1.01185263
Q126T;0.920708357
Q126W;0.400431075
Q126V;0.419258403
Q126Y;0.775982505
S127A;1.081678972
S127C;0.678134102
S127E;0.913939891
S127D;1.037435962
S127G;0.971662829
S127F;0.907442565
S127I;0.514363194
S127H;-0.088261417
S127K;0.62914439
S127M;0.620581059
S127L;0.978922544
S127N;1.099844007
S127Q;1.079856595
S127P;1.179344348
S127R;0.99216755
S127T;1.261208254
S127W;0.583049554
S127V;0.861286473
S127Y;0.849762078
M128A;-0.071431671
M128C;0.45667912
M128E;0.940389409
M128D;0.654549204
M128G;0.237685323
M128F;-0.353912398
M128I;1.052182705
M128H;0.92355376
M128K;1.076255253
M128L;1.134425092
M128Q;-0.230215537
M128P;-0.31358049
M128S;0.397615045
M128R;0.451647801
M128T;1.113522351
M128W;1.562868854
M128V;0.910844107
M128Y;-0.28278688
G129A;1.183557341
G129C;0.705347026
G129E;1.103258557
G129D;1.007658883
G129F;0.568943644
G129I;0.262266565
G129L;-0.189194522
G129N;0.666717446
G129S;0.154868084
G129R;1.237362832
G129T;-0.302930487
G129V;0.514107959
G129Y;0.494120459
Y130A;0.092587722
Y130C;0.493015375
Y130E;-0.412597606
Y130D;0.801048046
Y130G;-0.094756716
Y130F;0.712242903
Y130I;0.914999159
Y130H;1.118604176
Y130L;0.826626606
Y130N;0.828991033
Y130Q;0.488996618
Y130P;0.840898804
Y130S;0.880660554
Y130R;0.271853966
Y130T;1.430014497
Y130W;1.066226229
Y130V;0.821396411
R131A;0.921282255
R131C;1.068572173
R131E;0.922040762
R131D;0.847421652
R131G;0.70984605
R131F;0.621001038
R131I;0.98959316
R131H;1.108096667
R131K;0.978443817
R131M;0.932994598
R131L;0.897388683
R131N;0.552920856
R131Q;0.36503537
R131P;1.462769018
R131S;1.211804054
R131T;0.950105237
R131W;1.211786226
R131V;1.023497768
R131Y;1.007019791
N132A;0.825480297
N132C;0.701415324
N132E;0.362826084
N132D;1.0958453
N132G;1.130077418
N132F;0.349538543
N132I;0.694898871
N132H;1.49531197
N132K;1.051998603
N132M;-0.348072565
N132L;0.631786791
N132Q;0.300838192
N132P;0.864589964
N132S;0.793732502
N132R;1.245236447
N132T;1.070892638
N132W;0.905684056
N132V;0.957008544
N132Y;0.932916411
R133A;1.084342176
R133C;0.515104792
R133D;0.385479513
R133G;0.744038893
R133F;1.188521007
R133I;1.002514654
R133H;0.745384965
R133L;0.773383307
R133N;-0.006471327
R133Q;0.951658885
R133P;0.98427721
R133S;1.017010276
R133T;0.660013589
R133W;-0.050529616
R133V;0.730484701
R133Y;0.783383232
A134C;-0.080707418
A134E;0.249459401
A134D;0.88094622
A134G;0.85895992
A134F;0.982883568
A134I;0.860118006
A134H;1.370167254
A134K;0.94987198
A134M;-0.195421412
A134L;0.832236116
A134N;0.948232754
A134Q;1.353788811
A134P;1.001383093
A134S;0.586643502
A134R;0.844187403
A134T;0.757794044
A134W;0.676907459
A134V;0.669336319
A134Y;1.083159011
K135A;1.425545574
K135C;0.857423992
K135E;1.010790347
K135D;1.381352468
K135G;0.674542902
K135F;0.493185927
K135I;0.733680003
K135H;0.136064674
K135M;0.293549807
K135L;0.766122994
K135N;1.408447296
K135Q;1.490711702
K135P;0.70049636
K135S;0.931642895
K135R;1.47585494
K135T;0.650122405
K135W;-0.150464071
K135V;0.906632745
K135Y;0.563965976
R136A;0.60558976
R136C;0.822673895
R136E;0.019114435
R136D;0.804938005
R136G;1.099461762
R136F;0.582754138
R136I;0.688402894
R136H;0.861163612
R136K;1.164347767
R136M;0.720449327
R136L;1.22581819
R136N;0.817509703
R136Q;0.315907996
R136P;0.736294311
R136S;0.950935786
R136T;1.123628406
R136W;0.606989163
R136V;0.610245158
R136Y;0.767372903
L137A;-0.229272903
L137C;0.751368397
L137E;1.132656499
L137D;0.579329838
L137G;0.998989097
L137F;1.022474105
L137I;0.843467066
L137H;1.470094822
L137K;0.923080759
L137M;0.540071408
L137N;0.610330747
L137Q;0.569727692
L137P;1.061479251
L137S;0.882760387
L137R;0.982022789
L137T;0.975302724
L137W;0.621141265
L137V;0.997139261
L137Y;0.9886523
L138A;1.292087142
L138C;0.81704402
L138E;1.089485434
L138D;1.251699884
L138G;0.678473526
L138F;0.826017756
L138I;1.048475211
L138H;1.067845658
L138K;1.076272983
L138M;1.197187376
L138N;0.900518462
L138Q;0.939620412
L138P;1.148251804
L138S;1.106624903
L138R;1.138957188
L138T;0.893644649
L138W;0.774151815
L138V;0.9713141
L138Y;0.823291251
Q139A;1.240907405
Q139C;0.651583643
Q139E;0.932688221
Q139D;0.892492457
Q139G;0.985544934
Q139F;0.940777094
Q139I;0.588211954
Q139H;0.969554198
Q139K;0.847338064
Q139M;0.816500367
Q139L;1.00185732
Q139N;0.823519461
Q139P;0.847135432
Q139S;1.014043436
Q139R;0.920742306
Q139T;0.966255831
Q139W;1.048607735
Q139V;0.851241774
Q139Y;0.710006874
S140A;1.08199142
S140C;0.556631752
S140E;1.12694982
S140D;0.932701983
S140G;1.015804627
S140F;0.902080767
S140I;0.834204546
S140H;0.646185446
S140K;1.117868985
S140M;0.909208591
S140L;1.195397595
S140N;1.118658033
S140Q;0.93343204
S140P;1.067981504
S140R;0.984136939
S140T;0.970878664
S140W;1.027116975
S140V;1.074220544
S140Y;0.85134162
E141A;0.613518482
E141C;0.648882217
E141D;0.97674908
E141G;1.051871011
E141F;0.661189705
E141I;0.744030728
E141H;0.755186765
E141K;0.961548956
E141M;0.552531753
E141L;1.161407352
E141N;0.924895266
E141Q;0.553889325
E141P;0.882149972
E141S;0.738234149
E141R;0.966045301
E141T;0.810198426
E141W;0.721822931
E141V;0.876568813
E141Y;0.884176756
P142A;0.582380353
P142C;0.835374729
P142E;0.673290895
P142D;-0.271594244
P142G;1.086772234
P142F;1.081316967
P142I;0.901177429
P142H;1.004100391
P142K;1.254525616
P142M;0.806553639
P142L;0.830958311
P142N;0.80771052
P142Q;1.208998026
P142S;1.082715202
P142R;0.959432312
P142T;1.023636522
P142W;-0.308717432
P142V;0.959358603
P142Y;1.016244385
E143A;1.154723773
E143C;0.933099811
E143D;0.982170263
E143G;1.100157598
E143F;0.763416248
E143I;1.134246043
E143H;0.911892778
E143K;0.931673478
E143M;0.985221259
E143L;1.020181939
E143N;0.880285095
E143Q;1.00164444
E143P;1.022601043
E143S;0.889087105
E143R;1.080634341
E143T;1.042477039
E143W;1.002901036
E143V;0.863395341
E143Y;0.920120314
N144A;1.097239293
N144C;0.658925452
N144E;0.724957128
N144D;0.709812706
N144G;0.90133956
N144F;1.203939971
N144I;0.749184447
N144H;1.193032165
N144K;1.199220572
N144M;1.154082427
N144L;1.046257286
N144Q;0.750096466
N144P;1.210583817
N144S;0.96859777
N144R;0.969261605
N144T;1.019384774
N144W;0.994848096
N144V;0.923674569
N144Y;0.913825735
P145A;0.984776239
P145C;0.808402194
P145E;0.985357932
P145D;1.138631503
P145G;1.031090004
P145F;0.749564749
P145I;1.497909123
P145H;0.979651611
P145K;0.810018738
P145M;0.568526452
P145L;0.930321063
P145N;1.041912564
P145Q;1.209425873
P145S;1.119323059
P145R;1.005349487
P145T;0.836688385
P145W;0.611039774
P145V;0.972225209
P145Y;1.016974225
S146A;0.969658359
S146C;1.045529138
S146E;1.031162286
S146D;1.172299736
S146G;0.574351221
S146F;0.778639537
S146I;0.798782931
S146H;0.965335344
S146K;0.385295062
S146M;0.530143082
S146L;0.997688083
S146N;1.441277037
S146Q;0.785371397
S146P;0.781890868
S146R;0.916956
S146T;0.618923882
S146W;1.000093978
S146V;1.191453726
S146Y;0.735489473
L147A;0.644076008
L147C;0.967872367
L147E;0.897043797
L147D;0.120666197
L147G;1.199562667
L147F;0.443289214
L147I;0.936520315
L147H;0.779778616
L147K;0.726592589
L147M;0.951365203
L147N;0.93262653
L147Q;0.350330821
L147P;0.859698919
L147S;0.834173143
L147R;1.094305994
L147T;1.308867887
L147W;0.913026215
L147V;1.111283932
L147Y;0.910889157
Q148A;0.881149764
Q148C;0.667773897
Q148E;1.190652857
Q148D;1.210636975
Q148G;1.333022287
Q148F;0.629078239
Q148I;0.957396487
Q148H;0.632717327
Q148K;1.427832309
Q148M;0.86517623
Q148L;1.008053436
Q148N;1.285222524
Q148P;1.270763444
Q148S;0.947147728
Q148R;1.055811204
Q148T;0.890097726
Q148W;0.546918136
Q148V;0.84864054
Q148Y;0.933394217
E149A;0.863011031
E149C;0.996314194
E149D;0.956825792
E149G;1.187042132
E149F;0.502807971
E149I;0.633568228
E149H;0.202015557
E149K;1.140020556
E149M;0.98900576
E149L;0.711659699
E149N;1.13781572
E149Q;0.777601091
E149P;1.01929735
E149S;1.027698321
E149R;1.021756407
E149T;0.916434703
E149W;0.454125018
E149V;0.788072209
E149Y;0.870513951
T150A;0.694253487
T150C;0.751952414
T150E;-0.192267711
T150D;0.806787421
T150G;1.051333842
T150F;0.347547705
T150I;0.597121354
T150H;0.858346744
T150K;1.017559653
T150L;0.801478986
T150N;0.58261323
T150Q;0.755803581
T150P;0.997804765
T150S;0.96636627
T150R;1.156073613
T150W;0.428954733
T150V;0.859624051
T150Y;0.097665297
S151A;0.847699826
S151C;0.932862598
S151E;1.09660085
S151D;0.763938208
S151G;1.196074039
S151F;0.318285655
S151I;0.648490493
S151H;0.328287625
S151K;0.817353377
S151M;0.134027388
S151L;0.696972999
S151N;1.051681056
S151Q;0.911714221
S151P;0.283611575
S151R;1.037523757
S151T;0.907552444
S151W;0.721355296
S151V;0.746945896
S151Y;0.719855347
L152A;0.745061754
L152C;1.087007629
L152E;1.883682613
L152D;1.015497605
L152G;1.445540374
L152F;0.712294922
L152I;0.847411498
L152H;0.800572609
L152K;1.139482367
L152M;0.912760577
L152N;1.30356948
L152Q;0.986688958
L152P;1.258032743
L152S;1.157096267
L152R;1.117400741
L152T;1.109714125
L152W;0.236375607
L152V;0.957180805
L152Y;0.552154644
S153A;1.127488316
S153C;0.88294786
S153E;0.870057197
S153D;0.618566165
S153G;1.181214147
S153F;0.629018616
S153I;0.392769382
S153H;0.512459398
S153K;0.995804563
S153M;0.745825822
S153L;0.831454942
S153N;1.088861245
S153Q;1.27356548
S153P;0.558745996
S153R;1.081983825
S153T;0.805978441
S153W;0.974461285
S153V;0.821731737
S153Y;0.801536016
V154A;0.802857733
V154C;1.074087448
V154E;1.578206523
V154D;0.468283778
V154G;0.821487685
V154F;1.093613132
V154I;0.798132624
V154H;0.757665307
V154K;0.793893014
V154M;0.567268774
V154L;1.161730719
V154N;0.414291235
V154P;1.177361672
V154S;1.057828293
V154R;0.903018718
V154T;1.303319829
V154W;-0.256670295
V154Y;1.181971876
Q155A;0.821626369
Q155C;0.809441429
Q155E;0.933052782
Q155D;1.189616399
Q155G;1.07270315
Q155F;0.537096654
Q155I;0.233861586
Q155H;0.684470032
Q155K;1.063173298
Q155M;0.884625512
Q155L;0.988485862
Q155N;0.687615061
Q155P;1.209856777
Q155S;0.865950684
Q155R;0.795696838
Q155T;0.868541929
Q155W;-0.262696263
Q155V;0.712315376
Q155Y;0.824712667
L156A;1.515302031
L156C;0.951047606
L156E;0.917646789
L156D;0.22604844
L156G;0.618477475
L156F;0.983926877
L156I;0.894837881
L156H;0.129186121
L156K;2.137682441
L156M;1.316824378
L156N;0.9521938
L156Q;0.873744731
L156P;0.889514942
L156S;1.150876763
L156R;0.951652305
L156T;1.250161466
L156W;0.569721255
L156V;0.853044901
L156Y;0.226595958
S157A;0.864294413
S157C;0.723194328
S157E;1.270054441
S157D;1.007709031
S157G;0.939622836
S157F;0.82420434
S157I;0.614978806
S157H;0.827497476
S157K;1.219659712
S157M;0.648672313
S157L;0.74108747
S157N;0.850316047
S157Q;1.003155828
S157P;1.228970981
S157R;0.554473942
S157T;0.89796671
S157W;0.510409776
S157V;0.80179591
S157Y;0.49177077
N158A;1.031824625
N158C;0.596034072
N158E;1.261921616
N158D;0.827843766
N158G;0.784734035
N158F;0.394424932
N158I;0.387328671
N158H;0.917101412
N158K;0.989386243
N158M;-0.373698713
N158L;0.637560522
N158Q;0.895828417
N158P;0.968433289
N158S;0.704817533
N158R;0.722483855
N158T;0.766672298
N158W;0.568293892
N158V;0.385385297
N158Y;0.550953922
L159A;0.897495413
L159C;0.479586083
L159E;1.177304356
L159D;0.788981953
L159G;0.875992829
L159F;0.912166525
L159I;1.109017415
L159H;1.12112894
L159K;1.442054096
L159M;0.555498983
L159N;0.952930874
L159Q;1.153649441
L159P;1.077340595
L159S;1.149007912
L159R;0.717196566
L159T;0.621116499
L159W;0.914426777
L159V;1.028863328
L159Y;0.914342733
G160A;0.770251204
G160C;0.977245925
G160E;0.950678743
G160D;0.814846692
G160F;0.577792254
G160I;0.517581469
G160H;0.339176513
G160K;1.049023614
G160M;0.578716978
G160L;0.480395274
G160N;0.799592106
G160Q;0.638233603
G160P;1.245156812
G160S;1.194307933
G160R;0.578567783
G160T;0.818818892
G160W;0.465428094
G160V;0.607678927
G160Y;0.791270548
T161A;0.93635398
T161C;0.675181383
T161E;1.186523363
T161D;1.040681524
T161G;0.963200892
T161F;0.589569378
T161I;0.682657423
T161H;0.84433992
T161K;-0.095201761
T161M;0.630116976
T161L;0.733271938
T161N;0.839593094
T161P;0.852396246
T161S;1.293146734
T161R;0.449175527
T161W;0.985945735
T161V;0.677294386
T161Y;0.686662984
V162A;0.856708557
V162C;0.76528619
V162E;0.918908442
V162D;0.89466609
V162G;1.146905654
V162F;0.621645476
V162I;0.986591757
V162H;0.88837149
V162K;0.920507918
V162M;1.140525322
V162L;0.968833708
V162N;0.749002493
V162Q;0.183368391
V162P;1.015827734
V162S;0.887837239
V162R;0.811351487
V162T;1.018126076
V162W;1.12268703
V162Y;1.293287658
R163A;0.85924457
R163C;0.707484533
R163E;1.092839607
R163D;1.904160529
R163G;0.763397775
R163F;0.454072232
R163I;0.000764014
R163H;0.582443515
R163K;0.98517616
R163M;0.673910613
R163L;0.296848706
R163N;0.393478695
R163Q;0.40433208
R163P;0.795314398
R163S;1.21971359
R163T;0.820706205
R163W;-0.032138098
R163V;0.333767366
R163Y;0.596356022
T164A;0.940365874
T164C;0.818575251
T164E;1.163308499
T164D;0.605570814
T164G;1.113266578
T164F;0.691158209
T164I;0.593400056
T164H;0.751332242
T164K;0.820932031
T164M;0.239698035
T164L;0.728608903
T164N;0.908389014
T164Q;-0.28730711
T164P;1.46052246
T164S;1.066402385
T164R;0.935383216
T164W;0.526723868
T164V;0.521583864
T164Y;0.56079815
L165A;0.5272405
L165C;0.855078211
L165E;0.95588665
L165D;0.17732405
L165G;0.967986639
L165F;1.210986634
L165I;0.613671144
L165H;0.441602076
L165K;1.159400734
L165M;0.886672855
L165N;0.208245256
L165Q;1.377183169
L165P;0.94752076
L165S;1.129997491
L165R;0.896005531
L165T;1.071824736
L165W;1.187891048
L165V;1.006542921
L165Y;1.015664846
R166A;0.688116567
R166C;0.853998649
R166E;1.229240423
R166D;0.044154541
R166G;1.046843021
R166F;0.848961713
R166I;0.898838437
R166H;-0.259302118
R166K;0.779184119
R166M;1.065453319
R166L;0.615987709
R166N;0.712153422
R166Q;0.825227855
R166P;0.891621153
R166S;0.372829162
R166T;0.504292763
R166W;0.746890137
R166V;0.715732135
R166Y;1.061160989
T167A;0.873769227
T167C;-0.268307052
T167E;0.463940863
T167D;1.005464873
T167G;0.801634109
T167F;0.387990331
T167I;-0.186343136
T167H;0.804165565
T167K;1.062267414
T167M;0.196188955
T167L;0.237866308
T167N;0.811709276
T167P;0.577003341
T167S;0.959252402
T167R;0.928865248
T167W;0.090997647
T167V;0.191770696
T167Y;-0.101387592
K168C;-0.311203636
K168D;-0.438377834
K168F;0.516237827
K168I;-0.378105421
K168L;0.994942305
K168N;0.95709285
K168S;0.048004999
K168R;0.753729869
K168T;-0.276164142
K168W;-0.187163699
K168V;-0.247150524
K168Y;0.5308162
Q169C;-0.417843653
Q169G;1.063324224
Q169F;-0.38667307
Q169I;-0.426042468
Q169H;0.965850407
Q169K;1.342992697
Q169L;-0.374403532
Q169P;0.848196295
Q169S;-0.192232359
Q169R;0.769049832
Q169W;-0.208657368
Q169V;-0.321972847
R170A;0.940586627
R170D;0.726457386
R170G;1.12596143
R170I;-0.392072862
R170L;0.954650421
R170N;-0.37072054
R170Q;0.921727729
R170P;1.293226199
R170S;-0.189668159
R170T;0.379476382
R170W;0.793164647
R170Y;1.096304867
I171G;0.55291579
I171K;-0.371484107
I171M;-0.339661864
I171L;-0.299514924
I171Q;-0.376770371
I171T;0.627735363
I171W;1.529976021
I171V;-0.119001751
I171Y;0.631035933
Q172G;0.132112016
Q172H;0.171297369
Q172K;-0.320970441
Q172L;0.288326426
Q172P;1.57377117
Q172S;0.840320379
Q172R;0.746889064
Q172T;-0.123164965
P173H;0.846352129
P173S;0.285186502
P173L;0.499309185
P173T;-0.343845747
Q174K;0.614991715
Q174R;1.279645976
R175C;-0.410918019
R175D;-0.224100911
R175G;0.169951618
R175F;0.77557048
R175I;0.025613298
R175K;1.181532308
R175M;0.92965518
R175L;0.24541666
R175N;-0.030383147
R175P;0.235431371
R175S;0.066718185
R175T;0.972110211
R175W;1.003453722
R175V;0.794436861
R175Y;0.815271622
T176A;-0.173476982
T176K;0.289093211
T176M;0.790041923
S177Y;0.195313437
S177P;1.233776534
S177F;0.201886084
V178I;0.562144587
V178F;0.496982794
Y179H;-0.067715797
I180N;0.377199264
I180T;-0.351275017
I180F;1.838388693
E181H;-0.41055283
E181K;1.328027775
L182F;0.954991085
G183E;0.458206991
G183I;0.797367109
G183L;-0.208657368
G183S;-0.356508295
G183R;0.549049255
G183V;-0.375854534
S184Y;0.305052834
S184P;0.457819631
S184R;1.097115648
S184T;-0.279426848
S184F;0.636234721
D185C;-0.382110277
D185E;0.739795284
D185G;0.951115313
D185N;0.746175848
D185R;-0.326244626
D185T;0.516642685
D185Y;0.484625442
S186A;0.174697784
S186E;-0.346288508
S186D;-0.31366034
S186G;-0.336890787
S186F;0.611241872
S186H;0.429516457
S186L;0.646809464
S186N;-0.363440132
S186R;-0.171731416
S186Y;0.7803389
S187A;1.040068871
S187C;1.495167324
S187E;0.920311838
S187D;0.875260325
S187G;-0.330321644
S187F;0.952509052
S187I;0.488520565
S187H;-0.198543816
S187K;0.489353803
S187L;0.511088845
S187N;1.489779711
S187Q;1.09904381
S187P;1.163369845
S187R;0.866162156
S187T;0.601066297
S187W;-0.007117439
S187Y;0.579427919
E188A;-0.084251559
E188G;0.127805774
E188K;0.526266371
E188L;-0.370296885
E188P;0.005265561
E188R;1.085956449
E188T;-0.169698462
E188W;-0.174125764
E188V;0.771642531
E188Y;-0.368122721
D189A;0.57033129
D189C;0.711066757
D189E;1.005478901
D189G;1.026894169
D189F;-0.427180632
D189I;0.721462079
D189H;0.562851658
D189K;-0.142540737
D189M;0.959468674
D189L;0.390098544
D189N;1.276666371
D189Q;0.899887389
D189P;0.219289446
D189S;0.675370427
D189R;0.562498132
D189T;0.995994731
D189W;-0.02680382
D189V;-0.151533601
D189Y;0.408425139
T190A;-0.17265208
T190C;0.113803355
T190D;-0.432110717
T190I;0.822047226
T190L;0.647180922
T190N;0.728919088
T190P;-0.385650019
T190S;0.74777603
T190R;0.162354013
T190V;0.392127081
T190Y;0.727163168
V191A;0.991365986
V191C;-0.430120865
V191D;1.711897837
V191G;0.981124667
V191F;0.632561345
V191I;1.02147827
V191L;0.384740131
V191N;1.179707597
V191Q;-0.431323832
V191S;0.253395353
V191Y;0.482795485
N192C;-0.308176823
N192E;-0.384844631
N192D;-0.321880369
N192G;0.567247457
N192F;0.356640916
N192I;0.495915083
N192K;-0.351565939
N192M;0.914315199
N192L;-0.375265391
N192P;0.221205436
N192S;0.487627379
N192R;0.459652922
N192T;0.051064264
N192V;0.534553716
N192Y;-0.024357879
K193A;0.813029099
K193C;-0.138694725
K193E;0.846474463
K193D;0.109887369
K193G;0.663691788
K193F;0.411706869
K193I;0.845169027
K193M;1.120441787
K193L;0.334326542
K193N;1.059778742
K193Q;0.438754654
K193P;0.025471856
K193S;0.449244782
K193R;0.609471552
K193T;1.091218805
K193V;-0.186880696
K193Y;-0.387104472
A194E;1.362209865
A194F;0.162039828
A194I;0.133362153
A194H;1.019891929
A194K;-0.403442644
A194L;-0.075429922
A194P;-0.322607705
A194S;1.070089503
A194T;0.893498137
A194V;0.417623521
T195F;-0.324946482
T195I;0.874799792
T195H;1.457805288
T195K;-0.232643899
T195N;1.075781989
T195P;-0.176991605
T195W;0.988508904
T195V;-0.255019047
T195Y;0.510101502
Y196A;0.879161741
Y196C;0.815924324
Y196D;-0.327280681
Y196G;0.456947792
Y196F;-0.084139339
Y196I;0.563405679
Y196H;0.055360114
Y196K;0.150373897
Y196M;-0.082239875
Y196L;1.093508221
Y196N;-0.325841527
Y196Q;-0.20080482
Y196S;-0.040317702
Y196R;0.150936459
Y196T;-0.245392823
Y196V;0.745272933
C197E;0.756217743
C197F;-0.268909464
C197L;1.302078777
C197S;-0.101531119
C197W;0.640699086
C197Y;0.390265984
S198A;0.435843666
S198C;0.214298648
S198D;0.783021254
S198G;0.921525798
S198F;-0.378075662
S198I;0.900300056
S198K;0.84181097
S198L;0.387665475
S198N;0.9092585
S198P;-0.098538408
S198R;0.741621197
S198T;-0.172014774
S198V;0.253213196
V199A;0.880554778
V199C;0.636115586
V199E;-0.313812216
V199G;1.276264478
V199H;1.097431641
V199M;0.465807298
V199L;0.952796786
V199S;0.850621768
V199T;-0.417695317
G200A;0.784947562
G200C;1.01402109
G200E;1.025354034
G200D;0.774837382
G200F;0.466175713
G200I;-0.374945112
G200H;1.080834943
G200K;-0.17988536
G200M;0.833079726
G200L;0.38248362
G200N;0.140570044
G200Q;0.756228743
G200P;0.493937446
G200S;0.597211032
G200R;0.838008674
G200T;1.151289685
G200W;1.089768881
G200V;1.002905662
D201A;0.63469754
D201C;0.046366984
D201E;0.593806391
D201G;0.663518341
D201F;0.536917779
D201I;0.546466932
D201H;0.570753985
D201K;-0.278175606
D201M;-0.34765393
D201L;0.623155418
D201N;1.021533483
D201P;0.894181925
D201S;0.876278161
D201R;0.687262899
D201T;0.806581836
D201W;0.22730536
D201V;0.711772252
D201Y;0.705482692
Q202A;-0.412238485
Q202C;0.511253601
Q202E;0.735609478
Q202D;1.428951289
Q202G;1.017023992
Q202F;0.762062716
Q202I;0.667728445
Q202H;0.405670774
Q202K;0.940793599
Q202L;1.044985744
Q202N;1.400929126
Q202P;0.91487048
Q202S;1.396410628
Q202R;0.951748352
Q202T;0.98969696
Q202W;-0.321362158
Q202V;0.948070313
Q202Y;0.792069396
E203A;1.077139498
E203C;0.414568434
E203D;1.05132061
E203G;0.261642486
E203F;-0.43160553
E203I;0.761667756
E203H;1.238994929
E203K;0.613218336
E203M;-0.086548596
E203L;0.668437432
E203N;0.094403623
E203Q;-0.265480599
E203P;0.917514314
E203S;1.231786259
E203R;0.843162839
E203T;0.702032998
E203W;-0.288727088
E203V;0.367414764
E203Y;0.414101561
L204A;0.55821696
L204C;0.295613344
L204E;1.179855968
L204D;0.925847862
L204G;1.247336082
L204F;0.875835202
L204I;0.442338357
L204H;0.775206543
L204K;0.880901789
L204M;-0.287379141
L204N;1.316429278
L204Q;0.950775625
L204P;1.425918552
L204S;1.36619134
L204R;1.125970746
L204T;1.264504781
L204W;0.758624255
L204V;0.954837228
L204Y;0.964042564
L205A;1.138661992
L205C;0.542343602
L205E;0.048940981
L205F;1.007982462
L205I;0.827495656
L205H;0.656234768
L205K;0.439399707
L205M;-0.268690234
L205N;0.778493683
L205Q;1.788908598
L205P;1.214214098
L205S;1.062328433
L205R;1.416401195
L205T;0.651267386
L205V;1.094952187
L205Y;0.889639631
Q206A;0.156538487
Q206C;0.511422451
Q206E;0.303320636
Q206D;-0.233357439
Q206G;1.082583519
Q206F;1.035690793
Q206I;0.367329539
Q206H;0.83197282
Q206K;0.156117956
Q206L;0.628601745
Q206P;0.996454857
Q206S;1.043624628
Q206R;1.180238755
Q206T;0.783763233
Q206W;-0.130891075
Q206V;0.684454629
Q206Y;0.028643969
I207A;0.785207197
I207C;0.099777285
I207E;0.710494785
I207D;-0.243099017
I207G;0.839137844
I207F;1.108562684
I207H;0.005136422
I207K;0.580075373
I207M;0.555056744
I207L;0.75391095
I207N;0.45258727
I207Q;0.639965821
I207P;1.164765232
I207S;1.346309779
I207R;0.961937129
I207T;0.434216366
I207V;0.273724939
I207Y;0.686356422
T208A;0.919477799
T208C;0.471716809
T208E;-0.393728598
T208D;1.38650877
T208G;1.040948926
T208F;0.799986251
T208I;0.266036467
T208H;1.027005884
T208K;-0.335871031
T208M;0.270036567
T208L;0.769839015
T208N;0.813154951
T208Q;-0.318068384
T208P;1.254916782
T208S;0.899110679
T208R;0.831197352
T208W;-0.130645021
T208V;1.030244393
T208Y;0.017172506
P209A;0.120440364
P209C;0.346437039
P209E;-0.027497028
P209D;0.602487543
P209G;0.356999015
P209F;0.199036744
P209I;0.41276084
P209H;1.018861205
P209K;0.311203931
P209M;0.78178921
P209L;0.615828868
P209Q;0.090528921
P209S;0.779869821
P209R;0.688032994
P209T;0.802664333
P209W;-0.383765152
P209V;-0.263240375
P209Y;1.07679006
Q210A;0.909035729
Q210C;0.135465837
Q210E;1.371816098
Q210D;0.883965671
Q210G;-0.001227706
Q210F;0.895337343
Q210I;0.926144581
Q210H;0.825912811
Q210K;0.881447411
Q210M;-0.219773206
Q210L;0.70483033
Q210N;0.307212377
Q210P;0.625496157
Q210S;0.555921795
Q210R;0.9347008
Q210T;0.972145707
Q210W;-0.095962831
Q210V;0.757743891
Q210Y;-0.376319651
G211A;0.828966445
G211C;1.246872142
G211E;1.339867133
G211D;0.871573506
G211F;0.510925303
G211I;0.942215781
G211H;-0.288874924
G211K;0.968525304
G211M;1.322505015
G211L;0.954032522
G211N;-0.048108499
G211Q;-0.063535043
G211P;0.803480406
G211S;0.644714915
G211R;0.579944133
G211T;-0.039258148
G211V;0.918084749
G211Y;1.024184957
T212A;0.181821366
T212C;0.146412473
T212E;0.890824158
T212D;0.745359015
T212G;-0.283757806
T212F;0.560509625
T212I;0.74918733
T212K;0.785109582
T212M;0.474887385
T212L;0.678961286
T212N;0.118772435
T212Q;-0.418533164
T212P;-0.428706939
T212S;0.805602743
T212R;-0.329684949
T212W;-0.221126626
T212Y;0.958056164
R213A;0.907916239
R213C;0.985579496
R213E;0.598809912
R213D;0.757424321
R213G;0.978628289
R213F;0.910741016
R213I;0.877097202
R213H;0.689843883
R213K;0.807023605
R213M;0.948801473
R213L;1.30833966
R213N;-0.128786111
R213Q;0.85618863
R213P;-0.306003004
R213S;1.286045736
R213T;0.799323014
R213W;0.192634108
R213V;0.20757227
R213Y;0.704747433
D214A;1.075863923
D214C;0.215784756
D214E;1.525418222
D214G;0.331945048
D214F;0.911057592
D214I;0.455091932
D214H;1.06163986
D214K;-0.12087783
D214M;0.809161088
D214L;0.444429471
D214N;0.337403397
D214Q;0.038530517
D214P;0.606696729
D214S;0.667347452
D214R;0.624459984
D214T;0.86519441
D214W;-0.407662443
D214V;0.626685505
D214Y;0.786747374
E215A;0.281353925
E215C;-0.289816227
E215D;0.984574925
E215G;0.828392104
E215F;0.386371042
E215H;-0.208657368
E215K;0.834303124
E215L;0.582366036
E215N;-0.244830114
E215Q;0.782233557
E215S;-0.332773575
E215R;-0.337382466
E215W;-0.417965676
E215V;0.712743627
E215Y;0.93726322
I216A;-0.3056072
I216C;0.751149823
I216E;-0.088159074
I216D;1.014853994
I216G;1.074758611
I216F;1.013153647
I216H;-0.062128382
I216K;0.740505485
I216M;0.664298683
I216L;0.678556785
I216N;0.445120463
I216Q;-0.147709837
I216P;0.614110051
I216S;0.753604831
I216R;0.701566602
I216T;0.84289393
I216W;-0.004320268
I216V;0.913194435
I216Y;1.313111515
S217A;0.655800092
S217C;-0.296013192
S217E;1.271685251
S217D;0.937922047
S217G;0.69553233
S217F;0.571796989
S217I;1.044021326
S217H;1.095702401
S217K;0.783780769
S217M;1.057311136
S217L;0.866312589
S217N;0.690582354
S217Q;0.821017601
S217P;0.525326453
S217R;0.784265557
S217T;0.831085546
S217W;0.357077035
S217V;0.852452318
S217Y;1.005812981
L218A;0.717032316
L218C;0.710056957
L218E;0.696926608
L218D;0.505741244
L218G;1.019559775
L218F;1.036302935
L218I;0.895184262
L218H;0.656304712
L218K;1.154455816
L218M;1.17488201
L218N;0.730300867
L218Q;0.841339076
L218P;0.878213021
L218S;0.956739271
L218R;0.315463851
L218T;0.73809775
L218W;0.738204122
L218V;1.150277589
L218Y;1.431748433
D219A;0.887754103
D219C;0.60643287
D219E;0.966250131
D219G;0.925656964
D219F;0.83828439
D219I;0.74786345
D219H;0.741042517
D219K;0.900367956
D219M;0.920488733
D219L;0.757913343
D219N;1.073828527
D219Q;0.497670358
D219P;1.138626455
D219S;0.955835974
D219R;0.68807668
D219T;0.815232584
D219W;0.670483616
D219V;0.761933719
D219Y;0.715011618
S220A;0.571545228
S220C;1.266547492
S220E;1.007239568
S220D;1.013898508
S220G;0.62929981
S220F;0.979662311
S220I;1.057575726
S220H;0.249881441
S220K;1.130012002
S220M;1.210228775
S220L;0.444660226
S220N;0.5938068
S220R;1.226994378
S220T;0.915018253
S220W;0.658959519
S220V;1.240755451
S220Y;1.011277168
A221C;1.015679895
A221E;0.749644663
A221D;0.940287041
A221G;1.363600799
A221F;0.537283089
A221I;0.68766866
A221H;0.02453872
A221K;0.440944484
A221M;1.145922799
A221L;1.27485281
A221N;-0.00884756
A221Q;-0.20868383
A221P;0.409835256
A221S;0.534630973
A221R;1.005670487
A221T;0.88706275
A221W;-0.194665067
A221V;0.945785594
A221Y;1.397464469
K222A;0.211543654
K222C;0.689964741
K222E;0.744889956
K222D;0.259135531
K222G;0.947559591
K222F;0.644704603
K222I;1.283594275
K222H;1.037096955
K222M;0.833337493
K222L;0.444052721
K222N;1.133195086
K222Q;0.921029694
K222P;0.788843097
K222S;0.513569073
K222R;0.637614818
K222T;1.077979798
K222W;-0.330647032
K222V;0.596066743
K222Y;-0.061585427
K223A;0.189760053
K223E;0.972994397
K223D;1.223908466
K223G;1.55866341
K223F;0.737347877
K223I;1.023606735
K223H;0.993337997
K223M;1.020231485
K223L;1.179434691
K223N;0.979407866
K223Q;0.690966082
K223P;1.09531829
K223S;0.831278188
K223R;0.994274529
K223T;0.487971603
K223W;0.808333158
K223V;0.836094923
K223Y;0.977865233
A224C;0.989045439
A224D;0.345952836
A224G;0.759013012
A224F;0.723542139
A224I;1.096177028
A224H;0.790582243
A224K;-0.264092552
A224M;0.742619481
A224L;0.704360004
A224N;-0.35437785
A224Q;1.161535931
A224P;-0.060952045
A224S;0.685285082
A224R;0.771199632
A224T;0.912243816
A224V;0.901033293
A224Y;0.925405613
A225D;1.033607424
A225G;1.153603767
A225I;-0.256670295
A225K;0.816842559
A225L;0.913427638
A225Q;-0.342247378
A225P;-0.049738792
A225S;0.491875504
A225R;0.748199923
A225T;1.138235085
A225W;-0.366188524
A225V;0.669782192
C226E;0.694773225
C226D;0.03092121
C226G;1.193561197
C226F;1.411059939
C226I;0.689192866
C226H;-0.397711479
C226K;0.11173064
C226M;0.256429503
C226L;1.090192782
C226N;0.500004454
C226Q;0.966530876
C226P;-0.437008292
C226S;0.200773379
C226R;0.744759523
C226T;0.388412336
C226W;1.522483268
C226V;0.615265473
C226Y;1.282484851
E227A;0.663157199
E227D;-0.185449464
E227G;0.88584858
E227F;0.219728066
E227I;0.453179176
E227H;1.827549105
E227K;0.579552058
E227L;-0.001949843
E227Q;0.346389298
E227S;1.113184955
E227R;0.085114709
E227T;0.812725008
E227V;1.142612336
E227Y;-0.29319846
F228C;0.738305887
F228E;1.010519766
F228D;1.201770529
F228I;1.437447807
F228K;0.739707499
F228M;0.326860539
F228L;0.523030056
F228Q;0.662567766
F228P;-0.121043542
F228S;1.12379076
F228R;-0.367053253
F228W;0.016841594
F228V;1.43824074
F228Y;0.261538536
S229A;0.319498512
S229C;-0.39752532
S229G;0.471457301
S229F;0.422893423
S229I;-0.308530827
S229L;0.23702892
S229N;1.030519076
S229Q;-0.273208268
S229P;1.000198863
S229T;1.199020073
S229W;0.646794422
S229V;0.823888431
S229Y;0.831150789
E230A;0.866129105
E230C;0.741409839
E230D;0.941006571
E230G;1.157616949
E230F;-0.25385422
E230I;0.389258567
E230K;0.923050528
E230M;-0.213597603
E230L;1.309491996
E230N;0.091218652
E230Q;0.953480558
E230P;-0.363428792
E230S;1.146291914
E230R;0.870749687
E230T;0.269951199
E230W;-0.208657368
E230V;0.963879053
E230Y;0.244060305
T231A;0.994644624
T231C;0.018913885
T231E;-0.259293872
T231D;-0.232364771
T231G;0.781171608
T231I;0.350915925
T231K;1.512275877
T231M;1.031383329
T231L;0.731469535
T231N;-0.048682584
T231Q;0.751212043
T231P;1.456444122
T231S;0.269112251
T231R;1.213333392
T231W;-0.026917308
T231V;1.303686652
T231Y;-0.444476162
D232A;-0.081651276
D232C;1.131724389
D232E;1.502173662
D232G;0.162242958
D232F;0.945876602
D232I;0.90278779
D232H;-0.415861227
D232K;0.042497412
D232M;-0.207038008
D232L;0.842829211
D232N;1.020518442
D232Q;0.281195457
D232S;0.891494859
D232R;1.048185159
D232T;0.120624224
D232W;-0.365403898
D232V;0.569228952
D232Y;0.322360952
V233A;0.615458815
V233C;-0.251339751
V233E;0.851958639
V233D;1.14736837
V233G;1.08034748
V233F;0.874969344
V233I;1.014697566
V233H;0.547423854
V233K;0.696623287
V233M;0.371307208
V233L;0.695912648
V233N;0.800911615
V233Q;0.771156473
V233S;1.030373406
V233R;0.984213678
V233T;1.299951506
V233Y;1.255846181
T234A;1.052122227
T234C;0.531642755
T234E;0.26692836
T234D;1.198488557
T234G;0.950228993
T234F;0.964745015
T234I;1.189303799
T234H;1.373828648
T234K;0.87982338
T234M;-0.322187866
T234L;1.069144954
T234N;1.145042965
T234Q;1.090907594
T234P;0.893261685
T234S;0.7012225
T234R;0.373440649
T234W;1.447883113
T234V;1.156588861
T234Y;1.446546938
N235A;1.121735164
N235C;1.111693648
N235E;0.053845321
N235F;0.636022331
N235I;-0.077626861
N235H;0.483524656
N235K;0.749606531
N235M;-0.143378848
N235L;0.440923499
N235P;0.831027465
N235S;0.70379245
N235R;0.579749486
N235T;-0.18032212
N235V;0.486548922
N235Y;0.969836323
T236C;0.580465965
T236E;-0.363212989
T236D;0.803193117
T236G;-0.380663357
T236I;0.994621648
T236K;-0.174772725
T236N;0.793844864
T236P;0.782912072
T236S;0.992901661
T236R;-0.354729052
T236Y;0.201484711
E237D;0.216198603
E237G;0.009747319
E237I;-0.347785461
E237H;-0.21252158
E237K;1.142169383
E237L;0.274071077
E237P;-0.177873654
E237S;-0.208657368
E237T;1.076280928
E237V;0.558733123
E237Y;-0.313703283
H238I;1.353568671
H238N;-0.249484834
H238P;-0.362355468
H238S;0.339870758
H238Y;0.996687043
H239I;1.142540554
H239Y;0.838812187
H239R;1.367856039
H239L;-0.223738059
H239N;1.156012542
Q240A;-0.024066142
Q240C;0.309717811
Q240D;-0.306961336
Q240F;0.747521858
Q240H;0.559170858
Q240K;1.029576567
Q240M;-0.298613931
Q240L;0.571450399
Q240N;-0.326808307
Q240P;0.699109825
Q240R;1.038949792
Q240V;0.301578556
P241A;0.757551724
P241C;-0.139514448
P241I;0.564902433
P241H;0.166228514
P241L;1.044434944
P241N;-0.37287299
P241S;0.641307076
P241R;-0.297154468
P241T;0.36197503
P241V;0.754616414
S242C;0.813689915
S242D;-0.221106438
S242G;0.721718935
S242F;-0.292706634
S242I;0.059274076
S242H;0.570114543
S242L;1.26819075
S242N;0.456770534
S242Q;-0.300730647
S242R;0.839096891
S242T;-0.409179365
S242V;-0.233939072
S242Y;-0.306490903
N243A;-0.396650557
N243D;-0.337255169
N243F;1.288902298
N243I;-0.325146317
N243H;0.274010348
N243L;-0.420418257
N243P;0.02887934
N243S;0.389174856
N243R;-0.065125799
N243T;-0.031573429
N243W;-0.422576957
N243V;0.898912224
N243Y;0.789526665
N244A;0.899699985
N244C;0.375443711
N244D;0.221904073
N244G;-0.148316864
N244F;-0.290087523
N244I;0.632791376
N244H;0.258045337
N244K;0.356295005
N244L;0.624630557
N244Q;1.176157927
N244P;-0.305434772
N244S;0.887502725
N244R;0.813199368
N244T;-0.084185773
N244W;0.750366142
N244V;0.65750462
N244Y;1.239167993
D245A;-0.362824874
D245C;-0.09112615
D245E;0.46127699
D245G;0.658111633
D245F;0.811534488
D245I;-0.092245988
D245H;-0.06182145
D245L;1.605788121
D245N;0.957914061
D245Q;-0.141881982
D245S;0.570813009
D245R;1.060102999
D245T;0.357196739
D245W;0.558319348
D245V;-0.113945071
D245Y;0.706674556
L246A;1.183223815
L246C;-0.352371627
L246E;-0.227349031
L246G;0.494317562
L246F;0.999186505
L246I;0.999908224
L246H;-0.208657368
L246K;0.500476735
L246M;1.028983229
L246N;0.437602628
L246P;-0.271721924
L246S;1.088265258
L246R;1.145123918
L246T;0.140866612
L246W;0.147170386
L246V;0.997033117
L246Y;0.183382212
N247A;0.957186676
N247C;1.158784615
N247E;-0.113386138
N247D;1.46719132
N247G;0.124590805
N247F;0.937572058
N247I;0.818450985
N247K;0.569295756
N247M;0.171106318
N247L;0.736526377
N247Q;0.065172834
N247S;1.163797902
N247R;0.719176258
N247T;0.471704207
N247V;0.5825606
N247Y;1.08023551
T248A;0.771470189
T248C;0.465344663
T248E;0.778112445
T248D;0.398502333
T248G;-0.275733139
T248F;0.961260659
T248I;0.686162209
T248K;1.044683642
T248M;0.168375504
T248L;0.819247612
T248N;0.735140161
T248Q;-0.384038197
T248P;0.006335226
T248S;0.82158538
T248R;1.029649594
T248W;1.610010985
T248V;0.634944278
T248Y;1.183849034
T249A;0.364365212
T249C;1.002695434
T249E;0.972578278
T249D;0.26224828
T249G;0.965042037
T249F;0.958267627
T249I;0.563622771
T249H;0.76742114
T249K;1.369417951
T249M;0.74859064
T249L;1.356211926
T249N;0.918098488
T249Q;0.471588994
T249P;1.264487992
T249S;1.282480717
T249R;0.558262006
T249W;0.538425419
T249V;1.039059088
T249Y;0.796113974
E250A;0.075787942
E250C;0.626648111
E250D;0.610589149
E250G;1.12711536
E250F;0.929673309
E250I;0.586414803
E250H;0.784320003
E250K;0.66674548
E250L;0.850868596
E250N;0.846195895
E250Q;-0.20943574
E250P;1.215946544
E250S;0.424478933
E250R;0.87805391
E250T;0.623552729
E250V;0.036958865
E250Y;-0.040369136
K251A;0.410327008
K251C;0.568121372
K251E;1.025445
K251D;0.890029222
K251G;0.846675771
K251F;0.730093758
K251I;0.387432077
K251M;0.570216956
K251L;0.886885147
K251N;0.868270569
K251Q;-0.398062589
K251P;1.144059286
K251S;1.218809757
K251R;0.858044036
K251T;0.955218412
K251W;0.696056738
K251V;0.976814702
K251Y;1.265699173
R252A;-0.42613411
R252C;1.326427312
R252D;0.92258039
R252G;0.663939538
R252F;1.164155177
R252I;0.903163066
R252H;0.868778516
R252L;0.800630917
R252N;0.935282071
R252Q;0.51667158
R252P;-0.322155453
R252S;0.833698109
R252T;0.937781352
R252V;-0.343300548
R252Y;-0.316956689
A253C;0.051410885
A253E;0.490934501
A253D;0.268647182
A253G;-0.104382702
A253F;0.681572819
A253I;0.798553593
A253K;0.458968726
A253L;-0.254534648
A253N;-0.371948121
A253S;0.260272669
A253R;-0.353827072
A253T;0.761428267
A253W;0.103280175
A253V;0.742660258
A253Y;-0.334930464
A254C;0.823298988
A254E;0.998737282
A254D;-0.141357015
A254F;-0.371788788
A254K;1.402292477
A254L;0.850702131
A254N;-0.073992207
A254P;-0.178112175
A254S;0.660040968
A254R;1.301461782
A254T;1.125171889
A254W;0.690927505
A254V;1.194146397
A254Y;0.091129801
E255A;1.006742551
E255C;0.267667204
E255D;0.431706806
E255G;0.48255517
E255F;0.860493135
E255I;1.016778201
E255H;0.933833253
E255K;-0.198114571
E255M;-0.392588658
E255L;0.404759961
E255N;1.127130407
E255Q;-0.209673787
E255P;-0.06681664
E255S;1.350094869
E255R;0.93415599
E255T;0.859694953
E255W;-0.362128122
E255V;1.220981915
E255Y;0.598030243
R256A;0.725133848
R256C;1.019944233
R256D;0.899285666
R256G;1.101698137
R256F;0.913768104
R256I;0.493450579
R256H;-0.267940958
R256K;1.001877116
R256M;0.214213788
R256L;0.885839822
R256N;1.058172316
R256Q;0.822581453
R256P;1.203391378
R256S;0.750592829
R256T;0.591027409
R256W;0.63232074
R256V;1.094193872
R256Y;0.806513444
H257A;0.993179952
H257C;0.426453202
H257E;0.65755182
H257D;1.356663938
H257G;0.661055518
H257F;1.192032827
H257I;1.174553085
H257K;-0.135956167
H257M;0.132260308
H257L;0.928408949
H257N;0.990753552
H257Q;1.044476947
H257P;1.017347882
H257S;0.064007064
H257R;0.385413086
H257T;0.667215162
H257W;1.097708807
H257V;1.136940256
H257Y;1.116581728
P258A;0.571724777
P258C;1.150144791
P258E;1.125443441
P258D;-0.357052126
P258G;0.987190966
P258F;1.061308695
P258I;1.310935133
P258H;0.599021069
P258K;0.115936716
P258M;0.476962926
P258L;0.930013506
P258N;1.050722361
P258Q;0.703349524
P258S;0.804304698
P258R;0.854551109
P258T;0.934243996
P258W;0.990641258
P258V;0.718298343
P258Y;0.84232057
E259A;1.239215168
E259C;0.841522175
E259D;0.494657784
E259G;0.929338906
E259F;1.219331655
E259I;0.625253534
E259H;0.882645589
E259K;1.044190969
E259M;-0.127850864
E259L;0.969401966
E259N;-0.025257971
E259Q;0.889548297
E259P;0.828175278
E259S;0.732991122
E259R;0.873390918
E259T;0.865541583
E259W;0.73820817
E259V;0.972644891
E259Y;0.891827235
K260A;0.701216466
K260C;0.712168698
K260E;0.92239568
K260D;1.052768055
K260G;0.996638928
K260F;0.538042208
K260I;0.953263734
K260H;0.170160324
K260M;0.757078196
K260L;0.780086843
K260N;1.067387649
K260Q;1.231282534
K260P;0.259123616
K260S;0.683303204
K260R;0.777481389
K260T;0.763418183
K260W;1.275256876
K260V;0.954430306
K260Y;0.225336708
Y261A;0.890604795
Y261C;0.606014586
Y261E;0.674206035
Y261D;1.504304495
Y261G;0.850867823
Y261F;0.648755221
Y261I;1.098956907
Y261H;0.99490081
Y261K;1.120588078
Y261M;1.030784571
Y261L;0.714368977
Y261N;0.41154984
Y261Q;0.793887553
Y261P;-0.387487089
Y261S;1.050552428
Y261R;1.045273574
Y261T;0.409019554
Y261W;0.576846788
Y261V;1.076131435
Q262A;1.160530793
Q262C;0.755805837
Q262E;0.644773962
Q262D;0.505114264
Q262G;1.416623362
Q262F;1.114493823
Q262I;0.855592453
Q262H;0.824309203
Q262K;0.813156908
Q262M;0.758910243
Q262L;0.886084466
Q262N;1.03965257
Q262P;0.78256991
Q262S;1.088085532
Q262R;0.689985414
Q262T;0.970145991
Q262W;0.054250454
Q262V;0.838777996
Q262Y;0.788724749
G263A;0.862476729
G263C;0.84654907
G263E;1.103680685
G263D;1.07775608
G263F;1.400851186
G263I;0.767905451
G263H;0.884173674
G263K;0.471357018
G263M;0.674470521
G263L;0.852746515
G263N;0.830269351
G263Q;0.60825209
G263P;0.760057977
G263S;1.248566083
G263R;0.9153548
G263T;0.84605481
G263W;0.350893247
G263V;0.671446314
G263Y;0.436571021
S264A;0.725111943
S264C;0.831051263
S264D;-0.208657368
S264G;0.003367323
S264F;-0.192080647
S264I;0.663448381
S264H;0.926065936
S264M;0.927405484
S264L;0.500009052
S264N;0.894700986
S264P;-0.208657368
S264R;0.534217971
S264T;0.13484795
S264W;0.234452311
S265A;-0.208657368
S265C;1.057126215
S265E;0.806798432
S265D;0.328210446
S265G;0.955551685
S265F;0.750597751
S265I;0.484514337
S265H;0.683262124
S265K;1.021743036
S265M;-0.027986651
S265L;0.812428529
S265N;0.770780715
S265Q;0.373814499
S265P;0.225844416
S265R;1.001385902
S265T;0.996341429
S265W;1.13737077
S265V;0.858819955
S265Y;0.963030419
V266A;1.122065307
V266C;0.936312069
V266E;0.895780402
V266D;1.076808787
V266G;0.733014971
V266F;0.974992922
V266I;0.777065107
V266H;-0.416173847
V266K;0.890299513
V266M;0.413369563
V266L;0.888133992
V266N;1.071538899
V266Q;1.117947035
V266P;0.852247634
V266S;0.946810136
V266R;0.741851062
V266T;1.055445095
V266W;-0.406036216
V266Y;0.862290121
S267A;0.790643243
S267C;0.975684932
S267E;1.256363033
S267D;1.142971467
S267G;1.231402775
S267F;0.745418992
S267I;0.985856312
S267H;0.430975883
S267K;0.79284039
S267M;0.779714313
S267L;0.962080509
S267N;1.027395183
S267Q;0.523254533
S267P;0.424204217
S267R;0.956012586
S267T;1.278478234
S267W;0.969165202
S267V;0.893433423
S267Y;0.949796753
N268A;0.979976844
N268C;0.845130086
N268E;0.59957477
N268D;0.317134249
N268G;1.275137107
N268F;0.817951459
N268I;0.554094604
N268H;0.462982466
N268K;0.726184221
N268M;-0.356744719
N268L;1.222117859
N268Q;1.622131209
N268P;0.043436055
N268S;1.658892443
N268R;0.951084672
N268T;0.56199723
N268W;1.293679466
N268V;0.790421967
N268Y;0.786976411
L269A;-0.008843565
L269C;0.567427999
L269E;0.783666291
L269D;-0.289043917
L269G;1.395853179
L269F;0.802890336
L269I;-0.054785218
L269H;-0.386044778
L269K;0.813678845
L269M;0.620274901
L269N;0.228684546
L269Q;-0.403788612
L269P;-0.330455601
L269S;1.338787789
L269R;1.049733877
L269W;0.867268236
L269Y;0.337069441
H270A;-0.316844761
H270C;0.573334051
H270E;0.290077848
H270D;0.616481318
H270G;-0.424076975
H270F;1.100327025
H270I;0.555090833
H270K;0.71825786
H270M;0.00546937
H270L;1.185387907
H270N;0.759978359
H270Q;0.371983409
H270P;-0.103541252
H270S;0.661164493
H270R;0.323081174
H270T;-0.243066447
H270V;0.099613819
H270Y;0.899367489
V271A;0.799518918
V271C;1.255390869
V271E;0.824014857
V271D;1.40851998
V271G;0.399466693
V271F;0.990305859
V271I;-0.2898782
V271K;-0.208657368
V271M;0.968921074
V271L;1.109454656
V271N;1.477647876
V271Q;1.341969048
V271P;-0.307264083
V271S;0.640612664
V271R;-0.34782857
V271Y;0.554238937
E272A;0.581484035
E272C;0.107812207
E272D;0.385602749
E272G;0.576892095
E272F;0.599577465
E272I;0.759711456
E272H;1.031537876
E272K;1.038993939
E272M;-0.297837548
E272L;0.640047906
E272N;0.987224464
E272Q;0.139939667
E272P;0.806065816
E272S;0.882458451
E272R;0.917389452
E272T;-0.41842002
E272W;0.050908928
E272V;1.099727718
E272Y;0.302416312
P273A;-0.285978026
P273C;0.870990271
P273E;1.374786856
P273D;1.28441003
P273G;1.218849449
P273F;0.643066225
P273I;0.663399326
P273H;0.224609733
P273K;0.962397198
P273M;1.014893422
P273L;1.458981359
P273N;1.213417459
P273Q;0.626480345
P273S;1.206076281
P273R;0.812886283
P273T;1.332499413
P273W;-0.338743633
P273V;0.982222683
P273Y;0.828172418
C274A;-0.050419391
C274E;0.898632725
C274D;1.100589663
C274G;0.792993771
C274F;0.576712922
C274I;0.999520124
C274H;1.205332126
C274K;0.357763265
C274L;1.093742483
C274N;-0.218097562
C274Q;0.729277977
C274P;-0.204388098
C274S;0.746156839
C274R;1.195338699
C274T;1.546831614
C274W;-0.198333236
C274V;0.850869955
C274Y;1.249461849
G275A;0.797279213
G275C;1.047613482
G275E;-0.43706546
G275D;1.175615936
G275F;0.435575146
G275I;0.432525509
G275H;1.11404638
G275K;-0.333539002
G275M;0.805750579
G275L;1.012632777
G275Q;0.432242643
G275P;0.630361697
G275S;0.698855919
G275R;0.520825582
G275T;0.907153784
G275V;1.009645516
G275Y;1.256617517
T276A;1.087436436
T276C;0.79817706
T276E;-0.386184229
T276F;1.07634134
T276I;0.538648865
T276K;0.091142689
T276L;0.27216296
T276Q;0.180823318
T276S;0.973421925
T276R;0.963478264
T276W;-0.031711136
T276V;0.570383832
T276Y;0.378285145
N277A;0.752141169
N277C;0.67669103
N277E;-0.294746126
N277D;0.712989832
N277G;0.987072771
N277F;-0.294848155
N277I;0.7721976
N277H;-0.416027883
N277K;-0.332994666
N277M;0.689938874
N277L;1.410583441
N277Q;0.994628512
N277P;0.547926462
N277S;0.868693497
N277R;0.552505336
N277T;0.304681326
N277V;0.65274598
N277Y;0.822219303
T278A;0.747179753
T278C;0.91617511
T278E;0.374759512
T278D;0.51455682
T278G;1.17326933
T278F;0.979075109
T278I;0.848590522
T278H;-0.075197604
T278K;0.662485377
T278L;0.987294967
T278N;0.570657766
T278Q;0.683952592
T278P;-0.231889554
T278S;0.708285635
T278R;0.770065192
T278V;0.766661353
T278Y;0.736624322
H279A;0.479112177
H279E;1.15170381
H279D;1.549746643
H279G;-0.390011287
H279F;1.289785553
H279I;-0.290162272
H279K;0.657173683
H279M;-0.394848849
H279L;0.974404788
H279N;0.982978915
H279Q;-0.03066153
H279P;-0.42747428
H279S;0.88228618
H279R;0.910424391
H279T;0.366787085
H279W;0.874743816
H279V;0.830818763
H279Y;0.706158547
A280C;1.614923637
A280D;0.252907518
A280F;-0.208657368
A280I;0.302178954
A280H;-0.37269056
A280K;0.960023692
A280L;-0.032306916
A280N;-0.338844708
A280Q;1.320783159
A280P;-0.292916774
A280S;0.995441249
A280R;1.062445534
A280T;0.98042612
A280V;0.963346545
A280Y;1.139921577
S281C;0.917273156
S281E;1.42951778
S281D;-0.392232587
S281G;1.023672336
S281F;0.773154743
S281I;0.853712063
S281H;-0.19580325
S281K;0.752947492
S281L;1.19864723
S281N;1.011196133
S281Q;-0.049455501
S281P;0.783048734
S281R;0.603520833
S281T;1.257113782
S281W;-0.197940532
S281V;0.419190527
S281Y;0.958564518
S282C;0.61354611
S282E;0.655902494
S282G;0.460713572
S282F;1.175061252
S282I;0.58677383
S282H;-0.01686974
S282M;0.755606611
S282L;0.503699641
S282N;-0.128664467
S282Q;-0.146305817
S282P;0.846657609
S282R;-0.375552328
S282T;0.208486313
S282V;1.042237717
S282Y;0.719549369
L283A;0.889106324
L283C;0.437355592
L283E;-0.247456057
L283G;0.429543747
L283F;1.396312831
L283I;0.912892927
L283H;-0.297188373
L283K;0.786788847
L283N;-0.210468603
L283P;0.847288019
L283S;0.628038913
L283R;0.568908897
L283T;0.537307844
L283W;0.243932221
L283V;0.356200923
L283Y;1.187078793
Q284A;0.388189041
Q284C;-0.254401992
Q284E;-0.054076123
Q284D;-0.274199389
Q284G;0.603156747
Q284F;-0.270572118
Q284I;1.407010421
Q284H;1.023879807
Q284K;0.850004447
Q284L;0.609742838
Q284N;0.664568378
Q284P;-0.287810617
Q284S;0.850018403
Q284R;-0.018791755
Q284T;-0.355798035
Q284V;-0.052501228
Q284Y;-0.336468548
H285C;-0.087336152
H285E;-0.361792204
H285D;0.632234655
H285G;1.149584834
H285F;0.427344217
H285I;0.874971835
H285K;-0.376201956
H285M;1.254150768
H285L;0.971693611
H285N;0.877619867
H285Q;0.518530088
H285P;0.417048376
H285S;0.484561732
H285R;0.711935165
H285T;0.235357667
H285W;-0.398708677
H285V;0.064783767
H285Y;0.757013451
E286C;1.219299039
E286D;0.924911123
E286G;0.712169599
E286F;1.022314311
E286I;0.459008644
E286K;1.054448446
E286L;0.688221391
E286N;-0.08084513
E286Q;-0.412089071
E286P;-0.140258394
E286S;0.153964161
E286R;-0.149670394
E286V;0.741317223
E286Y;1.028550679
N287A;-0.398822777
N287G;0.036136326
N287F;-0.208657368
N287I;0.594820972
N287K;-0.027166648
N287L;-0.278551299
N287Q;-0.330228439
N287P;-0.239030653
N287S;-0.386937641
S288C;0.535393806
S288G;-0.297873214
S288F;0.239136322
S288I;0.051329491
S288L;0.896685892
S288N;0.898326822
S288R;0.166534154
S288T;-0.226769077
S288V;0.687945121
S289E;0.654020183
S289D;-0.123984668
S289G;-0.398666494
S289F;0.74127131
S289I;0.217445221
S289L;0.881878083
S289N;0.912278364
S289R;0.867232964
S289T;0.266813323
S289V;0.688684499
L290A;1.16199588
L290C;1.037602002
L290E;-0.34761298
L290D;1.190295181
L290G;0.593132836
L290F;0.985927453
L290I;-0.427725584
L290H;1.102049227
L290K;-0.301834841
L290M;-0.300643526
L290N;-0.295807075
L290P;0.780012707
L290S;1.24772733
L290R;-0.336632524
L290T;0.219885294
L290W;-0.258298225
L290V;-0.334550054
L290Y;1.158294214
L291A;-0.31350796
L291G;1.344878645
L291F;-0.339619554
L291I;-0.312791311
L291H;0.740086801
L291M;-0.277765997
L291N;0.955876485
L291Q;1.318575235
L291P;-0.414630999
L291S;0.768942136
L291R;0.19151634
L291T;-0.220592823
L291W;0.638623793
L291V;0.828740878
L291Y;1.161633923
L292E;-0.326034721
L292G;0.869232673
L292F;0.93740743
L292I;-0.301048814
L292H;0.550853384
L292N;0.074189966
L292Q;0.720043873
L292P;0.234175893
L292W;0.558411342
L292V;-0.18566549
L292Y;-0.418947442
T293A;0.811366081
T293I;1.193899576
T293S;-0.329073901
T293D;-0.219763319
T293N;0.094615391
K294A;0.905701393
K294E;-0.191525905
K294G;0.872043325
K294I;0.155483844
K294H;-0.239093969
K294M;-0.286007529
K294L;0.336137193
K294N;0.628623545
K294Q;0.530532314
K294P;-0.402969699
K294S;0.939895368
K294R;0.911540194
K294T;1.014146471
K294W;-0.264548175
K294Y;0.299669821
D295A;-0.36721277
D295C;0.104970831
D295E;0.4558782
D295G;0.887321193
D295F;1.139024683
D295I;-0.308340942
D295H;0.110179061
D295K;-0.202710671
D295M;0.821240098
D295L;1.004572742
D295N;1.133698825
D295P;0.743038627
D295S;0.734399232
D295R;0.49986262
D295T;0.322213718
D295W;0.994844132
D295V;-0.228028773
D295Y;0.709049306
R296A;-0.06527926
R296C;-0.428640226
R296E;0.874078275
R296D;-0.038797091
R296G;0.901227904
R296F;0.206060459
R296I;1.056494866
R296H;0.925011509
R296K;1.339448512
R296M;-0.229941331
R296L;1.364757737
R296N;-0.206712014
R296P;0.483085343
R296S;0.884716188
R296T;0.935886323
R296W;-0.355863573
R296V;0.646719476
R296Y;0.882385266
M297A;0.051466763
M297C;0.78580287
M297E;-0.362178336
M297D;-0.344310628
M297G;0.646588576
M297F;-0.387741247
M297I;1.325650195
M297H;0.788972375
M297K;-0.163796349
M297L;0.973178158
M297N;0.56080067
M297P;0.32015466
M297S;0.763956891
M297R;0.866872053
M297T;0.972897802
M297W;0.725074042
M297V;0.266027705
M297Y;0.681302221
N298G;-0.226874881
N298F;0.086593975
N298I;0.532112958
N298H;-0.193547296
N298K;0.672325315
N298M;0.607476914
N298L;0.820274742
N298S;0.783513978
N298R;-0.386455006
N298T;1.224513098
N298V;1.300342033
N298Y;-0.206091706
V299A;0.780399989
V299C;0.071541764
V299D;0.295340793
V299G;0.088848548
V299F;1.400163439
V299I;1.144090117
V299K;1.108543166
V299M;-0.140905792
V299L;0.750159082
V299Q;1.182306613
V299R;0.391009556
V299T;-0.315642913
V299W;-0.444041217
V299Y;-0.266932844
E300A;-0.209298511
E300D;0.834800573
E300G;0.534481067
E300F;0.082469465
E300I;-0.41329305
E300H;1.278494883
E300K;0.886471597
E300L;0.171096436
E300Q;0.658248506
E300P;1.004958052
E300S;-0.249991879
E300V;0.810034269
K301C;-0.257041061
K301E;0.916669092
K301D;0.07035562
K301I;0.7797436
K301M;-0.205797857
K301N;0.897423756
K301Q;0.050750492
K301S;-0.341963003
K301R;0.840978232
K301T;0.917323008
K301V;0.241957632
A302D;1.622481701
A302G;1.487293131
A302F;0.589916901
A302L;-0.17087644
A302N;1.854364955
A302P;0.835936272
A302S;1.133890171
A302T;1.374496643
A302V;1.071735175
E303A;-0.365832395
E303D;1.270390877
E303G;1.192521044
E303K;1.296829864
E303L;1.464553191
E303Q;1.526466095
E303V;0.761057369
E303Y;-0.208657368
F304C;0.093481432
F304D;0.151741858
F304I;-0.123750991
F304H;0.560075678
F304M;-0.078318526
F304L;1.53285496
F304N;0.186543655
F304S;1.2010576
F304V;1.287902805
F304Y;1.456258007
