variant;y2h
D2A;1.02348371
D2E;0.380178308
D2G;1.106984779
D2I;0.802210456
D2H;0.468428015
D2K;0.96899767
D2L;0.429757499
D2N;0.967644721
D2P;1.022229462
D2S;0.96129765
D2T;1.039824078
D2V;0.770658469
D2Y;1.043876456
L3A;1.001270776
L3D;0.267824897
L3G;1.030674686
L3F;0.949717942
L3I;1.019960031
L3H;0.276398899
L3K;0.960624543
L3M;0.553711396
L3N;0.328643384
L3Q;0.954452498
L3P;0.792276632
L3S;0.933123802
L3T;1.131620433
L3W;0.862560395
L3V;0.479014614
L3Y;0.749216624
S4A;0.953258666
S4C;1.023986679
S4E;1.085758253
S4D;1.092348144
S4G;1.010976818
S4F;1.088748663
S4I;1.079807133
S4H;0.755537248
S4M;0.567581974
S4L;0.965040531
S4N;1.004475272
S4Q;0.952366076
S4P;0.60223361
S4R;0.546802687
S4T;1.014575759
S4W;0.843522428
S4V;0.965313722
S4Y;0.999312516
A5C;0.935355248
A5E;0.293086305
A5D;1.041405073
A5G;0.959583471
A5F;1.046728372
A5I;0.951168819
A5H;0.364604686
A5K;0.491342011
A5M;1.041968456
A5L;0.914302864
A5N;1.162921742
A5Q;0.99913264
A5S;0.97171803
A5R;0.964353732
A5T;1.017161107
A5W;1.150466559
A5V;1.033943305
L6A;0.945220931
L6C;0.881708986
L6E;0.951004473
L6D;0.967492959
L6G;0.960269342
L6F;1.01618502
L6I;0.960514081
L6H;1.056048583
L6K;0.987182848
L6M;0.987050854
L6N;1.048845094
L6Q;0.910106016
L6P;0.863560249
L6S;0.933432626
L6R;1.024705019
L6T;0.993441827
L6W;1.093034247
L6V;0.987466401
L6Y;1.011478324
R7A;1.009201159
R7C;1.041560703
R7E;1.011568859
R7D;1.053003647
R7G;1.027683303
R7F;1.064238487
R7I;1.025695867
R7H;0.988885789
R7K;0.959477007
R7M;1.048159979
R7L;1.047771045
R7N;1.043423189
R7Q;0.898996359
R7P;1.006877132
R7S;0.992593263
R7T;1.017471753
R7W;0.574264348
R7V;0.995859639
R7Y;1.065787407
V8A;0.941206527
V8C;0.988887086
V8E;1.030430737
V8D;0.991117037
V8G;0.957736447
V8F;1.006249432
V8I;0.988437281
V8H;1.0107275
V8K;1.007347823
V8M;1.117917334
V8L;0.968127408
V8N;1.03021939
V8Q;0.957606375
V8P;1.029042374
V8S;0.934927572
V8R;0.994376579
V8T;1.092349144
V8W;0.971660003
V8Y;1.025832483
E9A;1.008113282
E9C;1.132748428
E9D;0.822527369
E9G;0.980287171
E9F;1.214741636
E9I;1.068368735
E9H;0.916744493
E9K;0.899543869
E9M;0.916434795
E9L;1.035263675
E9N;1.007584976
E9Q;0.966426243
E9P;0.859935915
E9S;0.907979408
E9R;1.024478701
E9T;0.984441182
E9W;1.192664739
E9V;1.014077606
E9Y;1.130225982
E10A;0.938944256
E10C;1.012711335
E10D;1.060366835
E10G;0.916404036
E10F;1.069061301
E10I;1.060201696
E10H;1.01022532
E10K;0.828092385
E10M;0.920709071
E10L;1.027451617
E10N;0.705324028
E10Q;1.020036232
E10P;0.923894104
E10S;0.937745328
E10R;0.967930208
E10T;1.032177557
E10W;1.031057471
E10V;1.007555338
E10Y;0.912464325
V11A;0.979010265
V11C;0.928046452
V11E;0.154818356
V11D;-0.349119615
V11G;0.82861954
V11F;0.929415091
V11I;0.987351425
V11H;0.9048103
V11K;0.75208504
V11M;0.898488147
V11L;0.962682567
V11N;0.421087776
V11Q;0.720338189
V11P;0.650175367
V11S;0.895142035
V11R;0.660892845
V11T;0.863945347
V11W;1.070469941
V11Y;0.86072527
Q12A;0.857852353
Q12D;0.914330877
Q12G;0.670456836
Q12F;0.90684297
Q12I;0.344563892
Q12H;1.076594307
Q12K;0.951211025
Q12M;1.102080096
Q12L;0.978292754
Q12N;1.078698845
Q12P;0.634312685
Q12S;0.917713881
Q12R;1.03966526
Q12T;0.952843865
Q12V;0.834918492
Q12Y;0.965969427
N13A;0.227689742
N13E;1.013442253
N13D;0.44831587
N13G;1.085078203
N13F;1.051531507
N13I;1.068739724
N13K;0.477756674
N13L;0.399126293
N13P;0.139630003
N13S;1.029147882
N13R;0.999323618
N13T;0.974378637
V14A;1.078218021
V14C;0.488501357
V14D;1.013904797
V14G;0.958240025
V14F;1.058458375
V14I;1.080155823
V14L;1.048583393
V14P;-0.363859133
V14W;0.946345311
V14Y;-0.506173645
I15A;0.854377686
I15C;0.742014152
I15E;0.465899495
I15D;-0.188343458
I15F;0.836598669
I15H;0.571485751
I15K;-0.084530852
I15M;1.102611743
I15L;0.892912387
I15N;0.074854539
I15Q;0.757699567
I15S;0.451456522
I15T;0.823815047
I15W;0.553923515
I15V;1.013779821
N16A;0.928266088
N16C;0.947300207
N16E;1.039251025
N16D;1.00861092
N16G;0.94100595
N16F;1.051894693
N16I;0.919083258
N16H;0.896465857
N16K;0.903164842
N16M;1.05050325
N16L;0.978587288
N16Q;1.018344062
N16P;0.550396132
N16S;0.97198458
N16R;0.901224859
N16T;0.827032293
N16W;1.1368779
N16V;0.929601428
N16Y;0.959673777
A17C;1.055966395
A17E;1.033581388
A17D;0.998227579
A17G;1.024853947
A17F;0.640310445
A17I;0.974070864
A17H;1.140652747
A17K;1.05050483
A17M;0.907681855
A17L;1.091042708
A17N;0.980058366
A17Q;0.921020769
A17P;0.250683953
A17S;1.001959926
A17R;0.987751539
A17T;0.977245203
A17W;0.73041508
A17V;1.091332036
A17Y;1.096737822
M18A;0.979330209
M18C;1.00565509
M18E;0.483968599
M18D;-0.190718457
M18G;0.70060261
M18F;0.917159298
M18I;1.002818675
M18H;0.240023829
M18K;0.203495987
M18L;0.949380838
M18N;-0.197460044
M18Q;0.74848723
M18P;-0.218359701
M18S;0.602900059
M18R;0.3464279
M18T;0.84259788
M18W;0.858935577
M18V;0.982998354
M18Y;0.906267943
Q19A;0.748051985
Q19C;0.570619401
Q19E;0.785268281
Q19D;0.572421629
Q19G;1.040061173
Q19F;0.816401763
Q19I;0.911366475
Q19H;1.024373601
Q19K;0.797394005
Q19M;0.885581769
Q19L;0.86849207
Q19P;0.777915045
Q19S;0.877789539
Q19R;0.973011017
Q19T;0.822820823
Q19W;1.043125514
Q19V;0.937312744
Q19Y;0.883054674
K20A;0.959175786
K20C;1.195097457
K20E;0.942069362
K20D;0.884490668
K20G;1.054389616
K20F;1.140073003
K20I;1.157246015
K20H;1.032235142
K20M;1.042007369
K20L;1.074761776
K20N;1.06941928
K20Q;1.056115105
K20P;0.93146698
K20S;1.031478584
K20R;1.054811627
K20T;1.114437086
K20W;0.979978629
K20V;1.072960975
K20Y;1.118032556
I21A;1.010560728
I21C;1.056742613
I21E;1.114684509
I21D;0.885025336
I21G;1.038475377
I21F;0.989159403
I21H;0.979752189
I21K;1.032938231
I21M;0.987112504
I21L;1.027026462
I21N;0.999351587
I21Q;0.962039229
I21P;0.963672607
I21S;0.957137498
I21R;1.036311763
I21T;1.016982617
I21W;0.951047343
I21V;1.003040779
I21Y;1.124558787
L22A;1.025066214
L22C;1.064239825
L22E;0.032116329
L22D;0.609131936
L22G;0.910724574
L22F;1.010072776
L22I;1.00908579
L22H;0.945446312
L22K;0.043845181
L22M;0.969684694
L22N;0.931161625
L22Q;0.703887149
L22P;0.5855382
L22S;0.985437749
L22R;0.281525904
L22T;1.010833872
L22W;1.06424682
L22V;1.030803595
L22Y;1.101969112
E23A;1.062641823
E23C;1.007018034
E23D;1.025315485
E23G;1.018537599
E23F;0.995510246
E23I;1.126379592
E23H;0.917172219
E23K;1.038572428
E23M;0.877309927
E23L;1.063020759
E23N;1.085088494
E23Q;1.086838341
E23P;0.692237882
E23S;1.056220061
E23R;0.977966087
E23T;1.157588522
E23W;1.051738601
E23V;1.092356903
E23Y;1.034800713
C24A;0.144560772
C24E;0.505207634
C24D;0.641649478
C24G;0.448243089
C24F;0.742060948
C24I;0.47095918
C24H;0.042150757
C24K;-0.160542799
C24M;0.32182419
C24L;0.156062051
C24N;0.085459999
C24Q;0.378491895
C24S;0.070112347
C24R;0.129170355
C24T;0.17706568
C24W;1.164923327
C24V;0.590471532
C24Y;0.410036533
P25A;1.100681897
P25C;1.127329322
P25E;1.079094421
P25G;1.205291301
P25F;1.224125371
P25I;0.934623883
P25H;0.986593539
P25K;0.956635728
P25L;0.676816112
P25N;0.325273996
P25Q;0.50976614
P25S;0.882816798
P25R;1.132591546
P25T;0.993951591
P25W;0.698074889
P25V;0.611963833
P25Y;1.130872331
I26A;1.044882829
I26C;1.066487066
I26E;1.110604319
I26D;1.00808318
I26G;1.053022193
I26F;1.065524461
I26H;1.061652381
I26K;1.031027115
I26M;1.070872166
I26L;1.05008504
I26N;1.060580691
I26Q;0.803009393
I26P;0.458532958
I26S;1.007070562
I26R;1.115573038
I26T;0.968851413
I26W;1.141455854
I26V;1.040312647
I26Y;0.946545582
C27A;0.164406586
C27E;0.601111726
C27D;0.796144138
C27G;0.557508518
C27F;0.157189117
C27I;0.031338304
C27H;0.710066168
C27K;0.260878025
C27M;0.113186877
C27L;0.329069806
C27N;0.528651146
C27Q;0.29128807
C27P;0.402629371
C27S;0.384382375
C27R;0.327928666
C27T;0.519804276
C27W;0.178497658
C27V;0.120621858
C27Y;0.221935957
L28A;1.02244889
L28C;1.045717376
L28E;1.033428629
L28D;0.998356696
L28G;0.969301204
L28F;1.023520309
L28I;1.078276301
L28H;1.069302852
L28K;1.05946716
L28M;0.915497045
L28N;0.916312565
L28Q;1.016393392
L28P;0.932150177
L28S;0.991688373
L28R;0.995845832
L28T;0.982474525
L28W;0.922603826
L28V;0.934315377
L28Y;1.069518618
E29A;0.930044641
E29C;0.911667757
E29D;0.94576172
E29G;0.935194462
E29F;0.942464555
E29I;1.01191528
E29H;0.909527398
E29K;0.891629165
E29M;0.889899346
E29L;0.982490106
E29N;0.951236264
E29Q;0.929695129
E29P;0.627624391
E29S;0.984130652
E29R;0.883115186
E29T;0.91915587
E29W;0.925531229
E29V;0.961785716
E29Y;0.890844723
L30A;0.794129069
L30C;0.914065199
L30E;0.979420297
L30D;0.931510389
L30G;1.104325783
L30F;1.113898229
L30I;1.07957034
L30H;0.609313863
L30K;0.980083946
L30M;0.929550108
L30N;1.13307582
L30Q;0.980355191
L30P;1.096981707
L30S;1.008180982
L30R;1.006645195
L30T;0.946922533
L30W;1.189427589
L30V;1.005959056
L30Y;1.083561041
I31A;1.033101925
I31C;1.095662975
I31E;1.016151763
I31D;0.96325967
I31G;0.98078072
I31F;0.96840844
I31H;0.953108547
I31K;0.947009149
I31M;0.962735252
I31L;1.03580305
I31N;0.967726039
I31Q;1.084646705
I31P;1.02095533
I31S;0.912109345
I31R;0.966806989
I31T;0.948244903
I31W;1.062785822
I31V;1.016253192
I31Y;0.922903936
K32A;0.883982884
K32C;0.828524348
K32E;0.82497396
K32D;0.796191701
K32G;0.919979804
K32F;0.901870766
K32I;0.858722741
K32H;0.914743775
K32M;0.746785542
K32L;0.834995002
K32N;0.95787593
K32Q;0.980556112
K32P;0.978630906
K32S;0.844568835
K32R;0.980859037
K32T;0.893776531
K32W;0.902772312
K32V;0.830965157
K32Y;0.79789381
E33A;0.953648847
E33C;0.868324471
E33D;1.044242037
E33G;0.954908265
E33F;0.932962811
E33I;0.952893897
E33H;0.90065432
E33K;0.873875305
E33M;0.997668542
E33L;0.959464654
E33N;0.953176383
E33Q;0.904291841
E33P;0.851520406
E33S;0.958801797
E33R;0.820496156
E33T;0.94251511
E33W;1.007304797
E33V;0.929326683
E33Y;0.970488826
P34A;1.111165159
P34C;0.962001997
P34E;0.85097008
P34D;0.798642884
P34G;0.9989313
P34F;0.878405824
P34I;0.620955335
P34H;0.955400361
P34K;0.977925478
P34M;0.876211041
P34L;0.709843875
P34N;0.925106844
P34Q;0.777378673
P34S;0.943414773
P34R;0.940411815
P34T;0.840493276
P34W;0.74561379
P34V;0.880094201
P34Y;0.823228718
V35A;0.993286228
V35C;1.011074116
V35E;0.903069831
V35D;0.699452714
V35G;0.798459827
V35F;0.919370883
V35I;0.977790853
V35H;0.966350615
V35K;0.930825784
V35M;0.869138985
V35L;0.96629031
V35N;0.87444885
V35Q;0.789125687
V35P;0.601601909
V35S;0.976359247
V35R;0.944206318
V35T;1.034037103
V35W;0.996610466
V35Y;1.052221779
S36A;0.996078043
S36C;1.02622288
S36E;1.174412944
S36D;1.103083408
S36G;0.930645153
S36F;0.973275829
S36I;1.001183149
S36H;0.834629347
S36K;1.118973224
S36M;1.01796431
S36L;0.934092027
S36N;0.963845628
S36Q;0.881727276
S36P;0.949692629
S36R;0.999330546
S36T;0.928610056
S36W;1.061613892
S36V;1.028780059
S36Y;1.016291805
T37A;1.206980989
T37C;1.067773449
T37E;0.955647585
T37D;0.89059368
T37G;1.067822878
T37F;1.098127716
T37I;0.932200063
T37H;1.049842291
T37K;0.800686898
T37M;1.043284913
T37L;0.97520725
T37N;1.091145449
T37Q;1.045361337
T37P;1.180730103
T37S;1.010152855
T37R;0.792906599
T37W;1.09366048
T37V;1.064119222
T37Y;1.1603612
K38A;1.155542936
K38C;1.092922301
K38E;1.181775211
K38D;1.152937726
K38G;1.044862056
K38F;1.154000156
K38I;1.080736853
K38H;1.082894927
K38M;1.115075252
K38L;1.123134073
K38N;1.150417037
K38Q;1.126066965
K38P;1.077780644
K38S;1.167711165
K38R;1.084197788
K38T;0.973646456
K38W;0.393714565
K38V;1.095974599
K38Y;0.995849863
C39A;0.606442807
C39E;0.857256713
C39D;0.823811425
C39G;0.875826641
C39F;0.596193774
C39I;0.244245897
C39H;0.716709327
C39K;0.306655306
C39M;0.445170285
C39L;0.364409432
C39N;0.530614754
C39Q;0.450615771
C39P;0.60903289
C39S;0.658054733
C39R;0.230074084
C39T;0.613636873
C39W;0.517847608
C39V;0.345799248
C39Y;0.583345914
D40A;0.952820762
D40C;1.049926932
D40E;1.070073252
D40G;0.994416801
D40F;0.953069677
D40I;0.969203993
D40H;1.117999346
D40K;0.390670697
D40M;0.93076922
D40L;1.10563451
D40N;1.077095972
D40Q;0.958445716
D40P;1.109494423
D40S;0.979195702
D40R;1.007814669
D40T;0.988067493
D40W;1.063967703
D40V;1.067387193
D40Y;1.022409988
H41A;0.923667614
H41C;0.95257219
H41E;1.051250229
H41D;1.003902974
H41G;0.910081953
H41F;0.862915481
H41I;0.938751167
H41K;0.845178632
H41M;0.926665279
H41L;0.983773955
H41N;0.921452173
H41Q;0.924504437
H41P;0.365003381
H41S;0.912564012
H41R;0.916616265
H41T;0.841326136
H41W;1.012580988
H41V;0.97193873
H41Y;0.942707783
I42A;0.948220127
I42C;1.092315736
I42E;1.132193876
I42D;0.834163464
I42G;0.969200463
I42F;1.070130153
I42H;1.014128839
I42K;1.028943585
I42M;0.541676586
I42L;0.980065435
I42N;1.065446795
I42Q;0.957557209
I42P;1.094276052
I42S;1.104854203
I42R;0.936202562
I42T;1.116441116
I42W;0.858426494
I42V;0.968590041
I42Y;0.786983516
F43A;0.986866287
F43C;0.697804652
F43E;0.773298493
F43D;0.773556208
F43G;0.983518644
F43I;0.977410858
F43H;0.83542378
F43K;0.582916004
F43M;0.964773588
F43L;1.012421241
F43N;0.673152909
F43Q;0.327275845
F43P;0.492988726
F43S;1.043044426
F43R;0.87262396
F43T;0.981900424
F43W;0.309535935
F43V;1.096029119
F43Y;0.986152284
C44A;0.029592407
C44E;0.407515642
C44D;0.979623491
C44G;0.980719472
C44F;0.015846487
C44I;-0.204457003
C44H;0.86717109
C44K;0.206332876
C44M;0.398478989
C44L;-0.071193047
C44N;0.428794278
C44Q;-0.278483797
C44P;0.384245031
C44S;0.533362283
C44R;0.222171941
C44T;0.100983617
C44W;-0.222998967
C44V;-0.048153072
C44Y;0.048143817
K45A;0.946868289
K45C;0.990751716
K45E;1.022908364
K45D;1.042769795
K45G;0.920648079
K45F;1.102560724
K45I;1.037875161
K45H;1.100474438
K45M;1.142059329
K45L;1.075840184
K45N;1.037135855
K45Q;1.086475351
K45P;0.989192169
K45S;1.058467444
K45R;1.019186737
K45T;0.987106047
K45W;1.049074806
K45V;0.897094106
K45Y;1.020751225
F46A;0.958840518
F46C;0.962817216
F46E;0.868317653
F46D;0.939753907
F46G;0.99282399
F46I;0.996197893
F46H;0.956083328
F46K;1.001791569
F46M;0.97937484
F46L;1.019279406
F46N;0.894648272
F46Q;1.002742413
F46P;0.84407246
F46S;0.934556555
F46R;0.883719924
F46T;0.96919229
F46W;1.014938006
F46V;1.00964522
F46Y;1.026437485
C47A;0.578641106
C47E;0.839659583
C47D;0.790186457
C47G;0.614815045
C47F;0.423385132
C47I;0.390372831
C47H;1.097256168
C47K;0.420141205
C47M;0.106565533
C47L;0.41670651
C47N;0.786186872
C47Q;0.695134323
C47P;0.24879383
C47S;0.61006294
C47R;0.42641869
C47T;0.584154348
C47W;0.35561942
C47V;0.357160316
C47Y;0.659443398
M48A;1.197792094
M48C;0.439428466
M48G;0.961942335
M48F;0.711524738
M48I;1.03600834
M48H;1.044582523
M48K;0.892656979
M48L;0.984982416
M48S;0.62861173
M48R;0.856408402
M48V;0.998142757
M48Y;0.861416223
L49A;0.969447361
L49C;0.91745666
L49E;0.569871421
L49D;0.814466624
L49G;0.935272213
L49F;0.853087135
L49I;1.034438017
L49H;0.895382097
L49K;0.901817665
L49M;1.071900556
L49N;0.993402773
L49Q;1.010450448
L49P;0.933670387
L49S;0.889678173
L49R;0.943760045
L49T;0.916133254
L49W;1.079544077
L49V;1.042908359
L49Y;1.11464679
K50A;1.075489585
K50C;1.077944881
K50E;1.03548222
K50D;1.076512321
K50G;1.098302337
K50F;0.961811643
K50I;1.288067059
K50H;1.020619153
K50M;1.329709309
K50L;1.07473446
K50N;1.104142694
K50Q;1.061126989
K50P;1.102304214
K50S;1.068020334
K50R;0.941317497
K50T;1.05542188
K50W;1.004668808
K50V;1.078350987
K50Y;0.914487059
L51A;1.023830554
L51C;0.976113701
L51E;1.028993368
L51D;0.859419121
L51G;0.945730464
L51F;0.943201281
L51I;1.029239269
L51H;0.952431161
L51K;1.139064625
L51M;1.000207009
L51N;0.936758223
L51Q;1.00294271
L51P;0.986237185
L51S;1.035534176
L51R;1.065253869
L51T;1.042111589
L51W;0.384108889
L51V;1.080645624
L51Y;0.938841557
L52A;1.036685783
L52C;0.879390217
L52E;0.901898132
L52D;1.072464887
L52G;1.010389739
L52F;1.013800145
L52I;0.956209662
L52H;0.883818099
L52K;1.108824066
L52M;0.980626804
L52N;1.055458877
L52Q;0.962185557
L52P;0.989313027
L52S;0.968004886
L52R;0.985852978
L52T;0.972998773
L52W;0.802615478
L52V;1.01674721
L52Y;0.979850936
N53A;0.892473033
N53C;1.043563901
N53E;0.863741748
N53D;0.945190604
N53G;0.996570126
N53F;0.919527882
N53I;0.888163852
N53H;0.766989208
N53K;0.969429182
N53L;0.905950648
N53Q;1.096722855
N53P;1.049705533
N53S;0.988973574
N53R;0.84846913
N53T;0.994967248
N53W;1.069851318
N53V;0.724982403
N53Y;1.0905189
Q54A;0.986925529
Q54C;0.992751022
Q54E;1.04592961
Q54D;0.986550295
Q54G;0.913069281
Q54F;1.066919374
Q54I;0.941143049
Q54H;1.003331314
Q54K;1.054725413
Q54M;1.015886878
Q54L;0.974868072
Q54N;1.038371826
Q54P;0.975381236
Q54S;1.013503089
Q54R;0.980363561
Q54T;1.00115417
Q54W;1.015668276
Q54V;1.015952166
Q54Y;0.961166074
K55A;0.900042087
K55C;1.151006253
K55E;0.990947406
K55D;0.985825219
K55G;0.877866908
K55F;1.043408507
K55I;0.899633873
K55H;0.840616817
K55M;0.871929102
K55L;1.001282794
K55N;0.987592492
K55Q;0.809262248
K55P;1.077515256
K55S;0.965331521
K55R;1.129715388
K55T;1.032217775
K55W;1.090403315
K55V;0.821685025
K55Y;0.965220511
K56A;1.013915904
K56C;1.049807188
K56E;1.016578572
K56D;0.919869696
K56G;1.064119883
K56F;1.009048757
K56I;1.064186541
K56H;1.041788374
K56M;1.045798988
K56L;1.082616591
K56N;0.939311241
K56Q;0.907584384
K56P;1.091316208
K56S;1.012654801
K56R;1.075891055
K56T;1.075501477
K56W;1.188166779
K56V;1.04954566
K56Y;0.964264388
G57A;0.977564787
G57C;0.859425162
G57E;0.849321409
G57D;0.834075929
G57F;0.899552373
G57I;1.121731402
G57K;1.179580154
G57M;0.840187511
G57L;0.950204552
G57N;0.053105292
G57S;0.949196094
G57R;1.012674344
G57T;0.923570141
G57W;1.109035498
G57V;1.013082895
G57Y;1.104035278
P58A;0.184952956
P58C;1.079808376
P58E;0.989397589
P58G;1.049665899
P58F;1.067777011
P58I;0.990990978
P58H;1.028740343
P58K;0.924468534
P58M;1.061026546
P58L;1.005293415
P58N;1.066040259
P58S;1.031481626
P58R;1.034174019
P58T;0.962138117
P58V;1.119814013
P58Y;1.003959696
S59A;1.105429876
S59C;0.661021902
S59E;0.712470562
S59D;1.056131615
S59G;1.032131891
S59F;0.945307119
S59I;0.904690095
S59H;0.954485799
S59K;0.856060661
S59M;1.114153144
S59L;0.996183151
S59N;0.555754519
S59Q;1.189557495
S59P;0.322926206
S59R;1.036046143
S59T;0.999609057
S59W;0.808953691
S59V;0.948400157
S59Y;0.866493911
Q60C;0.622775934
Q60E;1.172979588
Q60G;0.355712641
Q60I;1.03792041
Q60K;0.97456102
Q60L;1.121480945
Q60P;0.7032527
Q60S;0.636107043
Q60R;1.013729759
Q60T;1.070740671
Q60W;0.387075249
Q60V;0.697203511
Q60Y;1.060786241
C61A;0.602046783
C61E;0.524793755
C61G;0.345880334
C61F;0.685921053
C61I;0.469286197
C61H;0.563963196
C61K;0.368847015
C61M;0.510034193
C61L;0.516317694
C61N;0.536594426
C61P;0.426596489
C61S;0.526102273
C61R;0.470055623
C61T;0.477457609
C61W;0.715651921
C61V;0.634702058
C61Y;0.615614057
P62A;0.83844897
P62C;1.194137761
P62E;0.460857258
P62G;0.964002058
P62F;0.720117064
P62I;1.082143344
P62H;1.056198475
P62K;1.010139772
P62M;0.977972883
P62L;1.019898894
P62N;0.949349776
P62Q;1.054830263
P62S;1.066509074
P62R;0.969000029
P62T;1.035761406
P62V;0.478402945
L63A;1.044028946
L63C;1.032808821
L63E;0.920477561
L63D;1.036084898
L63G;0.962325483
L63F;1.082009971
L63I;0.973667985
L63H;1.033765317
L63K;1.01187321
L63M;1.069589932
L63N;0.897785469
L63Q;0.929216121
L63P;1.032523878
L63S;0.915869128
L63R;0.792095044
L63T;1.019833128
L63W;0.870749609
L63V;0.936469681
L63Y;1.030978458
C64A;0.40823666
C64E;0.904551684
C64D;1.057077747
C64G;0.698381109
C64F;0.619697303
C64I;0.545978838
C64H;0.365060289
C64K;0.487783497
C64M;0.632866517
C64L;0.650191759
C64N;0.379635937
C64Q;0.339955292
C64P;0.39956092
C64S;0.767507112
C64R;0.440511431
C64T;0.476539545
C64W;0.772268321
C64V;0.459712244
C64Y;0.619958253
K65A;1.29394394
K65C;1.31279037
K65E;1.081537189
K65G;1.003804487
K65F;1.151099746
K65I;0.956454041
K65M;1.150952104
K65L;1.114963386
K65N;0.949099482
K65Q;0.781978389
K65P;0.456427945
K65S;1.072853483
K65R;0.988887503
K65T;0.755012726
K65W;1.246905857
K65V;1.08221675
K65Y;1.0887313
N66A;0.882869018
N66E;0.430101284
N66F;0.932998739
N66I;0.914502327
N66M;0.995375059
N66L;1.080671744
N66P;1.165734338
N66S;0.958821597
N66R;1.079830659
N66T;0.86395265
N66V;0.742660437
N66Y;0.945173925
D67A;1.046741202
D67C;1.127480016
D67E;0.724078647
D67G;0.974722346
D67F;1.027928827
D67I;1.062488707
D67H;1.062566497
D67K;0.327058523
D67M;0.367696085
D67L;1.039992144
D67N;1.013947619
D67Q;1.003756685
D67P;1.178176063
D67S;1.063369082
D67R;0.942741559
D67T;0.942408163
D67W;0.272559168
D67V;1.075605669
D67Y;1.080486071
I68A;1.069326821
I68C;1.110763853
I68E;0.273247547
I68D;1.086946526
I68G;1.044858319
I68F;0.985922918
I68H;1.010492133
I68K;0.894398471
I68M;0.9726992
I68L;0.970408665
I68N;0.918879739
I68Q;-0.137107787
I68P;1.025733609
I68S;0.987589084
I68R;0.931595066
I68T;0.859172144
I68W;1.02384558
I68V;1.039685904
I68Y;0.986969014
T69A;0.958457337
T69C;1.061732198
T69E;0.651359348
T69D;1.027112331
T69G;0.837046825
T69F;1.116111144
T69I;1.088316901
T69H;1.204549136
T69K;0.695746994
T69M;0.859388893
T69L;0.890598633
T69N;1.063965282
T69Q;1.114481379
T69P;0.606797972
T69S;1.035813293
T69R;1.032720765
T69W;1.189893186
T69V;1.097017434
T69Y;1.021686736
K70A;1.005478902
K70D;1.082079858
K70G;0.752973516
K70F;1.332507739
K70I;1.366624332
K70M;1.20351984
K70L;1.398104336
K70N;1.040526439
K70Q;0.00123404
K70P;1.027266335
K70S;0.996970795
K70R;1.192706933
K70T;0.947650231
K70W;1.323196901
K70V;1.328200656
K70Y;1.043092704
R71A;0.903042872
R71C;0.90883224
R71E;0.750435955
R71D;0.946750464
R71G;0.972391226
R71F;0.783712368
R71I;0.943533078
R71H;1.082851776
R71K;0.987328696
R71M;0.902481125
R71L;0.956526099
R71N;0.960691961
R71P;0.969725211
R71S;0.867466907
R71T;0.977935345
R71W;1.01470752
R71V;1.015649166
R71Y;1.088699627
S72C;0.884836309
S72D;-0.000191883
S72G;0.87554508
S72F;0.816944187
S72I;0.824814232
S72K;0.125138459
S72L;0.658279891
S72N;1.125957919
S72P;1.145819538
S72R;0.923794596
S72T;0.927763766
S72W;0.794189606
S72Y;0.878922035
L73C;0.306326593
L73D;0.882347916
L73F;0.294285227
L73I;0.899568825
L73H;0.066824759
L73N;1.179433913
L73Q;0.946948076
L73P;0.942461517
L73R;0.810510914
L73W;0.642690547
L73V;0.056488018
L73Y;0.843108597
Q74A;0.398007516
Q74C;1.078913355
Q74D;0.824932057
Q74G;1.0553653
Q74F;1.030662566
Q74I;0.897686237
Q74H;0.806300564
Q74K;0.907364518
Q74L;0.663484329
Q74N;0.930589228
Q74P;0.839252178
Q74S;0.901081682
Q74R;0.913029958
Q74T;0.687154009
Q74V;0.96737045
Q74Y;1.051216149
E75A;0.62828464
E75C;1.041158091
E75D;0.183541709
E75G;0.895431185
E75I;0.309649986
E75H;0.455063239
E75K;0.825176487
E75M;0.922115296
E75L;1.118220282
E75N;1.078596426
E75S;0.734290301
E75R;1.023911603
E75T;1.072257938
E75V;1.090019039
E75Y;0.724882769
S76A;1.033341021
S76C;1.035796713
S76D;1.299167153
S76G;0.743462862
S76F;0.599921547
S76I;1.062314188
S76K;0.623552612
S76M;1.114479517
S76L;0.773550712
S76N;0.877658254
S76Q;1.176712993
S76R;0.867697776
S76V;0.952699401
S76Y;1.243804226
T77A;1.05858398
T77E;1.07620163
T77G;0.887520296
T77F;1.05085793
T77I;0.980608853
T77K;0.996591292
T77M;0.918288559
T77L;0.55956999
T77P;1.001261597
T77S;1.13328105
T77R;0.910698579
T77V;0.950808347
R78A;0.645822805
R78C;0.564191613
R78E;0.653067565
R78D;0.935977654
R78G;0.81903979
R78I;0.965326704
R78H;1.058321351
R78K;0.775565966
R78M;1.012446652
R78L;1.000883067
R78N;0.39243171
R78Q;-0.010203597
R78P;0.628984813
R78S;0.772856437
R78T;0.554834996
R78W;0.640522921
R78V;0.88977742
R78Y;0.788705167
F79A;0.87137152
F79C;1.036563123
F79E;1.082068091
F79D;1.140413679
F79G;1.117537109
F79I;0.994335735
F79H;0.94638487
F79K;0.651468535
F79M;1.017186038
F79L;1.084967389
F79N;1.0230958
F79Q;0.774464859
F79P;0.843372368
F79S;1.048592662
F79R;0.847028906
F79T;0.951015275
F79W;0.979372254
F79V;1.040408804
F79Y;1.072010461
S80A;1.000219207
S80C;1.0222041
S80D;0.955246843
S80G;1.056218122
S80F;0.974165265
S80I;0.880614268
S80H;1.024223823
S80K;0.850247874
S80M;0.993999601
S80L;0.920770947
S80N;1.054722958
S80Q;0.496611881
S80P;0.901179151
S80R;0.942067843
S80T;0.725574969
S80W;0.76142394
S80V;0.970958818
S80Y;0.941085527
Q81A;0.991509259
Q81C;0.944785249
Q81E;1.003977691
Q81D;1.165031721
Q81G;1.079991207
Q81F;1.003090853
Q81I;0.993063822
Q81H;1.084690977
Q81K;0.981869185
Q81M;1.019274629
Q81L;0.987495399
Q81N;0.456857819
Q81P;1.040036296
Q81S;1.026029068
Q81R;1.00691341
Q81T;0.513452517
Q81V;1.010590467
Q81Y;0.890307801
L82A;0.669146429
L82C;1.10669369
L82D;-0.271116067
L82G;0.56859337
L82F;1.023971173
L82I;0.937160914
L82H;0.989952375
L82K;0.024454672
L82M;1.186171921
L82N;0.728565109
L82Q;1.033472775
L82P;0.619008332
L82S;0.642334375
L82R;-0.132190538
L82T;0.797102586
L82V;0.9066978
L82Y;1.035392149
V83A;0.922572697
V83C;0.958842187
V83E;0.925048736
V83D;1.091669527
V83G;1.041987993
V83F;0.933033219
V83I;1.029343666
V83H;0.751977069
V83K;0.591384293
V83M;1.081687848
V83L;1.060339077
V83N;1.010573758
V83P;1.237100757
V83S;1.107088025
V83R;0.981127638
V83T;0.142037046
V83W;0.545498967
V83Y;1.153547643
E84A;0.966156977
E84C;1.020900589
E84D;1.071530513
E84G;1.066500033
E84F;0.727158376
E84I;0.834406929
E84H;-0.130155053
E84K;0.779526941
E84L;0.803911221
E84N;1.054468902
E84P;0.944612224
E84S;0.997667213
E84R;0.831074059
E84T;0.516971221
E84V;0.961498617
E84Y;0.835446229
E85A;0.946651397
E85C;0.908902437
E85D;0.997817899
E85G;0.90623953
E85F;0.624148507
E85H;0.915781106
E85K;0.951167262
E85M;0.957463664
E85L;0.742316277
E85N;0.94634103
E85Q;0.911691851
E85P;1.008604456
E85S;0.937006976
E85R;0.951750556
E85T;0.860832875
E85W;0.091077739
E85V;0.974779058
E85Y;0.2998083
L86A;1.135737777
L86E;0.480636678
L86G;0.906252203
L86F;0.897984243
L86I;0.941482829
L86H;1.019135844
L86K;0.003859431
L86M;1.017723807
L86N;1.019185213
L86Q;0.456525823
L86P;0.799520094
L86R;0.771214118
L86T;0.888042235
L86V;0.806910885
L86Y;0.980959381
L87A;1.014006457
L87C;0.933152452
L87E;1.009664412
L87D;0.693335885
L87G;0.609730646
L87F;0.953076542
L87I;1.012588737
L87H;1.096788142
L87K;0.860804966
L87M;0.969651431
L87N;0.386900333
L87Q;0.489036773
L87P;1.064652035
L87S;1.017074912
L87R;0.887204865
L87T;1.049340479
L87W;1.096373495
L87V;1.060257617
L87Y;1.039349966
K88A;0.853083354
K88C;1.051490195
K88E;0.994292198
K88D;0.937295138
K88G;1.075028963
K88F;1.126593873
K88I;1.084451375
K88H;0.990944963
K88M;1.102934259
K88L;0.941679425
K88N;1.043077444
K88Q;1.030667557
K88P;1.19425546
K88S;1.03578123
K88R;0.970206295
K88T;1.050004915
K88W;0.884648466
K88V;1.147660675
K88Y;1.15825871
I89A;0.92748484
I89C;0.580268851
I89D;0.599837606
I89G;0.343783833
I89F;0.90862451
I89K;-0.105912404
I89M;1.050091773
I89L;1.118692296
I89N;1.002099746
I89Q;1.132220144
I89P;-0.075484959
I89S;0.804572234
I89R;-0.173209898
I89T;0.781503197
I89W;0.849330099
I89V;1.008012511
I89Y;1.054179256
I90A;0.991459875
I90C;0.929441241
I90E;1.099282937
I90D;1.051820826
I90G;0.983698475
I90F;0.891974192
I90H;0.920064973
I90K;1.082643711
I90M;0.585486056
I90L;0.951375713
I90N;0.920650662
I90Q;0.906985107
I90P;0.964442078
I90S;0.987276144
I90R;0.925380583
I90T;0.926284326
I90W;0.938913708
I90V;0.976188744
I90Y;0.901818275
C91A;1.063316423
C91E;1.048138986
C91D;1.093773172
C91G;1.038289361
C91F;0.991329568
C91I;0.900427899
C91H;1.086436705
C91K;0.960997011
C91M;0.880702825
C91L;0.905008879
C91N;0.935253087
C91Q;1.082640599
C91P;1.026393335
C91S;0.993258246
C91R;0.893182546
C91T;1.059608499
C91W;1.040877837
C91V;0.939319818
C91Y;1.0157308
A92C;0.950340534
A92E;0.901602516
A92D;0.993323312
A92G;0.84323649
A92I;0.389471548
A92H;0.847217057
A92K;0.640262236
A92L;0.671925528
A92Q;0.189314329
A92P;-0.21265574
A92S;1.043507162
A92R;0.442695095
A92T;1.027901788
A92W;1.112298576
A92V;0.795343054
A92Y;0.921807228
F93A;0.93851075
F93C;0.379703336
F93E;0.791357789
F93D;-0.055234947
F93G;0.435639291
F93I;0.933157096
F93H;0.938821249
F93K;0.608716933
F93M;1.137475888
F93L;0.882485814
F93N;0.727445683
F93Q;0.714125735
F93P;0.090142603
F93S;0.779361525
F93R;0.51778978
F93T;0.687105683
F93W;-0.31972222
F93V;0.951427866
F93Y;0.957747658
Q94A;0.80211354
Q94C;0.738905862
Q94E;0.94796955
Q94D;0.976430213
Q94G;0.87919324
Q94F;1.000561936
Q94I;0.990788651
Q94H;0.846155404
Q94K;0.498070432
Q94M;0.942520222
Q94L;0.796730871
Q94N;1.076736467
Q94P;0.960201603
Q94S;1.020351395
Q94R;0.924335069
Q94T;1.227750824
Q94W;0.837441266
Q94V;0.962666778
Q94Y;0.797699861
L95A;1.010648161
L95C;1.098146508
L95E;0.878744845
L95D;0.957643815
L95G;0.933618567
L95F;0.981754595
L95I;0.974110493
L95H;0.639548497
L95K;0.779179713
L95N;0.638392072
L95Q;1.017925781
L95P;0.55042962
L95S;0.851383018
L95R;0.899658643
L95T;0.907935712
L95W;1.149399909
L95V;0.949279573
L95Y;1.00597399
D96A;0.311035144
D96C;0.103789731
D96E;0.857955541
D96G;0.043526394
D96F;0.193861886
D96I;0.239715287
D96H;-0.322589388
D96K;-0.170238807
D96L;0.310976167
D96N;0.319989635
D96Q;-0.171516614
D96S;0.268804349
D96R;0.003435241
D96T;0.213822186
D96V;0.445576125
D96Y;0.257872192
T97A;1.049337964
T97D;0.819810247
T97G;0.467970584
T97I;0.974655557
T97K;0.749038784
T97M;0.465937915
T97L;0.793137774
T97Q;0.258116278
T97S;1.025718812
T97R;0.791649693
T97W;1.271693767
G98C;0.947080916
G98D;0.929787789
G98S;0.85676822
G98R;-0.143167069
G98V;1.19732532
L99C;-0.28184602
L99G;0.251468394
L99F;0.877428967
L99I;1.035362394
L99M;0.971666039
L99P;1.007138749
L99S;1.088145423
L99R;0.385397765
L99T;0.857660789
L99W;0.335725584
L99V;0.850914348
E100A;0.839560134
E100C;0.373356887
E100D;0.959132447
E100G;0.9715093
E100I;1.010728532
E100K;0.984841444
E100M;0.960468669
E100L;0.404948773
E100N;0.911165439
E100Q;1.025180371
E100P;1.033986826
E100S;1.028077321
E100R;1.108663933
E100T;0.988339276
E100W;0.353285971
E100V;1.160167875
E100Y;0.500721532
Y101C;1.138069499
Y101F;0.938753759
Y101H;1.003571696
Y101K;-0.417434759
Y101M;0.243813245
Y101L;0.978148354
Y101N;0.278620658
Y101P;1.046373442
Y101S;0.485006919
Y101R;0.410835902
Y101T;0.222416819
Y101V;-0.178386008
A102E;1.041259839
A102H;0.885924163
A102L;0.905059411
A102Q;1.059594042
A102P;1.109130348
A102S;0.740750868
A102T;1.099296978
A102V;1.048678877
A102Y;-0.06166732
N103G;0.690156729
N103I;0.916754597
N103K;1.014171934
N103M;-0.38037843
N103L;0.969130228
N103P;0.850313956
N103R;0.614500512
N103T;1.017192108
N103W;0.449211602
N103V;1.184120436
