variant,fitness
H7H,-0.000291857
H7A,0.089051
H7V,0.12578
G9P,0.040463
T11H,0.14338
L13E,-1.5134
G14W,-1.281
N16Q,-0.15071
V18I,0.099704
G20C,-0.45402
E21T,-0.064529
G23N,0.11281
F27A,-0.22473
I28R,-1.3133
F30L,-0.0052591
G25I,0.0049805
H7C,0.25642
L32G,-0.096011
H7Y,0.15886
G9S,0.10346
A33Y,0.11343
G35S,-0.023848
T11K,0.076605
L13D,-1.4846
A37M,-0.93
G14V,-1.3656
L39D,0.055711
N16P,-1.2039
S40V,0.066527
V18H,-0.37602
G20E,-0.19134
L43A,0.103
R44H,0.047202
E21W,-0.025441
G46E,-0.10626
G23Q,0.19395
D47W,-0.37531
I49Q,-1.2978
F27C,-0.16466
S51I,0.13073
I28T,0.17236
F30N,-0.1253
N53C,0.077202
G54T,-0.0011678
L32F,0.081348
G25H,0.17825
R8A,-0.13465
H7E,0.05012
G9R,0.053143
G34A,0.048486
D56N,0.061543
R58F,-0.073976
G35R,-0.1854
T11M,0.14306
A60C,0.045617
L13G,-1.0526
S61R,0.059063
A37L,-0.79069
G14Y,-1.2059
E63L,-0.22334
N16S,0.070189
L39G,-0.066619
A65F,-1.1223
S40Y,-0.087933
V18K,-0.15147
G20D,-0.31766
L43C,0.12302
A66Y,-0.075195
R44K,0.074514
G46D,-0.33221
A68S,0.015746
G23P,-0.15237
E21V,-0.07889
K70M,0.021731
A72G,0.027198
D47V,-0.032418
I49P,-0.29097
S51H,0.1201
F27E,-0.5209
G73V,0.034765
I28W,-1.7429
F30Q,0.0096463
T75N,0.03239
N53E,0.13133
T77F,0.12454
I78Y,-0.71962
L32I,0.071491
H7D,0.15086
G25K,0.14114
G9T,0.035786
G54W,0.15141
R8C,-0.14907
A80P,-0.16749
G34C,0.11665
D56Q,0.057146
G35T,-0.067684
R58I,-0.025116
L13F,-0.014446
T11L,0.10514
A60E,0.041842
S61T,-0.016919
A37N,-0.75857
N16R,0.016087
E63N,-0.11478
F15A,-0.032796
A65I,-0.30609
L39F,0.010228
G20F,-0.95714
L43E,-1.3132
G41A,0.010455
V18M,0.092222
R44M,0.043269
I67A,0.007359
G46F,0.034771
G23S,0.12495
A68R,0.021326
A72F,-0.16513
K70L,-0.0064595
E21Y,-0.029748
D47Y,-0.049727
S51K,0.052843
I49S,-0.58036
I28V,0.19596
F27D,-0.33166
F30P,-1.5107
G73Y,-0.029734
N53D,-0.034915
T75Q,0.025669
I79A,0.10465
T77I,-0.014164
L32H,0.042483
H7G,0.15733
G9W,0.081249
G54V,-0.0087081
A80S,0.040002
G25M,0.076046
R8E,-0.31382
G35W,-0.23231
G34E,-0.022659
D56P,0.052169
R58H,-0.047501
T11N,0.19642
A60D,-0.15003
L13I,-0.33119
E63Q,-0.10117
N16T,0.11131
A37Q,-0.71884
S61W,-0.01891
A65H,-0.55872
F15C,0.060888
G20I,-1.2924
L39I,0.089179
L43D,-1.2519
R44L,0.073672
G41C,0.05639
V18L,-0.10168
G46I,-0.4348
G23R,0.162
I67C,-0.063203
A72I,-0.092165
A68T,0.060784
S51M,-0.020866
K70N,-0.026397
Q48A,0.0049934
D22A,-0.12458
F30S,0.011626
I28Y,-0.12922
N53G,0.04403
I49R,-1.4872
F27G,-0.13241
Q74A,0.03479
I79C,0.12402
L32K,0.16576
T75P,0.051762
H7F,0.15855
G9V,0.022009
T77H,0.079895
G54Y,0.1961
A80R,-0.010949
G35V,-0.71637
G25L,0.094678
R8D,-0.31008
G34D,0.033127
D56S,0.147
R58K,0.068862
E63P,-0.47753
N16W,0.07268
T11Q,0.20024
A60G,-0.057276
L13H,-0.95967
A65K,-1.3711
A37P,-0.95336
S61V,0.048701
G20H,-0.82772
F15E,-1.4888
L43G,-0.17512
L39H,0.02059
R44N,0.083841
G46H,-0.032702
G23T,0.081788
V18N,-1.0911
G41E,0.018137
I67E,0.047927
A72H,-0.063933
A68W,0.0086505
S51L,0.1408
F30R,-0.08202
K70Q,-0.070481
Q48C,0.090604
D22C,0.028035
S29A,0.052855
N53F,-0.28018
I49T,-0.36627
F27I,-0.1013
I79E,-0.11524
L32M,0.093889
Q74C,-0.011427
H7I,0.19131
G9Y,0.026041
T75S,0.0053453
A80T,0.055121
V55A,0.019983
T77K,0.10653
G35Y,-0.1399
G25N,0.11208
R8G,-0.097655
G34F,0.079252
D56R,0.15549
N16V,0.13298
E63S,-0.22385
R58M,-0.13573
A65M,-0.10832
T11P,0.10882
A60F,-0.00096397
G20K,-1.0998
L13K,-1.52
L43F,0.10139
A37S,-0.03779
F15D,-1.8809
S61Y,0.020456
R44Q,0.098311
L39K,0.036529
G46K,-0.022645
G23W,0.029191
V18Q,-0.083702
G41D,-0.066222
A72K,-0.032791
I67D,0.00082247
S51N,0.04958
A68V,-0.0064728
F30T,-0.094298
S29C,-0.067435
N53I,-0.19782
K70P,-0.30035
Q48E,0.058773
D22E,-0.033063
L32N,-0.13638
I79D,-0.080655
H7K,0.2888
I49W,-0.12922
F27H,0.059844
S10A,0.10726
Q74E,-0.069296
A80W,-0.39208
V55C,0.014546
T75R,0.16251
P36A,0.093252
T77M,0.03321
G25Q,0.068587
R8F,-0.25092
G34I,-0.33708
N16Y,-0.0026603
E63R,-0.38038
D56T,0.084451
A65L,-0.95549
R58L,-0.050709
G20M,-1.1689
L43I,-0.030626
T11S,0.12619
A60I,0.028694
A37R,-0.92187
R44P,-1.0767
F15G,-0.20838
L13M,0.10679
H62A,-1.3442
G46M,0.10876
G23V,0.10474
L39M,0.0018524
A72M,-0.037657
V18P,-1.5234
G41F,-0.080577
S51Q,0.052534
I67G,0.022386
F30W,0.026546
N53H,0.044083
S29E,-0.2942
A68Y,-0.026928
L32Q,-0.078191
K70S,-0.1042
I79G,0.064465
H7M,0.28602
Q48D,-0.43766
D22G,-0.037339
S10C,0.14439
A80V,-0.049155
F27K,-0.11799
I49V,-0.031533
V55E,0.033753
Q74D,-0.10528
P36C,0.052343
T75W,0.035767
T77L,0.082396
G25P,0.28426
R8I,-0.16463
I17A,-1.5385
G34H,0.029794
E63T,-0.20452
A65N,-0.67984
D56W,0.035483
G20L,-1.107
L43H,-0.30128
R58N,-0.071723
T11R,0.10109
A60H,-0.050425
R44S,0.075981
A37T,0.020187
F15I,-0.14219
G46L,-0.3972
G23Y,0.02382
H62C,-0.97709
L13N,-0.39247
L39N,0.068854
A72L,-0.12768
V18S,-0.31807
G41I,-0.40313
S51P,-1.3789
F30V,-0.078421
I67F,-0.083037
N53K,-0.093125
S29D,-0.26639
L32P,-0.028606
L69A,-0.26231
I79F,0.056616
H7L,0.23654
S10E,0.16472
K70R,0.0057528
D22F,0.067161
Q48G,-0.0020368
A80Y,-0.11188
V55D,-0.041024
F27M,0.083419
P36E,-0.11501
I49Y,-1.306
Q74G,0.0031872
T75V,0.10101
T77N,0.014632
E63W,-0.23235
I17C,-1.4619
G25S,0.13151
R8H,-0.13098
G34K,0.050347
A65Q,-0.54552
G20N,-0.63683
L43K,-0.69365
D56V,0.060454
R58Q,-0.048122
R44T,0.050257
T11W,0.056984
A60K,0.070348
G46N,-0.12372
E24A,0.11802
F15H,-0.49198
A37W,-1.1962
H62E,-1.3371
A72N,-0.014335
L13Q,-0.96935
L39Q,-0.0015479
S51R,0.14365
V18R,-0.10809
F30Y,0.032147
G41H,-0.0052937
N53M,0.063746
S29G,-0.11409
I67H,0.067298
L32S,-0.0093181
I79H,0.076772
H7N,0.10288
S10D,0.10149
L69C,-0.011693
K70T,0.0078744
V55G,0.067277
Q48F,0.04369
D22I,-0.047568
P36D,-0.45241
F27L,0.013863
L50A,0.012694
Q74F,0.14894
T75Y,-0.07201
T77Q,-0.010697
E63V,-0.2184
I17E,-1.3878
A65P,-1.1877
G25R,0.17922
G34M,-0.054339
G20Q,-0.67335
R8K,0.12253
L43M,0.022652
D56Y,0.20062
R44W,-0.10003
R58P,-0.20969
E24C,0.15858
G46Q,-0.010376
T11V,0.11901
A60M,-0.043793
F15K,-0.75108
A37V,-0.13958
A72Q,0.10461
H62D,-1.1459
L13P,-1.2278
S51T,0.035924
L39P,-0.61275
I31A,-0.64367
V18T,-0.19285
N53L,-0.080241
G41K,0.046278
S29F,-0.13448
L32R,0.024383
I79K,0.23991
H7Q,0.11708
I67K,-0.13939
S10G,0.12728
L69E,-1.5057
V55F,0.15169
K70W,-0.043455
P36G,0.0015208
Q48I,0.008997
D22H,0.062933
F27N,-0.22008
Q74I,0.095277
L50C,0.021973
V76A,0.026759
E63Y,-0.29308
A65S,-0.0352
I17D,-1.4543
T77P,-0.040762
G20P,-0.15136
L43N,-0.36819
G25T,0.037031
G34L,0.10629
R8M,-0.079015
R44V,0.041015
L57A,-0.11666
E24D,0.13447
G46P,-0.62344
R58S,-0.073392
T11Y,0.12286
A60L,0.018448
A72P,-0.074214
F15M,0.11067
A37Y,-1.0967
H62G,-1.3837
S51W,0.096293
I31C,-0.09291
L39S,-0.0041761
L13S,-0.25209
N53Q,0.10942
V18W,-0.59661
S29I,-0.038887
G41M,-0.0035163
L32T,-0.070774
I79M,0.014811
H7P,0.04949
S10F,0.020641
I67M,-0.020419
V55I,0.12043
L69D,-1.2905
P36F,-0.23285
K70V,0.012564
Q48H,0.072442
D22K,-0.0058739
F27Q,-0.29266
Q74H,-0.036029
L50E,0.036264
Q64A,0.011212
A65R,-1.543
I17G,-1.4788
V76C,-0.042308
G20S,-0.59307
L43Q,-0.30365
T77S,0.069941
G25W,0.030443
G34N,-0.023899
R44Y,-0.014034
R8L,-0.26569
E24G,0.068668
G46S,0.03623
L57C,-0.18955
A72S,0.0528
R58T,-0.067482
G12A,0.087744
A60N,-0.061374
F15L,-0.12218
D38A,-0.0046259
S51V,0.087839
I31E,-1.3467
H62F,-0.93804
N53P,-0.28903
L39R,-0.020843
L13R,-1.2471
S29H,-0.032991
L32W,-0.22225
I79L,0.1272
H7S,0.10927
V18Y,-0.46278
G41L,-0.052056
S10I,0.11589
V55H,0.057146
I67L,0.014365
P36I,-0.094876
L69G,-0.72418
K70Y,-0.061022
Q48K,-0.038342
D22M,-0.054261
Q64C,-0.0019062
A65T,-0.1977
F27P,-1.31
Q74K,0.026648
I17F,-0.24916
L50D,-0.18694
L43P,0.046111
G20R,-0.96238
V76E,-0.48326
T77R,0.11451
K45A,0.053711
G25V,0.1637
G34Q,0.067535
E24F,0.29835
R8N,-0.27564
G46R,-0.019923
A72R,-0.071848
L57E,-0.62781
R58W,-0.0021875
G12C,0.045469
S51Y,0.17327
A60Q,-0.019066
F15N,-0.75344
D38C,-0.11942
I31D,-1.4658
N53S,0.027016
H62I,-0.99965
L32V,0.0016696
S29K,-0.14504
L39T,0.016682
H7R,0.23485
I79N,0.10603
S10H,0.063397
L13T,-0.56131
G19A,-1.3616
G41N,0.032699
V55K,0.014936
P36H,-0.043347
I67N,-0.061043
L69F,-0.045056
N71A,0.062397
Q48M,0.026434
D22L,0.048325
Q64E,0.067895
A65W,-1.1034
I17H,-1.6521
L43S,-0.050414
F27S,-0.10759
G20T,-0.55214
Q74M,0.0021134
L50G,-0.255
V76D,-0.31836
K45C,0.06233
E24I,0.18239
T77W,0.056814
G34P,-0.48126
G25Y,0.047557
G46T,-0.069116
R8Q,-0.13793
A72T,0.045055
L57D,-0.73266
V52A,0.060142
I31G,-1.2379
R58V,-0.076354
F15Q,-0.94656
G12E,-0.014432
A60P,-0.069863
D38E,-0.034985
N53R,-0.064726
L32Y,-0.071074
H7T,0.04626
H62K,-1.2933
S29M,-0.10325
I79Q,0.11359
S10K,0.093117
L39W,0.0017686
V55M,0.088307
G19C,-1.2826
L13W,0.04598
G41Q,0.031134
P36K,0.00069959
I67Q,-0.027608
L69I,-0.060996
Q64D,-0.058411
Q48L,0.057224
N71C,0.025414
A65V,-0.27062
D22N,0.053168
I17K,-0.12922
L43R,-1.224
G20W,-0.76024
F27R,-0.12663
Q74L,0.056785
K45E,0.043565
L50F,0.011474
E24H,0.1253
V76G,-0.024691
G46W,0.055953
T77V,0.053314
G34S,0.018274
I26A,-0.7987
A72W,-0.21008
R8P,-0.0502
V52C,0.13142
I31F,-0.0066499
L57G,-0.48499
R58Y,-0.083478
N53T,-0.021276
F15P,-1.6063
A60S,-0.012579
D38G,0.020324
G12D,-0.086406
A33C,0.02652
H7W,0.26118
I79P,-0.77383
S29L,-0.23145
S10M,0.14701
H62M,-1.5952
L39V,0.017145
V55L,0.11073
G19E,-1.458
G41P,-0.26823
P36M,0.0030972
L13V,-0.55422
I67P,-0.22524
Q64G,0.0080159
L69H,-0.24134
A65Y,-0.12922
Q48N,0.071662
L43T,0.006233
I17M,-0.42507
D22Q,-0.063744
G20V,-1.1805
K45D,-0.024791
F27T,-0.23909
Q74N,-0.05264
E24K,0.081695
N71E,-0.1314
L50I,0.073917
G46V,-0.35345
V76F,-0.61894
A72V,-0.087925
T77Y,0.033484
G34R,0.21074
I26C,-0.18983
R8S,-0.11793
V52E,-0.43818
I31H,-0.93964
L57F,-0.062126
N53W,-0.061886
A33E,0.084897
N59A,-0.046732
F15S,-0.34254
A60R,-0.0014656
D38F,-0.10158
I79S,0.11047
G12F,-0.21359
S29N,-0.31767
S10L,0.09497
H62L,-1.0523
V55N,0.0092789
L39Y,0.022704
P36L,-0.14487
G19D,-0.85215
G41S,0.080175
L13Y,0.0020839
Q64F,0.052768
I67S,0.036674
L69K,-1.0861
A66C,-0.30893
L43W,-0.3365
G20Y,-1.0553
I17L,-0.45078
D22P,-0.60387
Q48P,-1.1132
K45G,0.04403
F27W,0.023547
E24M,0.14604
Q74P,0.048781
N71D,-0.034652
G46Y,0.049795
L50H,0.041816
V76I,-0.1622
A72Y,-0.068689
I78A,-0.064163
G34T,-0.12687
I26E,-0.35862
R8T,-0.086657
V52D,-1.1976
I31K,-0.30332
L57I,-0.078475
N53V,-0.050408
A33D,0.069296
F15R,-1.5792
D38I,-0.51258
I79R,0.20129
N59C,-0.0087621
A60T,-0.026657
G12I,-0.02714
S10N,0.085677
S29Q,-0.15078
V55Q,0.032637
H62N,-0.8716
S40A,0.072407
P36N,0.062323
G19F,-1.2315
G41R,0.0079274
Q64I,-0.16684
G14A,-0.23188
I67R,0.0071731
L69M,-0.14398
A66E,-0.45619
L43V,0.016563
E21A,-0.22196
I17N,-1.4323
D22S,-0.058731
Q48S,0.032681
K45F,0.068283
E24L,0.1418
F27V,-0.2122
Q74S,-0.026967
N71G,0.034176
D47A,-0.030791
L50K,0.11494
G73A,0.030688
V76H,-0.047363
I78C,0.060377
G34W,0.031353
I26D,-0.45594
R8W,-0.29546
V52G,-0.26703
I31M,0.015304
L57H,-0.093506
N53Y,-0.055329
A33G,0.083095
F15T,-0.19904
I79T,0.1051
D38H,0.010281
A60W,-0.076041
N59E,-0.085409
G12H,-0.018261
S10Q,0.052528
S29P,-0.19235
V55P,-0.36363
H62Q,-0.55085
S40C,0.061008
P36Q,0.010739
G19I,-0.12922
G41T,0.056846
Q64H,0.0036286
I67T,0.030153
L69N,-0.6484
A66D,-1.115
L43Y,-0.30987
G14C,-0.17064
E21C,-0.1781
D22R,-0.0095601
I17Q,-1.517
Q48R,0.072862
K45I,0.053723
E24N,0.062764
Q74R,0.015472
F27Y,0.15033
N71F,0.022814
D47C,0.065938
G73C,-0.066245
L50M,0.054576
V76K,-0.31448
I78E,-1.3756
G34V,-0.27378
I26G,-0.98645
R8V,-0.16973
I31L,0.051302
V52F,-0.31177
G54A,0.01323
L57K,-0.45291
A33F,0.0051994
F15W,-0.31718
I79W,0.035853
D38K,-0.2801
A60V,-0.029216
N59D,-0.070427
G12K,0.0059776
S10P,0.10647
S29R,-0.15055
V55S,0.061865
H62P,-1.2962
S40E,0.077306
P36S,0.082825
G19H,-1.3144
G41W,-0.22591
Q64K,-0.058031
I67W,-0.18356
L69Q,-1.3061
A66G,-0.18418
R44A,0.041212
E21D,0.032399
D22T,0.033396
I17P,-1.5801
Q48T,0.061279
G14E,-0.44911
K45H,0.017741
E24Q,0.10105
Q74T,0.012211
I28A,0.095079
N71I,-0.12714
D47E,-0.081763
G73E,-0.011524
L50N,0.062042
V76M,-0.3442
I78D,-1.4135
G34Y,0.057698
I26F,-0.74344
R8Y,-0.17726
I31N,-0.63527
V52I,-0.15573
G54C,-0.060531
L57M,-0.13186
A33I,-0.026923
F15V,-0.13666
I79V,0.050783
D38M,-0.11469
A60Y,-0.05781
N59G,-0.037561
G12M,-0.16722
S10R,0.11348
S29T,-0.10652
V55R,0.093785
H62S,-1.1586
S40D,0.014127
P36R,-0.0096713
G19K,-1.6676
G41V,-0.18622
Q64M,-0.0020173
I67V,0.027693
L69P,-1.1481
A66F,-0.26339
R44C,0.058997
E21G,-0.1441
D22W,0.15687
Q48W,0.057778
I17S,-1.5202
K45M,0.041101
E24P,0.10275
I28C,0.14675
G14D,-0.45867
Q74W,0.081072
N71H,-0.02208
D47G,-0.31117
G73D,-0.038186
L50Q,0.035866
V76L,-0.24896
I78G,-0.17059
G35A,0.028215
I26H,-0.28311
G9A,0.074709
I31Q,-0.32881
V52H,-0.12922
G54E,0.077445
A33H,0.053741
L57N,-0.38852
F15Y,-0.059637
I79Y,0.082009
D38L,-0.38398
S61A,0.021787
N59F,0.030517
G12L,-0.10904
S10T,0.14521
S29W,-0.46207
V55T,0.073206
S40G,0.077237
H62R,-1.0809
P36T,-0.10019
G19M,-1.197
G41Y,-0.15649
Q64L,0.037635
I67Y,0.1216
L69S,-0.51652
A66I,-0.21624
R44E,0.09453
E21F,0.0025929
D22V,-0.1029
K45L,0.0087456
Q48V,0.019477
I17R,-1.4906
E24S,0.15026
I28E,-1.5413
Q74V,-0.00034317
N71K,0.063972
D47F,-0.03376
G73F,-0.0046329
G14F,-1.2532
L50P,-0.52539
V76N,-0.0072648
I78F,0.1506
G35C,-0.16918
G9C,0.031749
I26K,-0.38216
I31P,-1.0869
V52K,-0.48048
G54D,0.013441
A33K,-0.00067925
L57Q,-0.088079
N16A,0.049814
A80C,0.024447
D38N,-0.13388
S61C,0.013029
N59I,0.07434
G12N,0.045447
S10W,0.073072
V55W,0.052396
S29V,-0.12097
S40F,-0.076998
H62T,-1.0863
P36W,-0.48525
G19L,-1.7068
Q64N,-0.010238
L69R,-1.4074
A68C,0.017785
A66H,-0.35234
R44D,0.092952
E21I,0.025467
D22Y,0.083311
K45N,0.060723
Q48Y,0.03326
I17T,-1.5163
I28D,-0.89512
E24R,0.112
Q74Y,0.064458
N71M,-0.045243
D47I,-0.14438
G73I,-0.015156
V76Q,-0.063922
L50S,-0.025861
I78H,-0.34029
G14I,-0.12922
G35E,-0.21881
G9E,0.098914
I26M,-0.13629
I31S,-0.73762
V52M,-0.088249
G54F,0.079604
A33M,0.016888
N16C,0.090672
L57P,-0.65713
A80E,-0.38045
D38Q,0.009321
S61E,0.02293
N59H,0.005698
G12Q,0.022251
V55Y,0.14694
S10V,0.1327
S29Y,-0.15658
S40I,-0.015891
H62W,-1.6892
P36V,-0.032154
G19N,-1.0481
Q64P,-0.0014649
L69T,-0.25617
A68E,0.040275
A66K,-0.54971
E21H,-0.085474
R44G,0.079727
G23A,-0.014021
K45Q,0.022931
I49A,-0.16004
I17W,-1.4062
I28G,-0.098316
E24T,0.15978
T75A,-0.01498
N71L,-0.046963
D47H,0.057241
G73H,0.041419
V76P,0.017349
I78K,-0.58399
L50R,0.12974
G9D,-0.06413
G35D,-0.2238
I26L,-0.15027
I31R,-0.50564
V52L,-0.22468
G14H,-0.80209
G54I,-0.064886
A33L,0.061091
N16E,-0.88448
L57S,-0.21067
A80D,-0.32867
D38P,-0.85098
S61D,-0.035139
G12P,0.084518
N59K,0.02883
D56A,0.068523
S10Y,0.047296
F30A,0.03805
S40H,0.097391
H62V,-0.76263
P36Y,-0.23572
G19Q,-1.3633
Q64S,-0.0078868
L69W,-0.97047
A68D,-0.05895
A66M,-0.92014
E21K,-0.52998
G23C,0.13981
K45P,0.059574
I49C,0.014864
I17V,-0.3113
I28F,-0.39586
E24W,0.21203
T75C,0.043927
N71Q,0.0044625
R44F,0.0099764
D47K,-0.38589
G73K,0.029117
V76S,0.052637
I78M,-0.046625
L50T,0.017147
G9F,0.10554
G35F,-0.070967
I31T,-0.24891
I26N,-0.26446
V52N,-0.42116
G54H,0.12362
A33N,-0.021511
G14K,-0.58246
N16D,-0.12354
L57R,-0.4616
A80G,0.0094383
D38S,0.041732
S61G,-0.019406
G12S,0.10343
N59M,-0.010341
D56C,0.042605
T11A,0.13572
F30C,-0.082265
S40K,-0.0034307
H62Y,-0.95013
A37C,-0.055291
G19P,-1.4917
Q64R,-0.0075957
A68G,0.031884
L69V,-0.16326
A66L,-0.71194
E21M,-0.065469
G23E,0.11359
K45S,0.041437
I49E,-1.2979
I17Y,-0.47986
I28H,-1.6926
E24V,0.20483
T75E,-0.087078
N71P,-0.19564
R44I,0.087286
D47M,0.10656
G73M,-0.041827
V76R,-0.4318
L50W,0.061404
I78L,0.015431
G9I,-0.047082
G35I,-0.84916
I26Q,-0.042168
I31W,-0.90732
V52Q,-0.25747
G54K,-0.02536
A33Q,-0.0047959
N16G,-0.11727
L57T,-0.11071
A80F,-0.035448
D38R,-0.41262
S61F,0.035817
G14M,-0.55829
G12R,-0.050415
N59L,-0.014545
D56E,-0.008087
T11C,0.14335
S40M,0.039738
F30E,-0.21173
E63A,-0.23127
A37E,-1.0828
G19S,-0.11314
Q64T,-0.043384
A68F,-0.023679
L69Y,-0.53717
A66N,-0.79715
E21L,-0.14307
G23D,0.066096
K45R,0.021078
I49D,-1.4515
V18A,-0.26331
E24Y,0.19515
T75D,0.017304
D47L,-0.23494
N71S,0.042073
I28K,-0.12922
G73L,-0.018379
V76T,0.010175
L50V,0.057281
I78N,-0.46047
I31V,-0.014085
G9H,0.021438
V52P,-1.2183
I26P,-0.1186
G35H,-0.076878
G54M,0.12511
A33P,0.092922
N16F,-0.097269
A80I,-0.091147
L57W,-0.55171
D38T,-0.44021
S61I,-0.00084679
G12T,0.077146
N59Q,-0.029083
G14L,-1.1477
D56G,0.070472
T11E,0.096972
S40L,0.015749
F30D,-0.13731
A37D,-1.049
E63C,-0.21317
G19R,-1.417
Q64W,-0.0073044
A68I,0.058166
A66Q,-1.1461
E21N,-0.059909
K70A,-0.18523
G23F,0.092658
K45T,0.061228
I49G,-0.69307
G25A,0.17853
V18C,-0.12091
T75G,0.019407
D47N,-0.15273
N71R,-0.063243
G73N,-0.067555
I28M,0.020445
V76W,-0.5946
L50Y,0.069356
I78Q,-0.27386
I31Y,-0.67161
V52S,0.036857
G9K,0.063134
I26S,-0.49029
G35K,-0.10768
G54L,0.054473
A33S,0.051913
N16I,0.046841
A80H,-0.11091
D38W,0.029652
L57V,-0.14139
S61H,0.0077165
G12W,-0.13039
N59P,-0.056126
T11D,0.16214
D56F,0.0050665
G14N,-0.29212
S40N,0.081236
F30G,0.051315
A37G,-0.14443
E63D,-0.0093145
G19T,-0.48253
Q64V,-0.014632
A66P,-0.52388
A68H,0.053464
E21Q,-0.035652
K70C,-0.01769
K45W,-0.028761
G23I,0.09938
I49F,-0.43174
G25C,0.213
V18E,-0.79157
D47Q,0.11999
T75F,-0.075229
N71T,-0.005024
G73Q,0.027743
I28L,0.1147
V76Y,-0.229
S51A,-0.064033
I78P,-0.7792
L32A,0.043923
V52R,-0.56296
G9M,0.084267
I26R,-0.8815
G54N,0.052452
G35M,-0.029544
A33R,-0.23685
A80K,-0.018936
N16H,-0.14619
D38V,-0.52382
L57Y,-0.052021
S61K,0.022287
N59S,0.025165
T11G,0.14266
G12V,-0.019031
D56I,-0.027366
F30I,-0.22786
S40Q,0.051501
A37F,-1.4208
G14Q,-0.44299
E63G,-0.20298
G19W,-0.96688
Q64Y,-0.059387
A66S,-0.44728
E21P,-1.2269
A68K,0.10289
K70E,-0.32338
K45V,0.087308
G23H,0.12391
I49H,-1.5387
G25E,0.12881
V18D,-1.5846
D47P,-1.4128
T75I,0.11015
G73P,-0.01963
N71W,-0.081649
T77A,0.058962
I28N,-0.06924
S51C,-0.020686
I78S,-0.30321
L32C,-0.027682
V52T,0.039882
G9L,0.02215
I26T,-0.10262
G54Q,0.043829
A33T,0.05102
G35L,-0.087233
A80M,-0.041978
N16K,0.047035
D38Y,-0.3587
R58A,-0.090509
S61M,0.087146
N59R,0.0446
T11F,0.020652
D56H,0.082955
G12Y,-0.14818
F30H,0.036923
A37I,-0.52499
S40P,-0.10357
E63F,-0.40544
G19V,-1.515
G14P,-1.5591
A65C,-0.15037
A66R,-0.52718
E21S,-0.13178
A68M,0.0098877
K45Y,-0.12573
K70D,-0.34726
G23K,0.1336
G25D,0.048455
I49K,-1.6037
D47S,-0.084672
V18G,-0.60042
G73S,0.010273
T75H,0.060401
N71V,-0.073294
L32E,-0.27256
V52W,-0.88374
T77C,0.072422
I28Q,-0.7869
S51E,-0.039895
I78R,-1.4402
G9N,0.11533
G54P,-0.33759
A33W,0.018479
A80L,0.0062325
I26W,-1.5153
G35N,-0.3268
N16M,0.14106
L39A,0.020332
R58C,-0.090578
S61L,0.061862
N59T,0.017901
T11I,0.12975
D56K,-0.0058134
L13A,-0.25676
F30K,-0.071118
A37H,-1.0979
S40R,0.00093083
E63I,-0.28214
A65E,-0.89598
G19Y,-1.5
G14S,-0.52734
A66T,-0.50112
E21R,-0.4573
A68L,0.057416
G46A,0.072455
K70G,-0.070106
G23M,0.12191
G25F,0.041715
I49M,-0.17345
D47R,-1.1156
V18F,-0.27394
G73R,-0.042789
T75K,0.059099
N71Y,-0.13737
L32D,-0.21607
V52Y,-0.061066
T77E,-0.042272
S51D,-0.086903
I78T,-0.16417
I28P,-0.67808
G54S,0.006792
G9Q,0.075665
A33V,0.047056
A80N,-0.021228
I26V,0.042717
G35Q,-0.0075533
N16L,-0.1436
L39C,0.028216
R58E,-0.056629
S61N,-0.051918
N59W,-0.12026
D56M,-0.036783
L13C,-0.056368
F30M,-0.030967
A37K,-0.88449
S40T,0.08711
E63H,-0.23164
A65D,-0.48331
G20A,-0.69064
A66W,-0.43619
G14R,-0.92586
G46C,0.13013
A68N,0.089121
K70F,0.0060523
G23L,0.026824
D47T,0.023383
I49L,-0.010643
G73T,-0.010493
A72C,0.059446
T75M,0.018712
N53A,-0.025182
G54R,0.077186
T77D,-0.14417
I28S,0.18614
I78W,-0.6468
S51G,-0.0012371
A80Q,-0.29701
G35P,-0.91957
I26Y,-0.12922
L39E,0.046978
N59V,-0.0053018
D56L,-0.0084108
R58D,-0.093918
S61Q,0.064759
A65G,-0.16449
S40W,-0.13312
E63K,-0.37029
A66V,0.049697
G14T,-1.3182
A68Q,-0.061122
K70I,-0.0048026
G73W,0.093248
I49N,-1.3636
A72E,-0.0062048
T75L,0.046577
T77G,0.13023
I78V,-0.017427
S51F,0.14336
N59Y,-0.11089
R58G,-0.023097
S61P,0.066367
E63M,-0.24564
A68P,-0.30324
K70H,-0.024865
A72D,-0.061381
