variant(shifted 310 positions);CRIPT
P1P;-0.000291857
P1A;0.09874
P1C;0.16565
P1E;0.11664
P1D;0.22971
P1G;0.28966
P1F;0.2689
P1I;0.22895
P1H;0.31507
P1K;0.22821
P1M;0.20375
P1L;0.22526
P1N;0.26434
P1Q;0.28838
P1S;0.10689
P1R;0.24514
P1T;0.2189
P1W;0.31455
P1V;0.11812
P1Y;0.33424
R2A;-0.0045252
R2C;-0.0096054
R2E;0.012491
R2D;-0.016275
R2G;-0.027163
R2F;-0.23678
R2I;-0.17385
R2H;0.16932
R2K;0.083052
R2M;0.016991
R2L;-0.21012
R2N;0.17038
R2Q;0.13872
R2P;-0.19523
R2S;0.04329
R2T;0.028758
R2W;-0.28577
R2V;0.025614
R2Y;0.0058634
R3A;0.10934
R3C;0.13322
R3E;0.099636
R3D;0.030333
R3G;0.15797
R3F;0.0076501
R3I;-0.056989
R3H;0.077919
R3K;0.12034
R3M;-0.018935
R3L;0.045361
R3N;0.039848
R3Q;0.089222
R3P;0.07467
R3S;0.05626
R3T;0.10832
R3W;0.082928
R3V;0.11577
R3Y;0.078628
I4A;0.17559
I4C;0.15374
I4E;0.068649
I4D;0.096339
I4G;0.14923
I4F;0.23256
I4H;0.14568
I4K;-0.084431
I4M;0.15696
I4L;0.099098
I4N;0.17946
I4Q;-0.035189
I4P;-0.18601
I4S;0.13011
I4R;0.036926
I4T;0.16397
I4W;-0.43418
I4V;0.15419
I4Y;0.1692
V5A;0.14394
V5C;0.16657
V5E;0.072821
V5D;0.096365
V5G;0.15748
V5F;0.24372
V5I;0.09034
V5H;0.13368
V5K;0.10258
V5M;0.041665
V5L;0.13773
V5N;0.15369
V5Q;0.16953
V5P;0.12352
V5S;0.17391
V5R;0.2346
V5T;0.13288
V5W;0.13509
V5Y;0.17314
I6A;0.16139
I6C;0.13083
I6E;-0.13218
I6D;-0.49455
I6G;0.016369
I6F;0.1176
I6H;-0.45405
I6K;-0.47626
I6M;0.17029
I6L;0.22534
I6N;0.014514
I6Q;0.17591
I6P;-0.34175
I6S;0.10935
I6R;-0.40361
I6T;0.12091
I6W;-0.84069
I6V;0.068557
I6Y;-0.40349
H7A;0.089051
H7C;0.25642
H7E;0.05012
H7D;0.15086
H7G;0.15733
H7F;0.15855
H7I;0.19131
H7K;0.2888
H7M;0.28602
H7L;0.23654
H7N;0.10288
H7Q;0.11708
H7P;0.04949
H7S;0.10927
H7R;0.23485
H7T;0.04626
H7W;0.26118
H7V;0.12578
H7Y;0.15886
R8A;-0.13465
R8C;-0.14907
R8E;-0.31382
R8D;-0.31008
R8G;-0.097655
R8F;-0.25092
R8I;-0.16463
R8H;-0.13098
R8K;0.12253
R8M;-0.079015
R8L;-0.26569
R8N;-0.27564
R8Q;-0.13793
R8P;-0.0502
R8S;-0.11793
R8T;-0.086657
R8W;-0.29546
R8V;-0.16973
R8Y;-0.17726
G9A;0.074709
G9C;0.031749
G9E;0.098914
G9D;-0.06413
G9F;0.10554
G9I;-0.047082
G9H;0.021438
G9K;0.063134
G9M;0.084267
G9L;0.02215
G9N;0.11533
G9Q;0.075665
G9P;0.040463
G9S;0.10346
G9R;0.053143
G9T;0.035786
G9W;0.081249
G9V;0.022009
G9Y;0.026041
S10A;0.10726
S10C;0.14439
S10E;0.16472
S10D;0.10149
S10G;0.12728
S10F;0.020641
S10I;0.11589
S10H;0.063397
S10K;0.093117
S10M;0.14701
S10L;0.09497
S10N;0.085677
S10Q;0.052528
S10P;0.10647
S10R;0.11348
S10T;0.14521
S10W;0.073072
S10V;0.1327
S10Y;0.047296
T11A;0.13572
T11C;0.14335
T11E;0.096972
T11D;0.16214
T11G;0.14266
T11F;0.020652
T11I;0.12975
T11H;0.14338
T11K;0.076605
T11M;0.14306
T11L;0.10514
T11N;0.19642
T11Q;0.20024
T11P;0.10882
T11S;0.12619
T11R;0.10109
T11W;0.056984
T11V;0.11901
T11Y;0.12286
G12A;0.087744
G12C;0.045469
G12E;-0.014432
G12D;-0.086406
G12F;-0.21359
G12I;-0.02714
G12H;-0.018261
G12K;0.0059776
G12M;-0.16722
G12L;-0.10904
G12N;0.045447
G12Q;0.022251
G12P;0.084518
G12S;0.10343
G12R;-0.050415
G12T;0.077146
G12W;-0.13039
G12V;-0.019031
G12Y;-0.14818
L13A;-0.25676
L13C;-0.056368
L13E;-1.5134
L13D;-1.4846
L13G;-1.0526
L13F;-0.014446
L13I;-0.33119
L13H;-0.95967
L13K;-1.52
L13M;0.10679
L13N;-0.39247
L13Q;-0.96935
L13P;-1.2278
L13S;-0.25209
L13R;-1.2471
L13T;-0.56131
L13W;0.04598
L13V;-0.55422
L13Y;0.0020839
G14A;-0.23188
G14C;-0.17064
G14E;-0.44911
G14D;-0.45867
G14F;-1.2532
G14I;-0.12922
G14H;-0.80209
G14K;-0.58246
G14M;-0.55829
G14L;-1.1477
G14N;-0.29212
G14Q;-0.44299
G14P;-1.5591
G14S;-0.52734
G14R;-0.92586
G14T;-1.3182
G14W;-1.281
G14V;-1.3656
G14Y;-1.2059
F15A;-0.032796
F15C;0.060888
F15E;-1.4888
F15D;-1.8809
F15G;-0.20838
F15I;-0.14219
F15H;-0.49198
F15K;-0.75108
F15M;0.11067
F15L;-0.12218
F15N;-0.75344
F15Q;-0.94656
F15P;-1.6063
F15S;-0.34254
F15R;-1.5792
F15T;-0.19904
F15W;-0.31718
F15V;-0.13666
F15Y;-0.059637
N16A;0.049814
N16C;0.090672
N16E;-0.88448
N16D;-0.12354
N16G;-0.11727
N16F;-0.097269
N16I;0.046841
N16H;-0.14619
N16K;0.047035
N16M;0.14106
N16L;-0.1436
N16Q;-0.15071
N16P;-1.2039
N16S;0.070189
N16R;0.016087
N16T;0.11131
N16W;0.07268
N16V;0.13298
N16Y;-0.0026603
I17A;-1.5385
I17C;-1.4619
I17E;-1.3878
I17D;-1.4543
I17G;-1.4788
I17F;-0.24916
I17H;-1.6521
I17K;-0.12922
I17M;-0.42507
I17L;-0.45078
I17N;-1.4323
I17Q;-1.517
I17P;-1.5801
I17S;-1.5202
I17R;-1.4906
I17T;-1.5163
I17W;-1.4062
I17V;-0.3113
I17Y;-0.47986
V18A;-0.26331
V18C;-0.12091
V18E;-0.79157
V18D;-1.5846
V18G;-0.60042
V18F;-0.27394
V18I;0.099704
V18H;-0.37602
V18K;-0.15147
V18M;0.092222
V18L;-0.10168
V18N;-1.0911
V18Q;-0.083702
V18P;-1.5234
V18S;-0.31807
V18R;-0.10809
V18T;-0.19285
V18W;-0.59661
V18Y;-0.46278
G19A;-1.3616
G19C;-1.2826
G19E;-1.458
G19D;-0.85215
G19F;-1.2315
G19I;-0.12922
G19H;-1.3144
G19K;-1.6676
G19M;-1.197
G19L;-1.7068
G19N;-1.0481
G19Q;-1.3633
G19P;-1.4917
G19S;-0.11314
G19R;-1.417
G19T;-0.48253
G19W;-0.96688
G19V;-1.515
G19Y;-1.5
G20A;-0.69064
G20C;-0.45402
G20E;-0.19134
G20D;-0.31766
G20F;-0.95714
G20I;-1.2924
G20H;-0.82772
G20K;-1.0998
G20M;-1.1689
G20L;-1.107
G20N;-0.63683
G20Q;-0.67335
G20P;-0.15136
G20S;-0.59307
G20R;-0.96238
G20T;-0.55214
G20W;-0.76024
G20V;-1.1805
G20Y;-1.0553
E21A;-0.22196
E21C;-0.1781
E21D;0.032399
E21G;-0.1441
E21F;0.0025929
E21I;0.025467
E21H;-0.085474
E21K;-0.52998
E21M;-0.065469
E21L;-0.14307
E21N;-0.059909
E21Q;-0.035652
E21P;-1.2269
E21S;-0.13178
E21R;-0.4573
E21T;-0.064529
E21W;-0.025441
E21V;-0.07889
E21Y;-0.029748
D22A;-0.12458
D22C;0.028035
D22E;-0.033063
D22G;-0.037339
D22F;0.067161
D22I;-0.047568
D22H;0.062933
D22K;-0.0058739
D22M;-0.054261
D22L;0.048325
D22N;0.053168
D22Q;-0.063744
D22P;-0.60387
D22S;-0.058731
D22R;-0.0095601
D22T;0.033396
D22W;0.15687
D22V;-0.1029
D22Y;0.083311
G23A;-0.014021
G23C;0.13981
G23E;0.11359
G23D;0.066096
G23F;0.092658
G23I;0.09938
G23H;0.12391
G23K;0.1336
G23M;0.12191
G23L;0.026824
G23N;0.11281
G23Q;0.19395
G23P;-0.15237
G23S;0.12495
G23R;0.162
G23T;0.081788
G23W;0.029191
G23V;0.10474
G23Y;0.02382
E24A;0.11802
E24C;0.15858
E24D;0.13447
E24G;0.068668
E24F;0.29835
E24I;0.18239
E24H;0.1253
E24K;0.081695
E24M;0.14604
E24L;0.1418
E24N;0.062764
E24Q;0.10105
E24P;0.10275
E24S;0.15026
E24R;0.112
E24T;0.15978
E24W;0.21203
E24V;0.20483
E24Y;0.19515
G25A;0.17853
G25C;0.213
G25E;0.12881
G25D;0.048455
G25F;0.041715
G25I;0.0049805
G25H;0.17825
G25K;0.14114
G25M;0.076046
G25L;0.094678
G25N;0.11208
G25Q;0.068587
G25P;0.28426
G25S;0.13151
G25R;0.17922
G25T;0.037031
G25W;0.030443
G25V;0.1637
G25Y;0.047557
I26A;-0.7987
I26C;-0.18983
I26E;-0.35862
I26D;-0.45594
I26G;-0.98645
I26F;-0.74344
I26H;-0.28311
I26K;-0.38216
I26M;-0.13629
I26L;-0.15027
I26N;-0.26446
I26Q;-0.042168
I26P;-0.1186
I26S;-0.49029
I26R;-0.8815
I26T;-0.10262
I26W;-1.5153
I26V;0.042717
I26Y;-0.12922
F27A;-0.22473
F27C;-0.16466
F27E;-0.5209
F27D;-0.33166
F27G;-0.13241
F27I;-0.1013
F27H;0.059844
F27K;-0.11799
F27M;0.083419
F27L;0.013863
F27N;-0.22008
F27Q;-0.29266
F27P;-1.31
F27S;-0.10759
F27R;-0.12663
F27T;-0.23909
F27W;0.023547
F27V;-0.2122
F27Y;0.15033
I28A;0.095079
I28C;0.14675
I28E;-1.5413
I28D;-0.89512
I28G;-0.098316
I28F;-0.39586
I28H;-1.6926
I28K;-0.12922
I28M;0.020445
I28L;0.1147
I28N;-0.06924
I28Q;-0.7869
I28P;-0.67808
I28S;0.18614
I28R;-1.3133
I28T;0.17236
I28W;-1.7429
I28V;0.19596
I28Y;-0.12922
S29A;0.052855
S29C;-0.067435
S29E;-0.2942
S29D;-0.26639
S29G;-0.11409
S29F;-0.13448
S29I;-0.038887
S29H;-0.032991
S29K;-0.14504
S29M;-0.10325
S29L;-0.23145
S29N;-0.31767
S29Q;-0.15078
S29P;-0.19235
S29R;-0.15055
S29T;-0.10652
S29W;-0.46207
S29V;-0.12097
S29Y;-0.15658
F30A;0.03805
F30C;-0.082265
F30E;-0.21173
F30D;-0.13731
F30G;0.051315
F30I;-0.22786
F30H;0.036923
F30K;-0.071118
F30M;-0.030967
F30L;-0.0052591
F30N;-0.1253
F30Q;0.0096463
F30P;-1.5107
F30S;0.011626
F30R;-0.08202
F30T;-0.094298
F30W;0.026546
F30V;-0.078421
F30Y;0.032147
I31A;-0.64367
I31C;-0.09291
I31E;-1.3467
I31D;-1.4658
I31G;-1.2379
I31F;-0.0066499
I31H;-0.93964
I31K;-0.30332
I31M;0.015304
I31L;0.051302
I31N;-0.63527
I31Q;-0.32881
I31P;-1.0869
I31S;-0.73762
I31R;-0.50564
I31T;-0.24891
I31W;-0.90732
I31V;-0.014085
I31Y;-0.67161
L32A;0.043923
L32C;-0.027682
L32E;-0.27256
L32D;-0.21607
L32G;-0.096011
L32F;0.081348
L32I;0.071491
L32H;0.042483
L32K;0.16576
L32M;0.093889
L32N;-0.13638
L32Q;-0.078191
L32P;-0.028606
L32S;-0.0093181
L32R;0.024383
L32T;-0.070774
L32W;-0.22225
L32V;0.0016696
L32Y;-0.071074
A33C;0.02652
A33E;0.084897
A33D;0.069296
A33G;0.083095
A33F;0.0051994
A33I;-0.026923
A33H;0.053741
A33K;-0.00067925
A33M;0.016888
A33L;0.061091
A33N;-0.021511
A33Q;-0.0047959
A33P;0.092922
A33S;0.051913
A33R;-0.23685
A33T;0.05102
A33W;0.018479
A33V;0.047056
A33Y;0.11343
G34A;0.048486
G34C;0.11665
G34E;-0.022659
G34D;0.033127
G34F;0.079252
G34I;-0.33708
G34H;0.029794
G34K;0.050347
G34M;-0.054339
G34L;0.10629
G34N;-0.023899
G34Q;0.067535
G34P;-0.48126
G34S;0.018274
G34R;0.21074
G34T;-0.12687
G34W;0.031353
G34V;-0.27378
G34Y;0.057698
G35A;0.028215
G35C;-0.16918
G35E;-0.21881
G35D;-0.2238
G35F;-0.070967
G35I;-0.84916
G35H;-0.076878
G35K;-0.10768
G35M;-0.029544
G35L;-0.087233
G35N;-0.3268
G35Q;-0.0075533
G35P;-0.91957
G35S;-0.023848
G35R;-0.1854
G35T;-0.067684
G35W;-0.23231
G35V;-0.71637
G35Y;-0.1399
P36A;0.093252
P36C;0.052343
P36E;-0.11501
P36D;-0.45241
P36G;0.0015208
P36F;-0.23285
P36I;-0.094876
P36H;-0.043347
P36K;0.00069959
P36M;0.0030972
P36L;-0.14487
P36N;0.062323
P36Q;0.010739
P36S;0.082825
P36R;-0.0096713
P36T;-0.10019
P36W;-0.48525
P36V;-0.032154
P36Y;-0.23572
A37C;-0.055291
A37E;-1.0828
A37D;-1.049
A37G;-0.14443
A37F;-1.4208
A37I;-0.52499
A37H;-1.0979
A37K;-0.88449
A37M;-0.93
A37L;-0.79069
A37N;-0.75857
A37Q;-0.71884
A37P;-0.95336
A37S;-0.03779
A37R;-0.92187
A37T;0.020187
A37W;-1.1962
A37V;-0.13958
A37Y;-1.0967
D38A;-0.0046259
D38C;-0.11942
D38E;-0.034985
D38G;0.020324
D38F;-0.10158
D38I;-0.51258
D38H;0.010281
D38K;-0.2801
D38M;-0.11469
D38L;-0.38398
D38N;-0.13388
D38Q;0.009321
D38P;-0.85098
D38S;0.041732
D38R;-0.41262
D38T;-0.44021
D38W;0.029652
D38V;-0.52382
D38Y;-0.3587
L39A;0.020332
L39C;0.028216
L39E;0.046978
L39D;0.055711
L39G;-0.066619
L39F;0.010228
L39I;0.089179
L39H;0.02059
L39K;0.036529
L39M;0.0018524
L39N;0.068854
L39Q;-0.0015479
L39P;-0.61275
L39S;-0.0041761
L39R;-0.020843
L39T;0.016682
L39W;0.0017686
L39V;0.017145
L39Y;0.022704
S40A;0.072407
S40C;0.061008
S40E;0.077306
S40D;0.014127
S40G;0.077237
S40F;-0.076998
S40I;-0.015891
S40H;0.097391
S40K;-0.0034307
S40M;0.039738
S40L;0.015749
S40N;0.081236
S40Q;0.051501
S40P;-0.10357
S40R;0.00093083
S40T;0.08711
S40W;-0.13312
S40V;0.066527
S40Y;-0.087933
G41A;0.010455
G41C;0.05639
G41E;0.018137
G41D;-0.066222
G41F;-0.080577
G41I;-0.40313
G41H;-0.0052937
G41K;0.046278
G41M;-0.0035163
G41L;-0.052056
G41N;0.032699
G41Q;0.031134
G41P;-0.26823
G41S;0.080175
G41R;0.0079274
G41T;0.056846
G41W;-0.22591
G41V;-0.18622
G41Y;-0.15649
E42A;0.05554
E42C;0.024865
E42D;0.044808
E42G;0.030831
E42F;-0.0022033
E42I;-0.14898
E42H;0.049754
E42K;0.14506
E42M;0.12384
E42L;0.088649
E42N;0.12152
E42Q;0.12939
E42P;-0.23064
E42S;0.059178
E42R;0.16698
E42T;0.044801
E42W;-0.033616
E42V;-0.019508
E42Y;0.029839
L43A;0.103
L43C;0.12302
L43E;-1.3132
L43D;-1.2519
L43G;-0.17512
L43F;0.10139
L43I;-0.030626
L43H;-0.30128
L43K;-0.69365
L43M;0.022652
L43N;-0.36819
L43Q;-0.30365
L43P;0.046111
L43S;-0.050414
L43R;-1.224
L43T;0.006233
L43W;-0.3365
L43V;0.016563
L43Y;-0.30987
R44A;0.041212
R44C;0.058997
R44E;0.09453
R44D;0.092952
R44G;0.079727
R44F;0.0099764
R44I;0.087286
R44H;0.047202
R44K;0.074514
R44M;0.043269
R44L;0.073672
R44N;0.083841
R44Q;0.098311
R44P;-1.0767
R44S;0.075981
R44T;0.050257
R44W;-0.10003
R44V;0.041015
R44Y;-0.014034
K45A;0.053711
K45C;0.06233
K45E;0.043565
K45D;-0.024791
K45G;0.04403
K45F;0.068283
K45I;0.053723
K45H;0.017741
K45M;0.041101
K45L;0.0087456
K45N;0.060723
K45Q;0.022931
K45P;0.059574
K45S;0.041437
K45R;0.021078
K45T;0.061228
K45W;-0.028761
K45V;0.087308
K45Y;-0.12573
G46A;0.072455
G46C;0.13013
G46E;-0.10626
G46D;-0.33221
G46F;0.034771
G46I;-0.4348
G46H;-0.032702
G46K;-0.022645
G46M;0.10876
G46L;-0.3972
G46N;-0.12372
G46Q;-0.010376
G46P;-0.62344
G46S;0.03623
G46R;-0.019923
G46T;-0.069116
G46W;0.055953
G46V;-0.35345
G46Y;0.049795
D47A;-0.030791
D47C;0.065938
D47E;-0.081763
D47G;-0.31117
D47F;-0.03376
D47I;-0.14438
D47H;0.057241
D47K;-0.38589
D47M;0.10656
D47L;-0.23494
D47N;-0.15273
D47Q;0.11999
D47P;-1.4128
D47S;-0.084672
D47R;-1.1156
D47T;0.023383
D47W;-0.37531
D47V;-0.032418
D47Y;-0.049727
Q48A;0.0049934
Q48C;0.090604
Q48E;0.058773
Q48D;-0.43766
Q48G;-0.0020368
Q48F;0.04369
Q48I;0.008997
Q48H;0.072442
Q48K;-0.038342
Q48M;0.026434
Q48L;0.057224
Q48N;0.071662
Q48P;-1.1132
Q48S;0.032681
Q48R;0.072862
Q48T;0.061279
Q48W;0.057778
Q48V;0.019477
Q48Y;0.03326
I49A;-0.16004
I49C;0.014864
I49E;-1.2979
I49D;-1.4515
I49G;-0.69307
I49F;-0.43174
I49H;-1.5387
I49K;-1.6037
I49M;-0.17345
I49L;-0.010643
I49N;-1.3636
I49Q;-1.2978
I49P;-0.29097
I49S;-0.58036
I49R;-1.4872
I49T;-0.36627
I49W;-0.12922
I49V;-0.031533
I49Y;-1.306
L50A;0.012694
L50C;0.021973
L50E;0.036264
L50D;-0.18694
L50G;-0.255
L50F;0.011474
L50I;0.073917
L50H;0.041816
L50K;0.11494
L50M;0.054576
L50N;0.062042
L50Q;0.035866
L50P;-0.52539
L50S;-0.025861
L50R;0.12974
L50T;0.017147
L50W;0.061404
L50V;0.057281
L50Y;0.069356
S51A;-0.064033
S51C;-0.020686
S51E;-0.039895
S51D;-0.086903
S51G;-0.0012371
S51F;0.14336
S51I;0.13073
S51H;0.1201
S51K;0.052843
S51M;-0.020866
S51L;0.1408
S51N;0.04958
S51Q;0.052534
S51P;-1.3789
S51R;0.14365
S51T;0.035924
S51W;0.096293
S51V;0.087839
S51Y;0.17327
V52A;0.060142
V52C;0.13142
V52E;-0.43818
V52D;-1.1976
V52G;-0.26703
V52F;-0.31177
V52I;-0.15573
V52H;-0.12922
V52K;-0.48048
V52M;-0.088249
V52L;-0.22468
V52N;-0.42116
V52Q;-0.25747
V52P;-1.2183
V52S;0.036857
V52R;-0.56296
V52T;0.039882
V52W;-0.88374
V52Y;-0.061066
N53A;-0.025182
N53C;0.077202
N53E;0.13133
N53D;-0.034915
N53G;0.04403
N53F;-0.28018
N53I;-0.19782
N53H;0.044083
N53K;-0.093125
N53M;0.063746
N53L;-0.080241
N53Q;0.10942
N53P;-0.28903
N53S;0.027016
N53R;-0.064726
N53T;-0.021276
N53W;-0.061886
N53V;-0.050408
N53Y;-0.055329
G54A;0.01323
G54C;-0.060531
G54E;0.077445
G54D;0.013441
G54F;0.079604
G54I;-0.064886
G54H;0.12362
G54K;-0.02536
G54M;0.12511
G54L;0.054473
G54N;0.052452
G54Q;0.043829
G54P;-0.33759
G54S;0.006792
G54R;0.077186
G54T;-0.0011678
G54W;0.15141
G54V;-0.0087081
G54Y;0.1961
V55A;0.019983
V55C;0.014546
V55E;0.033753
V55D;-0.041024
V55G;0.067277
V55F;0.15169
V55I;0.12043
V55H;0.057146
V55K;0.014936
V55M;0.088307
V55L;0.11073
V55N;0.0092789
V55Q;0.032637
V55P;-0.36363
V55S;0.061865
V55R;0.093785
V55T;0.073206
V55W;0.052396
V55Y;0.14694
D56A;0.068523
D56C;0.042605
D56E;-0.008087
D56G;0.070472
D56F;0.0050665
D56I;-0.027366
D56H;0.082955
D56K;-0.0058134
D56M;-0.036783
D56L;-0.0084108
D56N;0.061543
D56Q;0.057146
D56P;0.052169
D56S;0.147
D56R;0.15549
D56T;0.084451
D56W;0.035483
D56V;0.060454
D56Y;0.20062
L57A;-0.11666
L57C;-0.18955
L57E;-0.62781
L57D;-0.73266
L57G;-0.48499
L57F;-0.062126
L57I;-0.078475
L57H;-0.093506
L57K;-0.45291
L57M;-0.13186
L57N;-0.38852
L57Q;-0.088079
L57P;-0.65713
L57S;-0.21067
L57R;-0.4616
L57T;-0.11071
L57W;-0.55171
L57V;-0.14139
L57Y;-0.052021
R58A;-0.090509
R58C;-0.090578
R58E;-0.056629
R58D;-0.093918
R58G;-0.023097
R58F;-0.073976
R58I;-0.025116
R58H;-0.047501
R58K;0.068862
R58M;-0.13573
R58L;-0.050709
R58N;-0.071723
R58Q;-0.048122
R58P;-0.20969
R58S;-0.073392
R58T;-0.067482
R58W;-0.0021875
R58V;-0.076354
R58Y;-0.083478
N59A;-0.046732
N59C;-0.0087621
N59E;-0.085409
N59D;-0.070427
N59G;-0.037561
N59F;0.030517
N59I;0.07434
N59H;0.005698
N59K;0.02883
N59M;-0.010341
N59L;-0.014545
N59Q;-0.029083
N59P;-0.056126
N59S;0.025165
N59R;0.0446
N59T;0.017901
N59W;-0.12026
N59V;-0.0053018
N59Y;-0.11089
A60C;0.045617
A60E;0.041842
A60D;-0.15003
A60G;-0.057276
A60F;-0.00096397
A60I;0.028694
A60H;-0.050425
A60K;0.070348
A60M;-0.043793
A60L;0.018448
A60N;-0.061374
A60Q;-0.019066
A60P;-0.069863
A60S;-0.012579
A60R;-0.0014656
A60T;-0.026657
A60W;-0.076041
A60V;-0.029216
A60Y;-0.05781
S61A;0.021787
S61C;0.013029
S61E;0.02293
S61D;-0.035139
S61G;-0.019406
S61F;0.035817
S61I;-0.00084679
S61H;0.0077165
S61K;0.022287
S61M;0.087146
S61L;0.061862
S61N;-0.051918
S61Q;0.064759
S61P;0.066367
S61R;0.059063
S61T;-0.016919
S61W;-0.01891
S61V;0.048701
S61Y;0.020456
H62A;-1.3442
H62C;-0.97709
H62E;-1.3371
H62D;-1.1459
H62G;-1.3837
H62F;-0.93804
H62I;-0.99965
H62K;-1.2933
H62M;-1.5952
H62L;-1.0523
H62N;-0.8716
H62Q;-0.55085
H62P;-1.2962
H62S;-1.1586
H62R;-1.0809
H62T;-1.0863
H62W;-1.6892
H62V;-0.76263
H62Y;-0.95013
E63A;-0.23127
E63C;-0.21317
E63D;-0.0093145
E63G;-0.20298
E63F;-0.40544
E63I;-0.28214
E63H;-0.23164
E63K;-0.37029
E63M;-0.24564
E63L;-0.22334
E63N;-0.11478
E63Q;-0.10117
E63P;-0.47753
E63S;-0.22385
E63R;-0.38038
E63T;-0.20452
E63W;-0.23235
E63V;-0.2184
E63Y;-0.29308
Q64A;0.011212
Q64C;-0.0019062
Q64E;0.067895
Q64D;-0.058411
Q64G;0.0080159
Q64F;0.052768
Q64I;-0.16684
Q64H;0.0036286
Q64K;-0.058031
Q64M;-0.0020173
Q64L;0.037635
Q64N;-0.010238
Q64P;-0.0014649
Q64S;-0.0078868
Q64R;-0.0075957
Q64T;-0.043384
Q64W;-0.0073044
Q64V;-0.014632
Q64Y;-0.059387
A65C;-0.15037
A65E;-0.89598
A65D;-0.48331
A65G;-0.16449
A65F;-1.1223
A65I;-0.30609
A65H;-0.55872
A65K;-1.3711
A65M;-0.10832
A65L;-0.95549
A65N;-0.67984
A65Q;-0.54552
A65P;-1.1877
A65S;-0.0352
A65R;-1.543
A65T;-0.1977
A65W;-1.1034
A65V;-0.27062
A65Y;-0.12922
A66C;-0.30893
A66E;-0.45619
A66D;-1.115
A66G;-0.18418
A66F;-0.26339
A66I;-0.21624
A66H;-0.35234
A66K;-0.54971
A66M;-0.92014
A66L;-0.71194
A66N;-0.79715
A66Q;-1.1461
A66P;-0.52388
A66S;-0.44728
A66R;-0.52718
A66T;-0.50112
A66W;-0.43619
A66V;0.049697
A66Y;-0.075195
I67A;0.007359
I67C;-0.063203
I67E;0.047927
I67D;0.00082247
I67G;0.022386
I67F;-0.083037
I67H;0.067298
I67K;-0.13939
I67M;-0.020419
I67L;0.014365
I67N;-0.061043
I67Q;-0.027608
I67P;-0.22524
I67S;0.036674
I67R;0.0071731
I67T;0.030153
I67W;-0.18356
I67V;0.027693
I67Y;0.1216
A68C;0.017785
A68E;0.040275
A68D;-0.05895
A68G;0.031884
A68F;-0.023679
A68I;0.058166
A68H;0.053464
A68K;0.10289
A68M;0.0098877
A68L;0.057416
A68N;0.089121
A68Q;-0.061122
A68P;-0.30324
A68S;0.015746
A68R;0.021326
A68T;0.060784
A68W;0.0086505
A68V;-0.0064728
A68Y;-0.026928
L69A;-0.26231
L69C;-0.011693
L69E;-1.5057
L69D;-1.2905
L69G;-0.72418
L69F;-0.045056
L69I;-0.060996
L69H;-0.24134
L69K;-1.0861
L69M;-0.14398
L69N;-0.6484
L69Q;-1.3061
L69P;-1.1481
L69S;-0.51652
L69R;-1.4074
L69T;-0.25617
L69W;-0.97047
L69V;-0.16326
L69Y;-0.53717
K70A;-0.18523
K70C;-0.01769
K70E;-0.32338
K70D;-0.34726
K70G;-0.070106
K70F;0.0060523
K70I;-0.0048026
K70H;-0.024865
K70M;0.021731
K70L;-0.0064595
K70N;-0.026397
K70Q;-0.070481
K70P;-0.30035
K70S;-0.1042
K70R;0.0057528
K70T;0.0078744
K70W;-0.043455
K70V;0.012564
K70Y;-0.061022
N71A;0.062397
N71C;0.025414
N71E;-0.1314
N71D;-0.034652
N71G;0.034176
N71F;0.022814
N71I;-0.12714
N71H;-0.02208
N71K;0.063972
N71M;-0.045243
N71L;-0.046963
N71Q;0.0044625
N71P;-0.19564
N71S;0.042073
N71R;-0.063243
N71T;-0.005024
N71W;-0.081649
N71V;-0.073294
N71Y;-0.13737
A72C;0.059446
A72E;-0.0062048
A72D;-0.061381
A72G;0.027198
A72F;-0.16513
A72I;-0.092165
A72H;-0.063933
A72K;-0.032791
A72M;-0.037657
A72L;-0.12768
A72N;-0.014335
A72Q;0.10461
A72P;-0.074214
A72S;0.0528
A72R;-0.071848
A72T;0.045055
A72W;-0.21008
A72V;-0.087925
A72Y;-0.068689
G73A;0.030688
G73C;-0.066245
G73E;-0.011524
G73D;-0.038186
G73F;-0.0046329
G73I;-0.015156
G73H;0.041419
G73K;0.029117
G73M;-0.041827
G73L;-0.018379
G73N;-0.067555
G73Q;0.027743
G73P;-0.01963
G73S;0.010273
G73R;-0.042789
G73T;-0.010493
G73W;0.093248
G73V;0.034765
G73Y;-0.029734
Q74A;0.03479
Q74C;-0.011427
Q74E;-0.069296
Q74D;-0.10528
Q74G;0.0031872
Q74F;0.14894
Q74I;0.095277
Q74H;-0.036029
Q74K;0.026648
Q74M;0.0021134
Q74L;0.056785
Q74N;-0.05264
Q74P;0.048781
Q74S;-0.026967
Q74R;0.015472
Q74T;0.012211
Q74W;0.081072
Q74V;-0.00034317
Q74Y;0.064458
T75A;-0.01498
T75C;0.043927
T75E;-0.087078
T75D;0.017304
T75G;0.019407
T75F;-0.075229
T75I;0.11015
T75H;0.060401
T75K;0.059099
T75M;0.018712
T75L;0.046577
T75N;0.03239
T75Q;0.025669
T75P;0.051762
T75S;0.0053453
T75R;0.16251
T75W;0.035767
T75V;0.10101
T75Y;-0.07201
V76A;0.026759
V76C;-0.042308
V76E;-0.48326
V76D;-0.31836
V76G;-0.024691
V76F;-0.61894
V76I;-0.1622
V76H;-0.047363
V76K;-0.31448
V76M;-0.3442
V76L;-0.24896
V76N;-0.0072648
V76Q;-0.063922
V76P;0.017349
V76S;0.052637
V76R;-0.4318
V76T;0.010175
V76W;-0.5946
V76Y;-0.229
T77A;0.058962
T77C;0.072422
T77E;-0.042272
T77D;-0.14417
T77G;0.13023
T77F;0.12454
T77I;-0.014164
T77H;0.079895
T77K;0.10653
T77M;0.03321
T77L;0.082396
T77N;0.014632
T77Q;-0.010697
T77P;-0.040762
T77S;0.069941
T77R;0.11451
T77W;0.056814
T77V;0.053314
T77Y;0.033484
I78A;-0.064163
I78C;0.060377
I78E;-1.3756
I78D;-1.4135
I78G;-0.17059
I78F;0.1506
I78H;-0.34029
I78K;-0.58399
I78M;-0.046625
I78L;0.015431
I78N;-0.46047
I78Q;-0.27386
I78P;-0.7792
I78S;-0.30321
I78R;-1.4402
I78T;-0.16417
I78W;-0.6468
I78V;-0.017427
I78Y;-0.71962
I79A;0.10465
I79C;0.12402
I79E;-0.11524
I79D;-0.080655
I79G;0.064465
I79F;0.056616
I79H;0.076772
I79K;0.23991
I79M;0.014811
I79L;0.1272
I79N;0.10603
I79Q;0.11359
I79P;-0.77383
I79S;0.11047
I79R;0.20129
I79T;0.1051
I79W;0.035853
I79V;0.050783
I79Y;0.082009
A80C;0.024447
A80E;-0.38045
A80D;-0.32867
A80G;0.0094383
A80F;-0.035448
A80I;-0.091147
A80H;-0.11091
A80K;-0.018936
A80M;-0.041978
A80L;0.0062325
A80N;-0.021228
A80Q;-0.29701
A80P;-0.16749
A80S;0.040002
A80R;-0.010949
A80T;0.055121
A80W;-0.39208
A80V;-0.049155
A80Y;-0.11188
Q81A;-0.02727
Q81C;0.04059
Q81E;0.048101
Q81D;0.040852
Q81G;-0.052506
Q81F;0.13988
Q81I;0.15558
Q81H;0.091463
Q81K;-0.070951
Q81M;0.11081
Q81L;0.05759
Q81N;0.14666
Q81P;-0.69177
Q81S;0.027261
Q81R;0.036459
Q81T;0.021623
Q81W;0.1794
Q81V;-0.029726
Q81Y;0.10589
Y82A;-0.0071301
Y82C;-0.048875
Y82E;0.040559
Y82D;-0.048136
Y82G;-0.1318
Y82F;0.069377
Y82I;-0.15557
Y82H;0.067013
Y82K;-0.045391
Y82M;-0.098401
Y82L;0.0056002
Y82N;0.14034
Y82Q;0.10484
Y82P;-0.15433
Y82S;-0.0034559
Y82R;-0.11183
Y82T;-0.028278
Y82W;0.026847
Y82V;-0.16512
K83A;-0.053376
K83C;-0.010123
K83E;0.025071
K83D;-0.014046
K83G;-0.016354
K83F;-0.013008
K83I;-0.113
K83H;-0.02066
K83M;-0.043541
K83L;-0.0038422
K83N;0.0098001
K83Q;0.036615
K83P;-0.5641
K83S;0.034271
K83R;0.0040505
K83T;0.0027645
K83W;-0.020886
K83V;-0.070006
K83Y;0.041258
