mutant;SEL_C_40h
K2A;0.76
K2C;0.44
K2E;-10.26
K2D;-4.4
K2G;1.84
K2F;-0.11
K2I;-6.9
K2H;-0.97
K2M;1.39
K2L;0.03
K2N;1.32
K2P;1.75
K2S;0.77
K2R;-1.07
K2T;2.69
K2W;-9.26
K2Y;-1.66
L3A;-0.78
L3C;-0.33
L3E;1.78
L3D;0.96
L3G;1.06
L3F;-4
L3I;-0.6
L3H;0.54
L3K;-1.77
L3M;1.25
L3N;0.15
L3Q;0.81
L3P;1.06
L3S;0.57
L3R;-0.35
L3T;-1.72
L3W;-0.17
L3V;1.2
L3Y;0.64
L4A;0.55
L4C;0.63
L4E;2.04
L4D;1.31
L4G;0.2
L4F;0.37
L4I;-0.53
L4H;-0.88
L4K;-7.83
L4M;-0.43
L4N;-0.29
L4Q;-2.86
L4P;-1.56
L4S;-1.9
L4R;-1.23
L4T;-0.26
L4W;-1.31
L4V;-0.43
L4Y;-0.22
S5A;0.19
S5C;-0.37
S5E;-0.01
S5D;0.12
S5G;-3.23
S5F;-0.15
S5I;0.08
S5H;-0.71
S5K;-4.34
S5M;0.31
S5L;-0.31
S5N;-2.05
S5Q;-0.99
S5P;-0.89
S5R;-6
S5T;-1.23
S5W;-2.46
S5V;-0.66
S5Y;-0.81
S6A;-0.91
S6C;-0.65
S6E;-1.68
S6D;0.21
S6G;-1.24
S6F;-2.8
S6I;-1.11
S6H;-0.12
S6K;-2.4
S6M;-1.15
S6L;-0.98
S6N;-2.04
S6Q;-1.25
S6P;-0.92
S6R;-1.19
S6T;-1.97
S6W;-8.08
S6V;-1.47
S6Y;-1.69
I7A;-1.1
I7C;-0.24
I7E;-3.18
I7D;-4.55
I7G;-1.54
I7F;-0.24
I7H;-1.15
I7K;-2.87
I7M;0.06
I7L;-1.76
I7N;-1.64
I7Q;0.02
I7P;-0.35
I7S;-0.55
I7R;-6.44
I7T;-0.54
I7W;-3.62
I7V;-1.33
I7Y;-0.81
E8A;-2.55
E8C;-0.74
E8D;-1.23
E8G;-1.85
E8F;0.09
E8I;-1.61
E8H;-3.53
E8K;-3.25
E8M;-1.45
E8L;-0.35
E8N;-1.04
E8Q;-2.05
E8P;-1.61
E8S;-1.57
E8R;-4.05
E8T;-1.97
E8W;-0.81
E8V;-1.91
E8Y;-4.93
Q9A;-0.95
Q9C;-7.67
Q9E;-8.74
Q9D;-6.52
Q9G;-5.45
Q9F;3.11
Q9I;-3.26
Q9H;-0.66
Q9K;-4
Q9M;-3.07
Q9L;-1.4
Q9N;-2.73
Q9P;-3.53
Q9S;-0.38
Q9R;-5.12
Q9T;-3.17
Q9W;-1.44
Q9V;-5.66
Q9Y;-0.16
A10C;-8.31
A10E;-9.91
A10D;-9.72
A10G;-1.25
A10F;-8.99
A10I;-3.99
A10H;-5.48
A10K;-8.05
A10M;-10.87
A10L;-10.09
A10N;-9.19
A10Q;-4.73
A10P;-6.97
A10S;-7.65
A10R;-9
A10T;-8.63
A10W;-8.32
A10V;-2.77
A10Y;-10.31
C11A;-4.81
C11E;-0.23
C11D;-9.37
C11G;-9.64
C11F;-8.5
C11I;-8.89
C11H;-9.96
C11K;-4.14
C11M;-4.01
C11L;-9.29
C11N;-4.36
C11P;-9.4
C11S;-9.34
C11R;-2.51
C11T;-8.47
C11W;-8.67
C11V;-9.34
C11Y;-7.23
D12A;-8.75
D12C;-8.07
D12E;-8.72
D12G;-8.5
D12F;-8.86
D12I;-6.07
D12H;-5.27
D12K;-9.29
D12M;-9.04
D12L;-6.82
D12N;-8.54
D12Q;-1.52
D12P;-8.87
D12S;-6.68
D12R;-6.51
D12T;-9.33
D12W;-7.41
D12V;-1.56
D12Y;-3.96
I13A;-1.27
I13C;-0.65
I13E;-0.93
I13D;-1.84
I13G;-1.12
I13F;1.12
I13H;-0.62
I13K;-1.52
I13M;-2.01
I13L;-0.74
I13N;-3.09
I13Q;-1.07
I13P;-1.18
I13S;-4.41
I13R;-0.46
I13T;-1.12
I13W;1.39
I13V;-0.16
I13Y;0.68
C14A;-8.83
C14E;-5.35
C14D;-9.29
C14G;-9.27
C14F;-8.8
C14I;-5.19
C14H;-8.32
C14K;-8.97
C14M;-5.21
C14L;-8.28
C14N;-7.86
C14Q;-11.46
C14P;-8.57
C14S;-8.58
C14R;-6.29
C14T;-8.98
C14W;-4.81
C14V;-4.14
C14Y;-3.99
R15A;-4.05
R15C;-8.64
R15E;-9.13
R15D;-9.75
R15G;-6.85
R15F;-8.46
R15I;-8.52
R15H;-7.9
R15K;-2.99
R15M;-9.6
R15L;-5.74
R15N;-12.96
R15Q;-8.3
R15P;-5.29
R15S;-4.22
R15T;-4.67
R15W;-9.34
R15V;-8.06
R15Y;-4.7
L16A;-0.61
L16C;0.43
L16E;-1.36
L16D;-1.86
L16G;-0.57
L16F;-1.32
L16I;-1.17
L16H;-1.06
L16K;-1.91
L16M;0.18
L16N;-1.34
L16Q;-1.36
L16P;-7.95
L16S;-0.78
L16R;-4.02
L16T;-1.14
L16W;-1.23
L16V;-0.7
L16Y;0.97
K17A;-8.2
K17C;-6.8
K17E;-9.56
K17D;-9.65
K17G;-9.49
K17F;-4.12
K17I;-9.43
K17H;-9.48
K17M;-9.32
K17L;-8.93
K17N;-3.86
K17Q;-9.73
K17P;-9.17
K17S;-9.72
K17R;-7.27
K17T;-9.57
K17W;-8.05
K17V;-8.82
K17Y;-8.44
K18A;-5.75
K18C;-4.73
K18E;-9.23
K18D;-8.82
K18G;-9.02
K18F;-8.9
K18I;-5.44
K18H;-2.52
K18M;-9.21
K18L;-7.98
K18N;-4.94
K18Q;-4.17
K18P;-9.2
K18S;-7.67
K18R;-4.68
K18T;-8.83
K18W;-5.34
K18V;-7.39
K18Y;-8.04
L19A;0.35
L19C;-1.16
L19E;-9.94
L19D;-9.25
L19G;1.16
L19F;-9.15
L19I;-0.51
L19H;-1.1
L19K;-10.33
L19M;1.73
L19N;-2.32
L19Q;-3.03
L19P;-2.13
L19S;-1.38
L19R;-8.21
L19T;-2.99
L19W;-2.23
L19V;-9.01
L19Y;-3.48
K20A;-5.86
K20C;-4.76
K20E;-7.95
K20D;-9.05
K20G;1.21
K20F;-8.63
K20I;-7.53
K20H;-4.73
K20M;-8.28
K20L;-4.43
K20N;-4.63
K20Q;-5.74
K20P;-4.17
K20S;-5.91
K20R;0.21
K20T;-4.21
K20W;-7.87
K20V;-5.44
K20Y;-8.87
C21A;-9.4
C21E;-4.12
C21D;-4
C21G;-4.88
C21F;-4.23
C21I;-5.1
C21H;-9.3
C21K;-5.11
C21M;-3.44
C21L;-5.55
C21N;-8.68
C21Q;-7.13
C21P;-9.83
C21S;-6.39
C21R;-8.46
C21T;-5.86
C21W;-9.06
C21V;-9.13
C21Y;-7.23
S22C;-8.8
S22G;-7.04
S22F;-8.75
S22I;-8.4
S22H;-10.78
S22K;-8.36
S22L;-7.97
S22N;-5.84
S22Q;-8.18
S22P;-7.38
S22R;-8.37
S22W;-9.17
S22V;-9.02
S22Y;-9.72
K23A;-9.05
K23C;-8.34
K23E;-6.5
K23D;-8.56
K23G;-7.77
K23F;-6.24
K23I;-8.47
K23H;-3.16
K23M;-7.46
K23L;-6.13
K23N;-5.51
K23Q;-3.44
K23P;-5.63
K23S;-7.55
K23R;-2.13
K23T;-8.98
K23W;-9.03
K23V;-3.33
K23Y;-5
E24A;-0.37
E24C;-0.43
E24D;0.08
E24G;-1.54
E24F;-2.96
E24I;-3.5
E24H;-0.26
E24K;-1.99
E24M;-1.17
E24L;-3.46
E24N;0.4
E24Q;0.9
E24P;-4.29
E24S;-0.04
E24R;-2.89
E24T;0.55
E24W;-5.32
E24V;-1.34
E24Y;-8.52
K25A;0.95
K25C;-0.68
K25E;0.67
K25D;-2.38
K25G;-1.37
K25F;2.21
K25I;1.19
K25H;0.14
K25M;1.6
K25L;0.52
K25N;0.84
K25Q;0.54
K25P;-4.69
K25S;2.01
K25R;0.56
K25T;1.58
K25W;2.09
K25V;1.77
K25Y;2.26
P26A;-8.04
P26C;-9.74
P26E;-7.49
P26D;-7.95
P26G;-1.43
P26F;-8.62
P26I;-7.24
P26H;-10.53
P26M;-7.84
P26L;-10.92
P26N;-7.77
P26Q;-3.55
P26S;-2.3
P26R;-9.39
P26T;-3.59
P26W;-9.43
P26V;-7.63
P26Y;-8.71
K27C;0.25
K27E;-1.74
K27D;-3.74
K27G;0.31
K27F;0.86
K27I;0.88
K27H;0.35
K27M;0.1
K27L;1.21
K27N;1.12
K27Q;1.74
K27P;-7.58
K27S;-0.16
K27R;0.45
K27T;-1.45
K27W;-0.73
K27V;-2.18
K27Y;0.14
C28A;-10.05
C28E;-10
C28D;-3.36
C28G;-8.07
C28F;-4.35
C28I;-8.96
C28M;-9.39
C28L;-8.81
C28N;-9.6
C28Q;-8.81
C28P;-4.79
C28S;-3.47
C28R;-3.98
C28T;-8.81
C28W;-9.17
C28Y;-7.9
A29C;-2.32
A29E;0.56
A29D;-3.09
A29G;-1.23
A29F;-3.17
A29I;0.39
A29H;-0.77
A29K;0.25
A29M;0.9
A29L;-0.41
A29N;-2.03
A29Q;0.59
A29P;-8.97
A29S;-5.03
A29R;0.82
A29T;0
A29W;1.03
A29V;0.68
A29Y;-1.55
K30A;-6.14
K30C;-4.02
K30E;-8.77
K30D;-4.68
K30G;-8.37
K30F;-4.89
K30I;-3.84
K30H;-7.85
K30M;-4.48
K30L;-4.07
K30N;-7.71
K30Q;-5.35
K30P;-5.97
K30S;-6.67
K30R;-1.46
K30T;-3.35
K30W;-9.06
K30V;-8.68
K30Y;-6.18
C31A;-6.56
C31E;-7.1
C31D;-9.14
C31G;-4.49
C31F;-5.64
C31I;-4.38
C31H;-7.24
C31K;-8.51
C31M;-4.45
C31L;-9.39
C31N;-4.41
C31Q;-9.54
C31P;-9
C31S;-8.45
C31R;-8.57
C31T;-4.51
C31W;-3.68
C31V;-6.83
C31Y;-5.69
L32A;0.78
L32C;-0.11
L32E;-0.17
L32D;0.44
L32G;0.22
L32F;0.92
L32I;-0.59
L32H;0.44
L32K;0.26
L32M;0.6
L32N;0.29
L32Q;-0.58
L32P;-6.59
L32S;-0.37
L32R;0.84
L32T;-0.53
L32W;0.53
L32V;-0.49
L32Y;0.68
K33A;-2.48
K33C;-4.06
K33E;-3.09
K33D;-7.03
K33G;-2.32
K33F;-3.08
K33I;-2.96
K33H;-2.68
K33M;-1.85
K33L;-4.48
K33N;-1.05
K33Q;-1.5
K33P;-8.59
K33S;-2.74
K33R;0.83
K33T;-0.99
K33W;-4.1
K33V;-2.59
K33Y;-3.21
N34A;-1.79
N34C;-1.34
N34E;-3.12
N34D;-4.76
N34G;-0.77
N34F;-2.94
N34I;-8.82
N34H;-1.35
N34K;-1.94
N34M;-2.84
N34L;-1.59
N34Q;-0.25
N34P;-9.23
N34S;0.55
N34R;-0.64
N34T;-4.17
N34W;-9
N34V;-7.36
N34Y;-1.89
N35A;-0.43
N35C;0.5
N35E;0.74
N35D;-0.68
N35G;-0.09
N35F;0.41
N35I;-2.91
N35H;-1.22
N35K;-0.15
N35M;0.48
N35L;-1.01
N35Q;0.76
N35P;-8.72
N35S;-0.53
N35R;-0.98
N35T;0.42
N35W;-8.58
N35V;-1.17
N35Y;-1.04
W36A;0.89
W36C;-4.8
W36E;-3.93
W36D;-2.82
W36G;-0.48
W36F;0.16
W36I;0.48
W36H;-0.14
W36K;-0.5
W36M;-0.7
W36L;0.74
W36N;-1.11
W36Q;0.31
W36P;-4.67
W36S;0.2
W36R;0.21
W36T;-1.03
W36V;0.59
W36Y;0.63
E37A;-0.35
E37C;-0.24
E37D;0.45
E37G;-1.37
E37F;-3.48
E37I;-3.46
E37H;-1.38
E37K;-2.05
E37M;-2.18
E37L;-1.69
E37N;0.04
E37Q;-1.98
E37P;0.35
E37S;0.62
E37R;-1.13
E37T;-0.25
E37W;-7.92
E37V;0.42
E37Y;-5.6
C38A;-3.87
C38E;-8.87
C38D;-3.08
C38G;-4.86
C38F;-5.2
C38I;-8.61
C38H;-8.4
C38K;-10.17
C38M;-4.62
C38L;-8.94
C38N;-8.54
C38Q;-3.58
C38P;-11.35
C38S;-5.76
C38R;-9.05
C38T;-8.55
C38W;-9.14
C38V;-8.51
C38Y;-3.15
R39A;0.32
R39C;1
R39E;0.77
R39D;-3.25
R39G;0.26
R39F;0.63
R39I;0.69
R39H;-0.1
R39K;-0.8
R39M;2.23
R39L;1.36
R39N;1.98
R39Q;0.3
R39P;-4.84
R39S;0.02
R39T;1.48
R39W;-1.23
R39V;-1.72
R39Y;0.59
Y40A;-6.18
Y40C;-8.78
Y40E;-5.52
Y40D;-8.63
Y40G;-8.3
Y40F;-3.3
Y40I;-8.49
Y40H;-3.91
Y40K;-8.77
Y40M;-5.62
Y40L;-5.28
Y40N;-8.08
Y40Q;-4.06
Y40P;-9.74
Y40S;-5.55
Y40R;-5.94
Y40T;-5.65
Y40W;-5.62
Y40V;-3.39
S41A;-4.06
S41C;-9.19
S41E;-8.23
S41D;-8.71
S41G;-3.97
S41F;-7.31
S41I;-9.29
S41H;-9.18
S41K;-9.13
S41M;-8.38
S41L;-7.79
S41N;-8.09
S41Q;-2.66
S41P;-9.28
S41R;-6.76
S41T;-2.22
S41W;-5.52
S41V;-4.57
S41Y;-3.64
P42A;-3.38
P42C;-6.76
P42E;-4.6
P42D;-2.38
P42G;-5.07
P42F;-8.86
P42I;-8.5
P42H;-4.93
P42K;-5.14
P42M;-3.72
P42L;-8.37
P42N;-6.68
P42Q;-6.03
P42S;-6.1
P42R;-8.98
P42T;-7.29
P42W;-5.46
P42V;-4.73
P42Y;-6.33
K43A;-1.16
K43C;-4.46
K43E;-6.96
K43D;-5.43
K43G;-2.94
K43F;-0.92
K43I;-3.44
K43H;-2.92
K43M;-1.95
K43L;-2
K43N;-2.99
K43Q;-2.79
K43P;2.52
K43S;-3.79
K43R;0.45
K43T;-3.31
K43W;-5.09
K43V;-6.02
K43Y;0.28
T44A;-0.09
T44C;-0.81
T44E;1.38
T44D;-3.42
T44G;-2.6
T44F;-3.86
T44I;0.96
T44K;-5.98
T44M;-0.02
T44L;0.13
T44N;-4.19
T44S;-2.2
T44R;-3.33
T44W;-8.71
T44V;0.02
T44Y;-9.13
K45A;-0.25
K45C;-3.22
K45E;-7.38
K45D;-5.62
K45G;-8.52
K45F;-3.91
K45I;1.35
K45H;-3.62
K45M;-0.38
K45L;0.88
K45N;-1.94
K45Q;1.3
K45P;1.13
K45S;-6.85
K45R;-0.63
K45T;-1.89
K45W;-5.52
K45V;0.69
K45Y;-3.6
R46A;-7.92
R46C;-8.45
R46E;-3.55
R46D;-9.4
R46G;-8.95
R46F;-9.22
R46I;-9.85
R46H;-9
R46K;-4.76
R46M;-7.95
R46L;-8.48
R46N;-9.34
R46Q;-2.86
R46P;-8.67
R46S;-9.18
R46T;-6.94
R46W;-8.94
R46V;-9.87
R46Y;-9.35
S47A;-7.2
S47C;-8.5
S47E;-10.97
S47G;-9.02
S47F;-8.47
S47I;-8.45
S47H;-9.97
S47K;-9.59
S47M;-4.26
S47L;-9.9
S47N;-9.09
S47Q;-8.95
S47P;-2.46
S47R;-10.04
S47T;-0.65
S47W;-9.21
S47V;-9.03
S47Y;-6.1
P48A;-5.27
P48C;-6.86
P48E;-4.17
P48D;-1.86
P48G;-5.69
P48F;-8.33
P48I;-8.95
P48H;-8.42
P48K;-4.4
P48M;-5.59
P48L;-8.67
P48N;-9.23
P48Q;-9.24
P48S;-7.63
P48R;-3.79
P48T;-8.81
P48W;-3.95
P48V;-4.54
P48Y;-5.23
L49A;-9.05
L49C;-6.99
L49E;-8.67
L49D;-9.81
L49G;-4.37
L49F;-4.8
L49I;-3.92
L49H;-8.24
L49K;-3.95
L49M;-3.87
L49N;-8.9
L49Q;-8.11
L49P;-6.6
L49S;-7.15
L49R;-7.98
L49T;-5.08
L49W;-3.87
L49V;-9
L49Y;-1.79
T50A;-8.7
T50C;-4.41
T50E;-8.71
T50D;-8.61
T50G;-8.88
T50F;-7.45
T50I;-6.57
T50H;-3.52
T50K;-9.98
T50M;-4.13
T50L;-6.54
T50N;-9.04
T50Q;-3.75
T50P;-9.88
T50S;-8.97
T50R;-9.03
T50W;-5.9
T50V;-4.19
T50Y;-3.67
R51A;-8.63
R51C;-8.74
R51E;-6.31
R51D;-5.66
R51G;-9.37
R51F;-8.88
R51I;-7.2
R51H;-8.65
R51K;-9.19
R51M;-4.33
R51L;-5.94
R51N;-9.99
R51Q;-4.47
R51P;-9.77
R51S;-2.46
R51T;-6.35
R51W;-7.04
R51V;-5.3
R51Y;-4.09
A52C;-2.58
A52E;-6.41
A52D;-5.68
A52G;-7.56
A52F;-1.15
A52I;-1.84
A52H;-2.17
A52K;-0.81
A52M;-1.48
A52L;-2.92
A52N;-0.11
A52Q;-0.44
A52P;-9.11
A52S;-3.06
A52R;-1.23
A52T;-6.84
A52W;-8.96
A52V;0.29
A52Y;-4.33
H53A;-9.18
H53C;-8.04
H53E;-3.75
H53D;-5.83
H53G;-9.01
H53F;-5.02
H53I;-8
H53K;-6.96
H53M;-8.54
H53L;-8.37
H53N;-5.38
H53Q;-3.66
H53P;-8.62
H53S;-5.33
H53R;-3.93
H53T;-8.87
H53W;-2.2
H53V;-9.09
H53Y;0.05
L54A;-9.58
L54C;-2.3
L54E;-2.75
L54D;-8.8
L54G;-9.81
L54F;-8.18
L54I;-6.7
L54H;-9.2
L54K;-7.34
L54M;0.94
L54N;-8.82
L54Q;-8.12
L54P;-4.61
L54S;-9.14
L54R;-1.86
L54T;-9.49
L54W;-4.56
L54V;-0.34
L54Y;-8.33
T55A;-4.97
T55C;-3.99
T55E;-2.94
T55D;-3.18
T55G;-2.7
T55F;-6.54
T55I;-5.51
T55H;-6.51
T55K;-8.03
T55M;-2.85
T55L;-4.11
T55N;-2.53
T55Q;-2.44
T55P;-3.7
T55S;-0.93
T55R;-8.18
T55W;-3.71
T55V;-6.48
T55Y;-2.73
E56A;0.47
E56C;-0.11
E56D;0.27
E56G;-2.8
E56F;-0.26
E56I;-3.21
E56H;-1.64
E56K;-2.69
E56M;0.22
E56L;-1.42
E56N;-1.02
E56Q;-0.4
E56P;-8.95
E56S;-0.66
E56R;-1.14
E56T;-0.5
E56W;0.26
E56V;-2.76
E56Y;0.29
V57A;-10.03
V57C;-0.17
V57E;-9.13
V57D;-3.24
V57G;-9.74
V57F;-8.84
V57I;-5.42
V57H;-3.39
V57K;-7.8
V57M;-4.63
V57L;-2.23
V57N;-10.97
V57P;-8.77
V57S;-9.53
V57R;-11.48
V57T;-4.65
V57W;-9.45
V57Y;-3.47
E58A;-8.45
E58C;-5.85
E58D;-3.11
E58G;-8.92
E58F;-5.11
E58I;-8.79
E58H;-4.57
E58K;-8.47
E58M;-9.37
E58L;-8.77
E58N;-10.34
E58Q;-7.35
E58P;-4.31
E58S;-4.63
E58R;-1.98
E58T;-8.13
E58W;-4.43
E58V;-4.51
E58Y;-5.58
S59C;1.61
S59E;0.93
S59D;-0.89
S59G;0.59
S59F;0.25
S59I;0.81
S59H;0.82
S59K;-0.12
S59M;0.35
S59L;0.01
S59N;0
S59Q;1.44
S59P;-8.36
S59R;-1.4
S59T;-0.5
S59W;0
S59V;0.04
S59Y;0.05
R60A;-1.59
R60C;-8.52
R60E;-8.68
R60D;-9.82
R60G;-6.2
R60F;-8.52
R60I;-9.14
R60H;-6.52
R60K;-0.95
R60M;-4.46
R60L;-4.96
R60N;-5.93
R60Q;-1.32
R60P;-8.34
R60S;-6.01
R60T;-7.64
R60W;-8.85
R60V;-9.19
R60Y;-8.64
L61A;-0.28
L61C;0.21
L61E;-9.72
L61D;-9.4
L61G;-6.31
L61F;-5.52
L61I;-3.84
L61H;-5.89
L61K;-1.86
L61M;-0.52
L61N;-7.32
L61Q;-8.33
L61P;-7.54
L61S;-3.83
L61R;-10.27
L61T;-8.74
L61W;-8.98
L61V;0.99
L61Y;-2.66
E62A;0.27
E62C;-0.18
E62D;0.1
E62G;0.05
E62F;0.08
E62I;-1.76
E62H;0.43
E62K;-1.59
E62M;0.25
E62L;0.72
E62N;-1.52
E62Q;-0.03
E62P;-9.09
E62S;-0.71
E62R;-0.52
E62T;0.36
E62W;0.1
E62V;1.08
E62Y;-0.31
R63A;0.44
R63C;-2.41
R63E;-7.95
R63D;-9.76
R63G;-4.96
R63F;-0.61
R63I;0.27
R63H;-4.39
R63K;-1.08
R63M;-0.48
R63L;-0.41
R63N;-5.69
R63Q;-1
R63P;-2.97
R63S;-2.92
R63T;-0.97
R63W;-7.17
R63V;-0.03
R63Y;-8.04
L64A;-7.16
L64C;-4.39
L64E;-7.12
L64D;-8.19
L64F;-0.58
L64I;0.7
L64H;-8.33
L64K;-8.87
L64M;-0.06
L64N;-10.61
L64Q;-7.49
L64P;-9.39
L64S;-8.51
L64R;-3.01
L64T;-9.17
L64W;-10
L64V;-8.92
L64Y;-8.35
E65A;-7.95
E65C;-2.78
E65D;-2.68
E65G;-4.97
E65F;-9.3
E65I;-3.01
E65H;-2.01
E65K;-4.37
E65M;0.86
E65L;-4.85
E65N;-8.69
E65Q;0.57
E65P;-4.02
E65S;-0.87
E65R;-3.22
E65T;0.46
E65W;-5.24
E65V;-1.95
E65Y;-0.93
