mutant;selection_coefficient
A2A;0.000835739
A2C;0.023378381
A2D;0.016383957
A2E;0.007865957
A2F;0.039942502
A2G;0.014909385
A2I;0.035559713
A2K;0.020554192
A2L;0.037545516
A2M;0.05549917
A2N;0.031737568
A2P;-0.862829448
A2Q;0.257253581
A2R;0.05131176
A2S;0.0207094
A2T;-0.007815854
A2V;0.010112972
A2W;0.027161653
A2Y;-0.014065376
S3A;0.04437785
S3C;-0.017513582
S3D;-0.050858059
S3E;-0.006749562
S3F;-0.041569551
S3G;-0.033182627
S3H;0.051228321
S3I;-0.003372601
S3K;0.046080133
S3L;0.012262411
S3M;-0.024531734
S3N;-0.005248491
S3P;-0.002407297
S3Q;0.081080302
S3R;-0.002143512
S3T;0.031730136
S3V;0.021131374
S3W;-0.083037895
S3Y;0.016097365
E4A;-0.034473398
E4C;0.008116283
E4D;0.003461631
E4F;-0.043445199
E4G;-0.065379895
E4H;-0.07771246
E4I;0.005440187
E4K;-0.088037025
E4L;-0.042664684
E4M;0.007523747
E4N;0.029056317
E4P;-0.045525423
E4Q;0.045443393
E4R;-0.079977353
E4S;-0.048627266
E4T;-0.00404197
E4V;-0.031049105
E4Y;-0.035818074
T5A;-0.018039165
T5C;-0.008330116
T5D;-0.065367068
T5E;-0.102372699
T5F;0.002529801
T5G;-0.172563431
T5H;-0.022124115
T5I;-0.017660057
T5K;-0.030295396
T5L;-0.005540709
T5M;-0.051813262
T5N;-0.076053963
T5P;-0.021602275
T5Q;-0.03308022
T5R;-0.050085221
T5S;-0.021379206
T5V;-0.042911854
T5W;-0.086532954
T5Y;-0.003070049
F6A;-0.983610299
F6C;-0.123382976
F6D;-1.128068113
F6E;-1.102524432
F6G;-0.413692693
F6H;-0.262144946
F6I;-0.039963723
F6K;-0.299345078
F6L;-0.104161931
F6M;-0.180858953
F6N;-0.554804553
F6P;-1.326311855
F6Q;-0.197706428
F6R;-0.281905038
F6S;-0.755729101
F6T;-0.924675261
F6V;-0.186535326
F6W;-0.260153168
F6Y;-0.058528998
E7A;-0.180453115
E7C;-0.055893993
E7D;-0.044413977
E7F;-0.070706404
E7G;-0.223498274
E7H;-0.177172689
E7I;-0.049429575
E7K;-0.428032335
E7L;-0.174062615
E7M;-0.473311434
E7N;-0.128555398
E7P;-0.25208564
E7Q;-0.243709366
E7R;-0.434527132
E7S;-0.118689892
E7T;-0.07951293
E7V;-0.055770435
E7W;-0.380158891
E7Y;-0.136891168
F8A;-0.502189269
F8C;-0.238651765
F8D;-1.092283655
F8E;-1.012170491
F8G;-1.098148594
F8H;-0.216638838
F8I;-0.06620678
F8K;-0.664532528
F8L;-0.147029397
F8M;-0.067085251
F8N;-0.909931035
F8P;-0.603742742
F8Q;-0.363958706
F8R;-1.151612148
F8S;-0.514019005
F8T;-0.131234973
F8V;-0.144587529
F8W;-0.140116668
F8Y;0.005246879
Q9A;-0.108049743
Q9C;-0.103980578
Q9D;-0.107606875
Q9E;-0.019386928
Q9F;-0.043177886
Q9G;-0.048482971
Q9H;-0.033338146
Q9I;0.012039792
Q9K;-0.086888499
Q9L;-0.000610215
Q9M;0.033023257
Q9N;0.042344301
Q9P;-0.943595064
Q9R;-0.065413612
Q9S;0.003668378
Q9T;-0.0129858
Q9V;-0.023036176
Q9W;-0.15720892
Q9Y;-0.041011784
A10C;-0.155213644
A10D;-0.996145086
A10E;-0.993933215
A10F;-0.457102999
A10G;-0.058651843
A10H;-0.434903816
A10I;-0.234616714
A10K;-1.225339659
A10L;-0.668840508
A10M;-0.051472729
A10N;-0.48064076
A10P;-1.225339659
A10Q;-0.514323809
A10R;-1.26410938
A10S;-0.045445873
A10T;-0.019205794
A10V;-0.061789248
A10W;-0.982286901
A10Y;-0.628440295
E11A;-0.073637696
E11C;-0.030823059
E11D;-0.076296397
E11F;-0.055991264
E11G;-0.05486223
E11H;0.036362424
E11I;-0.055179208
E11K;-0.114252317
E11L;-0.05521248
E11M;0.211693599
E11N;-0.132810073
E11P;-1.321571578
E11Q;0.000698065
E11R;-0.173640739
E11S;-0.00367135
E11T;-0.007353548
E11V;-0.06332059
E11W;-0.311084894
E11Y;-0.088037025
I12A;-0.210225359
I12C;-0.143210179
I12D;-0.410106277
I12E;-0.395718844
I12F;-0.20553913
I12G;-0.628708801
I12H;-0.138728467
I12K;-0.129887338
I12L;-0.132865211
I12M;-0.035755648
I12N;-0.087181928
I12P;-0.809672802
I12Q;-0.084579787
I12R;-0.148685593
I12S;-0.184979705
I12T;-0.099693249
I12V;-0.15509547
I12W;-1.330552238
I12Y;-0.165467102
T13A;-0.014499015
T13C;-0.051729077
T13D;-0.07363927
T13E;-0.069344527
T13F;-0.013536007
T13G;-0.04096011
T13H;-0.090406743
T13I;-0.038697375
T13K;-0.067780427
T13L;-0.056741892
T13M;-0.03473988
T13N;-0.023870846
T13P;-0.314639934
T13Q;-0.077120152
T13R;-0.06574645
T13S;-0.009881621
T13V;-0.057216218
T13W;-0.737351505
T13Y;-0.051251662
Q14A;-0.01995353
Q14C;-0.021973293
Q14D;-0.008916827
Q14E;-0.033681326
Q14F;-0.4520784
Q14G;-0.059012367
Q14H;-0.00587142
Q14I;-0.114604327
Q14K;-0.047810587
Q14L;-0.042105457
Q14M;-0.01449949
Q14N;-0.045713116
Q14P;-0.310828554
Q14R;-0.049542979
Q14S;-0.036354893
Q14T;-0.04599221
Q14V;-0.24637816
Q14W;-0.015789223
Q14Y;-0.092751641
L15A;-0.052954334
L15C;-0.006712055
L15D;-1.156736526
L15E;-0.779555538
L15F;-0.046213589
L15G;-0.412655323
L15H;-0.469746879
L15I;-0.079792773
L15K;-1.126206057
L15M;-0.007152492
L15N;-0.692264322
L15P;-0.917857864
L15Q;-0.107051793
L15R;-0.923138074
L15S;-0.141200634
L15T;-0.037068632
L15V;-0.036052476
L15W;-0.500657836
L15Y;-0.257332252
M16A;-0.202854044
M16C;-0.062331098
M16F;-0.431662118
M16G;-0.430171331
M16H;-0.109414324
M16I;-0.006774828
M16K;-0.183058587
M16L;-0.017409904
M16N;-0.129861563
M16P;-0.601606196
M16Q;-0.064118151
M16R;-0.081851558
M16S;-0.072512451
M16T;-0.024168143
M16V;-0.004240764
M16W;-0.654875199
M16Y;-0.384979222
S17A;-0.010674323
S17C;-0.030627409
S17D;-0.034236207
S17E;-0.021524084
S17F;-0.130504285
S17G;-0.035156141
S17H;-0.084728565
S17I;-0.096231527
S17K;-0.077656983
S17L;-0.294144443
S17M;-0.145181796
S17N;-0.028755153
S17P;-0.123444841
S17Q;0.005540487
S17R;-0.03798895
S17T;0.002161474
S17V;-0.056754839
S17W;-0.263990369
S17Y;-0.144524705
L18A;-0.161363246
L18C;-0.052388172
L18D;-0.269919346
L18E;-0.26449556
L18F;-0.374038896
L18G;-0.20411334
L18H;-0.177656525
L18I;-0.015403204
L18K;-0.658449571
L18M;-0.142825977
L18N;-0.070910365
L18P;-0.790687106
L18Q;-0.222540922
L18R;-0.474119692
L18S;-0.167534679
L18T;-0.054346683
L18V;-0.033368497
L18Y;-0.679858538
I19A;-0.139557189
I19C;-0.115135329
I19D;-0.647079088
I19E;-0.42008383
I19F;-0.003882482
I19G;-0.340859778
I19H;-0.148124186
I19K;-0.886213326
I19L;-0.019954131
I19M;-0.039681326
I19N;-0.416043403
I19P;-0.875830814
I19Q;-0.214384499
I19R;-0.88599708
I19S;-0.180486751
I19T;-0.108636692
I19V;-0.0726625
I19W;-0.924950108
I19Y;-0.213449825
I20A;-0.043469536
I20C;-0.025510044
I20D;-0.561920854
I20E;-0.282493355
I20F;-0.100500941
I20G;-0.180577026
I20H;-0.167287558
I20K;-0.729723776
I20L;-0.699047617
I20M;-0.171009172
I20N;-0.251469406
I20P;-0.848570684
I20Q;-0.274845537
I20R;-0.688342765
I20S;-0.303131639
I20T;-0.046930424
I20V;-0.013565877
I20W;-0.431565074
I20Y;-0.063090288
N21A;-0.056706754
N21C;-0.025175695
N21D;-0.089258333
N21E;-0.116383438
N21F;-0.04507015
N21G;-0.079925862
N21H;-0.022105313
N21I;-0.07114643
N21K;-0.124644886
N21L;-0.051233216
N21M;-0.005512621
N21P;-0.92065408
N21Q;-0.03343481
N21R;-0.037422782
N21S;-0.059611317
N21T;-0.084864484
N21V;-0.053690331
N21W;-0.412748001
N21Y;-0.284090523
T22A;-0.114025586
T22C;-0.069302215
T22D;-0.801903761
T22E;-0.563386688
T22F;-0.490930072
T22G;-0.357465886
T22H;-0.501866919
T22I;-0.647521862
T22K;-0.510816412
T22L;-0.239440197
T22M;-0.27657717
T22N;-0.490218
T22P;-0.395503919
T22Q;-0.39075703
T22R;-0.502380755
T22S;-0.179987703
T22V;-0.152705306
T22W;-0.579131366
T22Y;-0.438364897
V23A;-0.060714721
V23C;-0.075540429
V23D;-1.178148797
V23E;-0.973621265
V23F;-0.357783756
V23G;-0.470366358
V23H;-1.199070821
V23I;-0.01897553
V23K;-1.013322801
V23L;-0.071355772
V23M;-0.104796587
V23N;-1.081272007
V23P;-1.034507773
V23Q;-0.447039211
V23R;-1.126007148
V23S;-0.286630657
V23T;-0.085031643
V23W;-1.531345969
V23Y;-1.130349392
Y24A;-0.607094222
Y24C;-0.633813497
Y24D;-1.243287098
Y24E;-1.084253632
Y24F;-0.11599281
Y24G;-0.950910478
Y24H;-0.369686306
Y24I;-0.649160143
Y24K;-0.935935859
Y24L;-0.692475411
Y24M;-0.533158983
Y24N;-0.457651725
Y24P;-1.151633985
Y24Q;-0.825848972
Y24R;-1.215104205
Y24S;-0.679468099
Y24T;-0.645291023
Y24V;-0.678411478
Y24W;-1.301663502
S25A;0.013970106
S25C;0.016543019
S25D;-0.225830798
S25E;-0.057215098
S25F;-0.041287347
S25G;0.013985817
S25H;-0.001283237
S25I;-0.115495335
S25K;-0.024731955
S25L;-0.124702865
S25M;0.022373113
S25N;0.011302042
S25P;-0.123126943
S25Q;0.007343844
S25R;-0.024901201
S25T;-0.009262974
S25V;0.001423431
S25W;-0.01139673
S25Y;-0.062184992
N26A;-0.03396352
N26C;-0.364915975
N26D;-0.013564821
N26E;-0.047622373
N26F;-0.067951372
N26G;-0.02821869
N26H;-0.011384696
N26I;-0.078933245
N26K;-0.152179758
N26L;-0.070426502
N26M;-0.030569939
N26P;-0.568227715
N26Q;-0.026077071
N26R;-0.096760038
N26S;-0.05785304
N26T;-0.058007655
N26V;-0.043295671
N26W;-0.143346139
N26Y;-0.055313272
K27A;-0.012053514
K27C;-0.078682754
K27D;-0.057494937
K27E;-0.04518159
K27F;-0.059695618
K27G;-0.03199993
K27H;0.004665971
K27I;-0.076479913
K27L;-0.06588786
K27M;0.007704904
K27N;-0.03389326
K27P;-0.025783938
K27Q;-0.010958274
K27R;-0.008497474
K27S;-0.029246995
K27T;-0.037985785
K27V;-0.078742499
K27W;-0.073896668
K27Y;0.035349263
E28A;-0.03747386
E28C;-0.006153937
E28D;-0.028085947
E28F;-0.059357401
E28G;-0.035017645
E28H;-0.036057249
E28I;-0.235525338
E28K;-0.128296027
E28L;-0.143392566
E28M;-0.045585313
E28N;-0.029117533
E28P;-0.237237458
E28Q;-0.018746214
E28R;-0.196072816
E28S;-0.032859387
E28T;-0.032363357
E28V;-0.044849426
E28W;-0.081373248
E28Y;-0.017071678
I29A;-0.070554375
I29C;-0.047967864
I29D;-0.223563754
I29E;-0.275182193
I29F;-0.035605933
I29G;-0.111349985
I29H;-0.085992646
I29K;-0.200115188
I29L;-0.373732446
I29M;-0.113837578
I29N;-0.083225942
I29P;-0.053462605
I29Q;-0.119920887
I29R;-0.272819203
I29S;-0.097095913
I29T;-0.041624745
I29V;-0.02632061
I29W;-0.868454144
I29Y;-0.186660581
F30A;-0.022089062
F30C;-0.086292752
F30D;-1.032999122
F30E;-0.719215602
F30G;-0.100084896
F30H;-0.046222101
F30I;-0.370023294
F30K;-0.898937858
F30L;-0.517590846
F30M;-0.000416243
F30N;-0.028044629
F30P;-0.406561632
F30Q;-0.205541675
F30R;-1.195961863
F30S;-0.047990924
F30T;-0.071795483
F30V;-0.097100683
F30W;-0.050085205
F30Y;0.001972571
L31A;-0.009627333
L31C;-0.002885532
L31D;-0.103635801
L31E;-0.052037395
L31F;-0.017470968
L31G;-0.014440574
L31H;-0.030727269
L31I;-0.003138505
L31K;0.00431886
L31M;0.019708763
L31N;-0.002694572
L31P;-1.01390263
L31Q;0.019375234
L31R;-1.165364364
L31S;-8.51E-05
L31T;-0.002202413
L31V;0.004769713
L31W;-0.075584222
L31Y;0.044466312
R32A;-0.949648775
R32C;-0.919034442
R32D;-1.073362029
R32E;-0.934342599
R32F;-1.048243568
R32G;-0.955389271
R32H;-1.166783894
R32I;-1.013626907
R32K;-0.464271267
R32L;-0.836619261
R32M;-1.516010186
R32N;-0.852108553
R32P;-0.926819016
R32Q;-0.80777821
R32S;-0.805759677
R32T;-0.828245365
R32V;-0.86031262
R32W;-1.482633416
R32Y;-1.22167101
E33A;-0.853454239
E33C;-1.027209342
E33D;-1.089023032
E33F;-1.060671938
E33G;-0.95674191
E33H;-1.167818466
E33I;-0.969717992
E33K;-1.11997256
E33L;-1.111172062
E33M;-1.221723955
E33N;-1.409043538
E33P;-1.130034998
E33Q;-1.312980976
E33R;-1.179213113
E33S;-0.975568767
E33T;-1.110209648
E33V;-1.282537111
E33W;-1.329151206
E33Y;-1.370633482
L34A;0.000341438
L34C;0.010200474
L34D;-0.021828737
L34E;-0.038212737
L34F;-0.098917895
L34G;0.001277546
L34H;-0.008696379
L34I;0.028496427
L34K;0.001818012
L34M;0.018699912
L34N;-0.021737711
L34P;-0.048052338
L34Q;-0.168184796
L34R;-1.059528818
L34S;0.001860838
L34T;0.022936077
L34V;0.030374219
L34W;-0.088961351
L34Y;-0.219259717
I35A;-0.000382241
I35C;-0.003864251
I35D;0.002193525
I35E;-0.076863435
I35F;-0.047112169
I35G;-0.002908959
I35H;0.007911288
I35K;-0.049850858
I35L;0.02251932
I35M;0.012087404
I35N;0.011851313
I35P;-0.037084254
I35Q;-0.017997467
I35R;-0.65215945
I35S;-0.000913988
I35T;0.015510715
I35V;0.026825733
I35W;-0.126581044
I35Y;0.031324763
S36A;-0.023503133
S36C;-0.053407507
S36D;-0.453964694
S36E;-0.673481715
S36F;-0.538139457
S36G;-0.074087898
S36H;-0.407598056
S36I;-0.349886751
S36K;-1.261304704
S36L;-0.570706323
S36M;-0.387019606
S36N;-0.115620186
S36P;-0.627294835
S36Q;-0.691876929
S36R;-1.148192205
S36T;-0.130497071
S36V;-0.115752955
S36W;-0.106036556
S36Y;-0.332929907
N37A;-1.053153039
N37C;-1.217611019
N37D;-1.065451386
N37E;-1.138860944
N37F;-1.099807066
N37G;-1.11243142
N37H;-1.338945937
N37I;-0.963689015
N37K;-1.070258951
N37L;-1.117017953
N37M;-1.103011169
N37P;-1.167780972
N37Q;-1.214383261
N37R;-1.172677954
N37S;-1.00528244
N37T;-1.127755156
N37V;-1.251515228
N37W;-1.195944439
N37Y;-1.110111562
A38C;-0.021459728
A38D;-0.034365998
A38E;-0.190294508
A38F;-0.33802446
A38G;0.00470279
A38H;-0.040926859
A38I;-0.379880564
A38K;-0.239280648
A38L;-0.355889398
A38N;-0.017081918
A38P;-0.049884831
A38Q;-0.219064744
A38R;-1.085328753
A38S;0.006763857
A38T;-0.014211636
A38V;-0.114747194
A38Y;-0.524186534
S39A;0.005724324
S39C;-0.018506901
S39D;-0.233814274
S39E;-0.465399733
S39F;-0.106950002
S39G;-0.012976917
S39H;-0.015592108
S39I;-0.021340826
S39K;-0.076426722
S39L;-0.067075265
S39M;-0.026262087
S39N;-0.074624189
S39P;-0.222763051
S39Q;-0.004106556
S39R;-0.131242972
S39T;-0.002163222
S39V;-0.018233822
S39W;-0.042024417
S39Y;-0.163141311
D40A;-1.101100177
D40C;-1.092674362
D40E;-1.226107798
D40F;-1.14578982
D40G;-1.045064342
D40H;-1.01728434
D40I;-1.028214452
D40K;-1.19971733
D40L;-1.001127798
D40M;-0.93266498
D40N;-1.154792243
D40P;-1.04167588
D40Q;-0.901839254
D40R;-1.175903056
D40S;-1.04780518
D40T;-1.019710892
D40V;-0.987821365
D40W;-1.158500443
D40Y;-0.887575819
A41C;-0.049073507
A41D;-1.075104876
A41E;-1.013285027
A41F;-1.037321895
A41G;-0.031729389
A41H;-1.212912671
A41I;-0.63487385
A41K;-1.308943887
A41L;-1.10944775
A41M;-0.97484857
A41N;-0.763713282
A41P;-0.59753842
A41Q;-1.026692622
A41R;-1.09173939
A41S;0.00850935
A41T;-0.030849256
A41V;-0.415550253
A41W;-1.02502178
A41Y;-1.106286809
L42A;-0.053635882
L42C;0.010440464
L42D;0.025120174
L42E;0.065151651
L42F;0.102002064
L42G;0.06035229
L42H;-0.055823897
L42I;0.028221076
L42K;0.004543013
L42M;0.037723585
L42N;0.024743908
L42P;-0.914850605
L42Q;-0.075937824
L42R;-0.022583409
L42S;0.017182369
L42T;0.043898583
L42V;-0.023374497
L42W;-0.045461521
L42Y;0.063831654
D43A;-0.189747561
D43C;-0.257247004
D43E;-1.166850351
D43F;-0.219489827
D43G;-0.302882063
D43H;-0.159030929
D43I;-0.155832873
D43K;-0.046420272
D43L;-0.143289349
D43M;-0.300143175
D43N;-0.024568016
D43P;-0.157106095
D43Q;-0.187285167
D43R;-0.122299989
D43S;-0.18690201
D43T;-0.352846717
D43V;-0.293363866
D43W;-0.195399985
D43Y;-0.144142937
K44A;-0.023117813
K44C;-0.029331772
K44D;-0.429452201
K44E;-0.099002197
K44F;0.021101536
K44G;-0.046018305
K44H;0.008716987
K44I;-0.181984574
K44L;-0.024517066
K44M;-0.217999954
K44N;-0.017760068
K44P;-0.153939896
K44Q;0.000709607
K44R;-0.028261874
K44S;-0.018923664
K44T;0.004245661
K44V;-0.024665548
K44W;-0.118668021
K44Y;0.005873619
I45A;0.016733858
I45C;-0.052830838
I45D;0.01692263
I45E;-0.018730627
I45F;-0.008735908
I45G;0.015573234
I45H;-0.005897186
I45K;-0.000605991
I45L;0.006778291
I45M;0.01432142
I45N;8.61E-05
I45P;-0.007002445
I45Q;-0.027413724
I45R;-0.013615761
I45S;0.008948083
I45T;0.001210118
I45V;2.36E-05
I45W;-0.00122081
I45Y;-0.009400263
R46A;-0.074645195
R46C;-0.106077994
R46D;-0.019611748
R46E;-0.077632656
R46F;-0.052540893
R46G;-0.164038546
R46H;0.011664659
R46I;-0.035551394
R46K;0.00204113
R46L;-0.047478024
R46M;-0.11176978
R46N;-0.067262329
R46P;-0.154981269
R46Q;-0.085671237
R46S;-0.127671229
R46T;-0.051884936
R46V;-0.045980553
R46W;-0.089363756
R46Y;-0.020403518
Y47A;-0.017939395
Y47C;0.004627277
Y47D;-0.335511131
Y47E;-0.223101503
Y47F;0.014108378
Y47G;-0.145131156
Y47H;0.008547268
Y47I;-0.017787793
Y47K;-0.215690281
Y47L;0.001053491
Y47M;-0.037448815
Y47N;-0.056050965
Y47P;-0.114920973
Y47Q;-0.025191454
Y47R;-0.144885629
Y47S;-0.062600019
Y47T;-0.037180006
Y47V;0.012403431
Y47W;-0.013221822
K48A;0.037898037
K48C;0.025776064
K48D;0.076003503
K48E;0.066376297
K48F;0.012078744
K48G;0.012045126
K48H;-0.04025461
K48I;-0.055543532
K48L;-0.015212466
K48M;0.048757883
K48N;0.008934316
K48P;-0.020859447
K48Q;-0.02643299
K48R;0.000106196
K48S;0.027350649
K48T;-0.035173136
K48V;-0.000896119
K48W;0.015584887
K48Y;-0.018370179
S49A;-0.00013338
S49C;0.030511976
S49D;-0.021384405
S49E;-0.016350206
S49F;-0.106613639
S49G;0.00934261
S49H;0.007163491
S49I;-0.005250423
S49K;-0.029368825
S49L;-0.02024282
S49M;0.005509192
S49N;-0.031778814
S49P;-0.025759153
S49Q;-0.029521918
S49R;-0.023549525
S49T;-0.026087374
S49V;-0.043419034
S49W;-0.027257307
S49Y;-0.035672492
L50A;-0.012414177
L50C;-0.006306001
L50D;-0.081013137
L50E;-0.053601386
L50F;0.039523364
L50G;-0.021374127
L50H;0.044420388
L50I;-0.027326319
L50K;-0.019310099
L50M;-0.018660179
L50N;-0.002616856
L50P;-0.003019959
L50Q;-0.003984037
L50R;0.002089264
L50S;0.017556647
L50T;0.012339404
L50V;-0.016267847
L50W;-0.007011958
L50Y;0.016347739
S51A;0.024901833
S51C;-0.084423595
S51D;0.036915673
S51E;-0.040352744
S51F;-0.036185595
S51G;-0.010721936
S51H;-0.023858003
S51I;-0.031491596
S51K;-0.03101935
S51L;-0.0272981
S51M;0.523246707
S51N;-0.000467952
S51P;-0.003930081
S51Q;-0.113212722
S51R;-0.024692714
S51T;-0.004538906
S51V;-0.018320382
S51W;-0.007495413
S51Y;-0.030384655
D52A;-0.062076112
D52C;-0.220378551
D52E;-0.063730878
D52F;-0.041075129
D52G;-0.112226453
D52H;-0.04321572
D52I;0.026313508
D52K;-0.013494384
D52L;-0.080175931
D52M;-0.036277779
D52N;-0.016659315
D52P;-0.025024693
D52Q;0.033940073
D52R;-0.084295159
D52S;-0.048372
D52T;-0.007145817
D52V;-0.02559221
D52W;-0.323381616
D52Y;-0.161510522
P53A;-0.059619575
P53C;-0.037338155
P53D;-0.061146067
P53E;-0.079786413
P53F;-0.123282575
P53G;-0.054480905
P53H;-0.09072372
P53I;-0.004316492
P53K;-0.093403575
P53L;-0.064163366
P53M;-0.083706659
P53N;-0.115739958
P53Q;-0.050265711
P53R;-0.054586708
P53S;-0.039435999
P53T;-0.010115821
P53V;-0.054061865
P53W;-0.096839134
P53Y;-0.112770728
K54A;-0.020648959
K54C;-0.019736157
K54D;0.00205852
K54E;0.040071105
K54F;-0.003246471
K54G;-0.020637727
K54H;0.030617827
K54I;0.022639429
K54L;-0.00995001
K54M;0.082632977
K54N;-0.001086354
K54P;-0.028561803
K54Q;-0.040455421
K54R;-0.014194897
K54S;0.013574513
K54V;-0.04663618
K54W;-0.020033705
K54Y;-0.023103231
Q55A;-0.009888628
Q55C;0.020715252
Q55D;0.019001694
Q55E;0.090183861
Q55F;0.023426578
Q55G;0.015706036
Q55H;-0.001494859
Q55I;0.056972995
Q55K;-0.037417189
Q55L;-0.003010249
Q55N;-0.00836044
Q55P;-0.017485036
Q55R;0.008260231
Q55S;0.010346263
Q55T;0.009756106
Q55V;-0.012192748
Q55Y;0.021556883
L56A;-0.007501319
L56C;-0.037661479
L56D;-0.024916787
L56E;0.004455171
L56F;0.024717669
L56G;-0.015771015
L56H;0.005700721
L56I;-0.002655367
L56K;0.010312012
L56M;-0.006985788
L56N;0.004358457
L56P;0.007833446
L56Q;0.011287996
L56R;-0.019450344
L56S;0.010190725
L56T;-0.011797772
L56V;-0.0151263
L56W;-0.06766179
L56Y;0.00614625
E57A;-0.003755584
E57C;-0.015355386
E57D;-0.022990977
E57F;0.017544811
E57G;0.016013204
E57H;0.011204312
E57I;-0.031833622
E57K;-0.044991219
E57L;-0.034499132
E57M;0.042165479
E57N;0.00229151
E57P;-0.064495238
E57Q;-0.017314162
E57R;-0.044854839
E57S;-0.004031144
E57T;-0.053735713
E57V;-0.025179045
E57W;-0.022926646
E57Y;0.008232525
T58A;0.025120325
T58C;0.001491091
T58D;0.048294349
T58E;0.031477267
T58F;-0.057558038
T58G;0.004597225
T58H;-0.004636182
T58I;0.025685561
T58K;-0.039279113
T58L;-0.015283058
T58M;-0.060536019
T58N;-0.006348045
T58P;-0.027904001
T58Q;0.011642129
T58R;-0.041525845
T58S;0.014292361
T58V;-0.036908222
T58W;-0.063467701
T58Y;-0.051609057
E59A;-0.002629449
E59C;-0.031101207
E59D;-0.054751853
E59F;-0.035500682
E59G;0.01736628
E59H;-0.010021439
E59I;-0.00081304
E59K;-0.029203437
E59L;-0.0401078
E59M;-0.002270262
E59N;-0.016038305
E59P;-0.028830033
E59Q;-0.034608328
E59R;-0.018341797
E59S;-0.043605635
E59T;-0.02554998
E59V;0.016720495
E59W;-0.078766572
E59Y;0.045952579
P60A;0.086459413
P60C;0.015051637
P60D;-0.010622372
P60E;0.043759688
P60F;-0.009083833
P60G;0.016148204
P60H;0.050161934
P60I;-0.026421294
P60K;0.036397322
P60L;0.032498392
P60M;-0.024007295
P60N;0.028890429
P60Q;0.041338943
P60R;0.043055352
P60S;-0.000781014
P60T;0.017445802
P60V;0.013343569
P60W;-0.022989403
P60Y;-0.00938669
D61A;0.013537959
D61C;0.021864515
D61E;0.017396718
D61F;0.009477414
D61G;0.043056832
D61H;-0.002576153
D61I;-0.043133996
D61K;0.068886626
D61L;0.026677843
D61M;0.014103034
D61N;-0.013019135
D61P;0.047158428
D61Q;0.026823166
D61R;0.040343654
D61S;0.023475168
D61T;0.056633493
D61V;0.034027436
D61W;-0.001919509
D61Y;-0.00070309
L62A;-0.070558045
L62C;-0.105451908
L62D;-0.053589497
L62E;0.053547343
L62F;0.026894293
L62G;-0.081682016
L62H;0.009871149
L62I;-0.022947262
L62K;-0.130651887
L62M;0.06607736
L62N;-0.043126353
L62P;-0.022126737
L62Q;-0.171689661
L62R;-0.039926024
L62S;-0.07881675
L62T;-0.064571204
L62V;-0.017905158
L62W;-0.097750336
L62Y;-0.060079425
F63A;-0.07881168
F63C;0.005773582
F63D;-0.084051193
F63E;-0.135735992
F63G;-0.089167916
F63H;-0.105894717
F63I;-0.070457575
F63K;-0.071906269
F63L;0.00174107
F63M;-0.086832875
F63N;-0.056075014
F63P;-0.091410204
F63Q;-0.082045351
F63R;-0.063620012
F63S;-0.038151639
F63T;-0.059204302
F63V;-0.047150046
F63W;0.002562939
F63Y;-0.006534615
I64A;-0.011951662
I64C;-0.026614513
I64D;-0.214705231
I64E;-0.041527889
I64F;-0.011370529
I64G;-0.024494905
I64H;-0.013971695
I64K;-0.030838259
I64L;-0.017834617
I64M;0.00479286
I64N;-0.028740247
I64P;-0.232937275
I64Q;-0.022524571
I64R;-0.092417109
I64S;-0.028235763
I64T;-0.001343226
I64V;-0.001900223
I64W;-0.12599504
I64Y;-0.02758567
R65A;0.034731159
R65C;0.012871411
R65D;0.031706393
R65E;-0.003162428
R65F;0.004129891
R65G;0.025352529
R65H;-0.015271645
R65I;-0.019334308
R65K;0.015794719
R65L;0.012880407
R65M;0.049580905
R65N;-0.005793622
R65P;-0.034431016
R65Q;-0.018778552
R65S;0.016343049
R65T;0.005027206
R65V;0.023072317
R65W;0.02570655
R65Y;-0.00314086
I66A;-0.011523678
I66C;-0.001338299
I66D;-0.498111693
I66E;-0.058125712
I66F;-0.005236829
I66G;0.008642286
I66H;-0.018864158
I66K;-0.059622123
I66L;0.023424085
I66M;0.05188076
I66N;0.009981728
I66P;-0.015505288
I66Q;-0.014380263
I66R;-0.976988883
I66S;-0.0148658
I66T;0.011360948
I66V;0.021078892
I66W;-0.041853968
I66Y;-0.016793687
T67A;0.000645896
T67C;-0.035982889
T67D;0.008744757
T67E;0.011335763
T67F;-0.019995789
T67G;-0.010349264
T67H;0.013290941
T67I;-0.003451512
T67K;0.035715764
T67L;0.00370182
T67M;0.081968698
T67N;0.041731274
T67P;-0.018968519
T67Q;0.004114901
T67R;-0.021747352
T67S;0.018549138
T67V;-0.002768171
T67W;0.004663597
T67Y;0.012631712
P68A;0.02025162
P68C;0.015783177
P68D;-0.013701525
P68E;-0.003790749
P68F;-0.029206059
P68G;-0.010762575
P68H;0.035628051
P68I;0.016908415
P68K;-0.006107299
P68L;-0.029157568
P68M;-0.002326099
P68N;-0.004578412
P68Q;-0.004769588
P68R;-0.001585504
P68S;-0.024590907
P68T;-0.016068766
P68V;0.014719731
P68W;0.026730836
P68Y;0.015200982
K69A;0.003371966
K69C;0.027784631
K69D;-0.026334005
K69E;-0.02056306
K69F;0.01586047
K69G;0.006165556
K69H;0.008434301
K69I;-0.007562746
K69L;0.037069556
K69M;-0.128703386
K69N;0.008849909
K69P;-0.011558385
K69Q;-0.007039745
K69R;0.009332727
K69S;-0.020636314
K69V;0.027293347
K69W;-0.001801469
K69Y;-0.014049426
P70A;0.013125254
P70C;0.023061166
P70D;-0.006453339
P70E;0.026782272
P70F;0.009637445
P70G;0.016061742
P70H;-0.014872776
P70I;0.004919353
P70K;0.031875302
P70L;-0.017175649
P70M;0.009581803
P70N;0.033225951
P70Q;0.001109158
P70R;0.010453865
P70S;0.015534079
P70T;0.029869263
P70V;-0.00100261
P70W;0.022202548
P70Y;-0.030830131
E71A;0.006402862
E71C;0.047437175
E71D;0.003011694
E71F;0.031483288
E71G;0.011316098
E71H;0.007511034
E71I;-0.024204167
E71K;-0.018063977
E71L;-0.007015879
E71M;-0.039183697
E71N;-0.021002404
E71P;0.003970782
E71Q;0.011433467
E71R;-0.020953499
E71S;0.00410161
E71T;-0.004394208
E71V;0.002258943
E71W;-0.036896654
E71Y;0.0093802
Q72A;0.121533112
Q72C;0.095979467
Q72D;0.096797526
Q72E;0.085951543
Q72F;0.114040954
Q72G;0.094581682
Q72H;-0.010623181
Q72I;0.073858401
Q72K;0.091761613
Q72L;0.041823501
Q72M;0.079133865
Q72N;0.030461669
Q72P;0.100790717
Q72R;0.090354142
Q72S;0.071288184
Q72T;0.114950925
Q72V;0.106101669
Q72W;0.049490638
Q72Y;0.050722178
K73A;-0.015755245
K73C;-0.011595748
K73D;0.008641986
K73E;-0.03014145
K73F;-0.086403663
K73G;-0.030055691
K73H;0.014471227
K73I;-0.029158476
K73L;-0.038614479
K73M;-0.005735652
K73N;0.004783155
K73P;-0.013750136
K73Q;-0.014698596
K73R;0.038629645
K73S;-0.00708028
K73T;0.011421399
K73V;-0.059313813
K73W;-0.011423139
K73Y;-0.002248486
V74A;-0.052560901
V74C;-0.004419146
V74D;-0.001791063
V74E;-0.055053927
V74F;-0.008304127
V74G;-0.026862488
V74H;-0.005910917
V74I;0.008018838
V74K;-0.045314982
V74L;0.002852792
V74N;0.070342633
V74P;-0.372096346
V74Q;-0.017925573
V74R;-0.009365828
V74S;0.015297624
V74T;0.009338446
V74Y;0.044815333
L75A;-0.08534024
L75C;-0.033963645
L75D;-0.714343862
L75E;-0.25261454
L75F;0.016837778
L75G;-0.207978671
L75H;-0.077248394
L75I;-0.043136845
L75K;-0.310570937
L75M;0.037016323
L75N;-0.339452016
L75P;-1.025561388
L75Q;0.003851942
L75R;-0.973915814
L75S;-0.093729135
L75T;-0.028679378
L75V;-0.0796575
L75W;0.025598086
L75Y;-0.00391766
E76A;-0.024650366
E76C;-0.007957706
E76D;0.021298482
E76F;0.009426833
E76G;-0.049482755
E76H;-0.021000302
E76I;-0.002961117
E76K;0.005015676
E76L;-0.002593667
E76M;-0.067354243
E76N;-0.009136596
E76P;-0.936737978
E76Q;0.030788089
E76R;-0.064732461
E76S;0.012106227
E76T;-0.009590811
E76V;-0.005256586
E76W;-0.050749626
E76Y;0.025329773
I77A;-0.03588632
I77C;0.001616821
I77D;-0.889375962
I77E;-0.112939393
I77F;0.002371894
I77G;-0.027115814
I77H;0.005304676
I77K;-0.003347995
I77L;-0.017666252
I77M;0.014617727
I77N;-0.127964004
I77P;-0.960675589
I77Q;0.043323134
I77R;-1.039778595
I77S;-0.009902962
I77T;-0.004491061
I77V;0.027285324
I77W;-0.017406041
I77Y;0.00675137
R78A;-0.021653099
R78C;0.01251713
R78D;0.017092056
R78E;-0.011030761
R78F;0.000459376
R78G;0.011112205
R78H;0.062209853
R78I;-0.05537123
R78K;0.002264183
R78L;-0.027055008
R78M;0.012357024
R78N;-0.021289871
R78P;-0.070499826
R78Q;0.045547486
R78S;0.052547334
R78T;-0.012941451
R78V;-0.04141956
R78W;-0.018812337
R78Y;-0.030880635
D79A;-1.05545862
D79C;-0.027798747
D79E;-0.060926785
D79F;-0.98074581
D79G;-0.903474941
D79H;-1.065684092
D79I;-1.208308764
D79K;-1.111802092
D79L;-1.149822499
D79M;-1.244414509
D79N;-1.120198785
D79P;-0.977865437
D79Q;-1.163092882
D79R;-1.174031683
D79S;-0.726736861
D79T;-1.08535133
D79V;-1.061125258
D79W;-1.228427941
D79Y;-1.070404481
S80A;-0.026266487
S80C;-0.026956987
S80D;-0.06463215
S80E;-0.036926993
S80F;-0.037268463
S80G;-0.034660305
S80H;-0.045632559
S80I;-0.041401564
S80K;-0.072648261
S80L;-0.034468036
S80M;0.035405719
S80N;-0.064398976
S80P;-0.035006339
S80Q;-0.04731859
S80R;-0.038716868
S80T;-0.020145822
S80V;-0.022541068
S80W;-0.042199983
S80Y;-0.059164573
G81A;-0.056526482
G81C;-0.902201193
G81D;-1.072817297
G81E;-1.15707186
G81F;-0.876736487
G81H;-1.044386444
G81I;-0.988832885
G81K;-0.993759657
G81L;-1.1737486
G81M;-0.918191673
G81N;-1.039149904
G81P;-1.037444069
G81Q;-1.292476491
G81R;-1.127051493
G81S;-0.512426359
G81T;-0.958259355
G81V;-1.167294666
G81W;-1.220836503
G81Y;-0.919861736
I82A;0.039799048
I82C;-0.359504773
I82D;-0.074672632
I82E;0.090177199
I82F;0.008444388
I82G;0.051750417
I82H;0.022700445
I82K;-0.075544147
I82L;0.075660873
I82M;-0.009441452
I82N;-0.077562714
I82P;-0.056457189
I82Q;0.090417128
I82R;-0.047983529
I82S;-0.056269828
I82T;0.020615342
I82V;0.060604573
I82W;-0.244478885
I82Y;-0.128399661
G83A;-0.000111506
G83C;-0.539628349
G83D;-1.248599079
G83E;-1.010971109
G83F;-1.104259563
G83H;-1.15847337
G83I;-1.165973311
G83K;-1.204013329
G83L;-1.161618991
G83M;-1.112303359
G83N;-1.008838779
G83P;-1.133141259
G83Q;-0.939938604
G83R;-1.150196548
G83S;-0.012582623
G83T;-0.853094059
G83V;-1.164098249
G83W;-1.309665511
G83Y;-0.997413279
M84A;-0.042303882
M84C;-0.09495511
M84D;-0.897774605
M84E;-0.021010945
M84F;-0.060926842
M84G;-0.158339829
M84H;-0.582873151
M84I;-0.043646273
M84K;-1.084818553
M84L;-0.039953688
M84N;-0.118320738
M84P;-1.016032354
M84Q;-0.033179238
M84R;-1.129458556
M84S;-0.162058764
M84T;-0.452287183
M84V;-0.109599858
M84Y;-0.981116328
T85A;-0.188531918
T85C;-0.057907104
T85D;-0.178653366
T85E;-0.056260478
T85F;-0.058317062
T85G;-0.065776722
T85H;-0.018869256
T85I;-0.116129667
T85K;-0.131843003
T85L;-0.057781725
T85M;-0.087744308
T85N;-0.05106658
T85P;-0.076632515
T85Q;0.024215711
T85R;-0.04191261
T85S;-0.0411829
T85V;-0.070401247
T85W;-0.093707555
T85Y;-0.020869538
K86A;-0.091748297
K86C;-0.029616866
K86D;-0.110273011
K86E;-0.143355217
K86F;-0.086471413
K86G;-0.071112315
K86H;-0.071581516
K86I;-0.022578773
K86L;-0.033814466
K86M;-0.112280799
K86N;-0.011742503
K86P;-0.147845594
K86Q;-0.066039556
K86R;-0.252932304
K86S;-0.03405375
K86T;-0.043046999
K86V;-0.100406739
K86W;-0.214488364
K86Y;-0.105321755
A87C;-0.014023555
A87D;-0.138173187
A87E;-0.227309909
A87F;-0.197866299
A87G;-0.07118873
A87H;-0.239041188
A87I;-0.019161572
A87K;-0.230857139
A87L;-0.209896318
A87M;-0.166457713
A87N;-0.041016639
A87P;0.007886161
A87Q;-0.301943882
A87R;-0.258263095
A87S;0.007506189
A87T;-0.003663684
A87V;0.01903131
A87W;-0.23683723
A87Y;-0.226106875
E88A;-0.056861001
E88C;-0.14246666
E88D;-0.032633444
E88F;-0.129158818
E88G;-0.169552742
E88H;-0.000717618
E88I;-0.091074778
E88K;-0.080334566
E88L;-0.04268476
E88M;-0.086596913
E88N;0.014786727
E88P;-0.285565028
E88Q;-0.001720485
E88R;-0.225189509
E88S;-0.049009718
E88T;-0.097267242
E88V;-0.095062623
E88W;-0.375610985
E88Y;-0.079008746
L89A;0.003649618
L89C;-0.016322566
L89D;-0.301866794
L89E;-0.001417638
L89F;-0.004716637
L89G;-0.251612769
L89H;-0.053853654
L89I;0.014352293
L89K;-0.014438717
L89M;0.042165298
L89N;0.008792181
L89P;-1.016056695
L89Q;0.037330752
L89R;-1.105204498
L89S;-0.01625054
L89T;-0.009415832
L89V;-0.002640502
L89W;-0.970585142
L89Y;-0.058699135
I90A;-0.068470489
I90C;-0.002129132
I90D;-0.760699843
I90E;-0.436141759
I90F;-0.096287813
I90G;-0.330950199
I90H;-0.032252593
I90K;-0.189092644
I90L;-0.13015838
I90M;-0.216186612
I90N;-0.219938885
I90P;-0.364254648
I90Q;-0.259303889
I90R;-0.307739356
I90S;-0.252104755
I90T;-0.114777201
I90V;0.003535108
I90W;-0.236128482
I90Y;-0.170617971
N91A;-0.162501921
N91C;-0.089824474
N91D;-0.309927544
N91E;-0.1803823
N91F;-0.150593462
N91G;-0.138290934
N91H;-0.059724165
N91I;-0.1154469
N91K;-0.057136618
N91L;-0.169308361
N91M;-0.188768412
N91P;-0.22022021
N91Q;-0.174777731
N91R;-0.036445002
N91S;-0.162849611
N91T;-0.074465411
N91V;-0.121654403
N91W;-0.038340759
N91Y;-0.023120368
N92A;-0.103104264
N92C;-0.106405295
N92D;-0.21330955
N92E;-0.217945268
N92F;-0.708819433
N92G;-0.063044391
N92H;-0.321971092
N92I;-0.131503451
N92K;-0.328655801
N92L;-0.198183855
N92M;-0.121480865
N92P;-0.409671148
N92Q;-0.198410787
N92R;-0.569300852
N92S;-0.085368427
N92T;-0.140247792
N92V;-0.018362278
N92W;-0.495998621
N92Y;-0.957312272
L93A;-1.028539867
L93C;-0.037872478
L93D;-0.995116582
L93E;-1.038177171
L93F;-0.039819403
L93G;-1.162868348
L93H;-1.02045259
L93I;-0.039282507
L93K;-0.889332833
L93M;-0.077620211
L93N;-1.380897557
L93P;-0.726042439
L93Q;-0.991686864
L93R;-1.273103693
L93S;-1.137566668
L93T;-0.45477116
L93V;-0.035987074
L93W;-1.068548179
L93Y;-0.462248721
G94A;-0.798000733
G94C;-1.17003038
G94D;-1.082619257
G94E;-1.126514015
G94F;-1.176192073
G94H;-1.145446927
G94I;-1.172321002
G94K;-1.139814375
G94L;-1.080257593
G94M;-0.994149792
G94N;-1.061115544
G94P;-1.073936338
G94Q;-0.98305351
G94R;-0.972409024
G94S;-0.79747802
G94T;-1.131998275
G94V;-1.048011865
G94W;-0.993288507
G94Y;-0.876848531
T95A;-0.115957822
T95C;0.01008103
T95D;-0.441751558
T95E;-0.035982356
T95F;-0.016006
T95G;-0.356142336
T95H;-0.057801501
T95I;0.017699511
T95K;-0.010983761
T95L;-0.304885677
T95M;0.049784237
T95N;-0.025358569
T95P;-1.103789712
T95Q;-0.02051724
T95R;-0.011021012
T95S;-0.000126377
T95V;0.010292552
T95Y;-0.028198291
I96A;-1.029908714
I96C;-0.6378863
I96D;-1.240642921
I96E;-0.935211333
I96F;-0.753829054
I96G;-1.172276951
I96H;-1.147398449
I96K;-1.244727902
I96L;-0.023740867
I96M;-0.052051397
I96N;-0.573421684
I96P;-1.037096974
I96Q;-1.310627412
I96R;-1.175311973
I96S;-0.918575546
I96T;-1.158340016
I96V;-0.002836295
I96W;-1.077217387
I96Y;-1.137095599
A97C;-0.045997556
A97D;-1.131309877
A97E;-1.228502074
A97F;-1.094271522
A97G;-0.195464683
A97H;-0.997455062
A97I;-0.980446413
A97K;-1.176944348
A97L;-1.159260927
A97M;-0.734561191
A97N;-1.000214811
A97P;-1.000990058
A97Q;-0.550124757
A97R;-1.145207946
A97S;-0.107572863
A97T;-0.562011297
A97V;-0.412036011
A97W;-0.964228699
A97Y;-1.094714901
K98A;0.022884703
K98C;0.001868374
K98D;0.007709066
K98E;0.018514357
K98F;-0.229376183
K98G;-0.000611671
K98H;-0.00268787
K98I;-0.232420481
K98L;-0.04930233
K98M;-0.013792864
K98N;0.024723439
K98P;-1.16560396
K98Q;0.006537204
K98R;0.008209234
K98S;-0.006532852
K98T;-0.015497187
K98V;-0.021290178
K98W;-0.103678612
K98Y;-0.408655736
S99A;-0.91490413
S99C;-1.120637815
S99D;-1.089965323
S99E;-1.209057946
S99F;-0.892489289
S99G;-0.405143887
S99H;-1.13970638
S99I;-1.01978336
S99K;-1.111537015
S99L;-1.039875967
S99M;-1.102217042
S99N;-0.904004096
S99P;-1.055612027
S99Q;-1.088037527
S99R;-1.14977128
S99T;-0.01070029
S99V;-1.024542543
S99W;-1.127982308
S99Y;-1.062712689
G100A;-0.067089852
G100C;-0.453712202
G100D;0.030658495
G100E;0.025943705
G100F;-1.005482404
G100H;-0.076176713
G100I;-1.129411926
G100K;-0.938730343
G100L;-1.141481536
G100M;-1.233850624
G100N;-1.60E-05
G100P;-0.420843499
G100Q;-0.122821946
G100R;-1.133540388
G100S;0.007498891
G100T;-0.14065397
G100V;-1.077786325
G100W;-1.063044059
G100Y;-0.433975803
T101A;-0.492677221
T101C;-0.36242697
T101D;-0.937364735
T101E;-0.64687317
T101F;-0.753058206
T101G;-0.272715698
T101H;-0.629791211
T101I;-0.819380986
T101K;-0.615670126
T101L;-0.819420458
T101M;-0.711194346
T101N;-0.690003978
T101P;-1.067313099
T101Q;-0.333920934
T101R;-0.784454638
T101S;0.005898946
T101V;-0.313278551
T101W;-0.469696757
T101Y;-0.384579566
K102A;0.033584661
K102C;0.020934267
K102D;-0.077862736
K102E;-0.147999274
K102F;-0.01615115
K102G;0.02849236
K102H;0.123468427
K102I;-0.056220274
K102L;0.024020294
K102M;0.125456477
K102N;-0.104173446
K102P;-0.833049304
K102Q;0.093305676
K102R;0.024997388
K102S;-0.040233529
K102T;0.182207799
K102V;0.075974174
K102W;-0.23023183
K102Y;0.075755144
A103C;0.000398962
A103D;-0.135601127
A103E;-0.426540257
A103F;-0.075623052
A103G;-0.01020286
A103H;-0.005515551
A103I;-0.065328574
A103K;0.004215851
A103L;-0.012994251
A103M;0.019114007
A103N;-0.015048787
A103P;-0.046308662
A103Q;0.02425084
A103R;0.01148866
A103S;0.020247724
A103T;-0.013339454
A103V;-0.042592347
A103W;0.055744043
A103Y;-0.00850495
F104A;-0.022961205
F104C;-0.025884636
F104D;-0.384414971
F104E;-0.302244919
F104G;-0.231085832
F104H;-0.062638009
F104I;-0.286796067
F104K;-0.227520255
F104L;-0.253120457
F104M;-0.055403645
F104N;-0.119336917
F104P;-0.827431552
F104Q;-0.122248705
F104R;-0.245508542
F104S;-0.065899848
F104T;-0.034609648
F104V;-0.083614101
F104W;-0.027385541
F104Y;-0.027277188
M105A;-0.036632541
M105C;-0.010737478
M105D;-0.120002867
M105E;-0.177063594
M105F;-0.067840387
M105G;-0.121937524
M105H;-0.071156505
M105I;-0.020173873
M105K;-0.084470587
M105L;-0.044212398
M105N;-0.103155485
M105P;-0.337517614
M105Q;-0.104329033
M105R;-0.045976816
M105S;-0.03937297
M105T;-0.062394107
M105V;0.009357311
M105W;-0.104933055
M105Y;-0.058266906
E106A;-0.036811314
E106C;-0.09642904
E106D;0.011410126
E106F;-0.146465186
E106G;-0.053871778
E106H;-0.084761552
E106I;-0.092155936
E106K;-0.001799128
E106L;-0.153047226
E106M;-0.083536735
E106N;-0.077047773
E106P;-0.261178797
E106Q;-0.066260231
E106R;-0.005810048
E106S;-0.055028113
E106T;-0.07017757
E106V;-0.10596078
E106W;-0.045724849
E106Y;-0.117866985
A107C;0.004051707
A107D;-0.432725208
A107E;-0.417770742
A107F;0.013790631
A107G;-0.082644774
A107H;-0.030832668
A107I;-0.004175984
A107K;-0.030942631
A107L;-0.000685456
A107M;-0.004343869
A107N;-0.095989059
A107P;-0.075572271
A107Q;-0.041123797
A107R;-0.038923813
A107S;-0.088647369
A107T;-0.117060721
A107V;-0.004484314
A107W;-0.049755906
A107Y;-0.013926238
L108A;0.009464623
L108C;-0.023275231
L108D;-0.152149203
L108E;-0.179692225
L108F;-0.036896813
L108G;-0.132170206
L108H;-0.036150531
L108I;-0.001496397
L108K;-0.082766636
L108M;-0.01745637
L108N;-0.104422498
L108P;-0.167166161
L108Q;-0.043703651
L108R;-0.085290779
L108S;-0.060278765
L108T;-0.056222857
L108V;-0.023756916
L108W;-0.040410871
L108Y;0.004907365
S109A;-0.023266673
S109C;0.005397633
S109D;-0.10511305
S109E;-0.020950639
S109F;-0.047337223
S109G;-0.033719101
S109H;0.008008299
S109I;-0.010755528
S109K;-0.045162656
S109L;-0.001635902
S109M;-0.666205761
S109N;0.012323576
S109P;-0.848933571
S109Q;-0.029889547
S109R;-0.006285113
S109T;-0.007895201
S109V;-0.042750525
S109W;-0.049772051
S109Y;-0.038353753
A110C;0.00280154
A110D;-0.070366001
A110E;-0.059867893
A110F;-0.00836388
A110G;-0.000782948
A110H;0.003111285
A110I;-0.036039618
A110K;-0.000495778
A110L;-0.042715691
A110M;0.017409089
A110N;-0.013652129
A110P;-0.50065075
A110Q;-0.009233636
A110R;-0.018788319
A110S;-0.014261158
A110T;-0.002411711
A110V;-0.023690729
A110W;0.045976904
A110Y;-0.024919839
G111A;-0.02358327
G111C;-0.020588452
G111D;-0.188033136
G111E;-0.094027276
G111F;-0.041400305
G111H;9.78E-05
G111I;-0.0314861
G111K;-0.031313369
G111L;-0.023425037
G111M;-0.040543221
G111N;-0.018018229
G111P;-0.125802518
G111Q;-0.0094502
G111R;-0.026730326
G111S;-0.013676701
G111T;-0.027066015
G111V;-0.048566931
G111W;-0.052237002
G111Y;-0.027762676
A112C;0.052498946
A112D;-0.104644971
A112E;-0.169344507
A112F;-0.00099489
A112G;0.07742636
A112H;-0.06791964
A112I;0.013132097
A112K;-0.034735483
A112L;0.033965391
A112M;0.125974364
A112N;-0.055573213
A112P;-0.097568577
A112Q;-0.062583645
A112R;-0.019549191
A112S;-0.001836612
A112T;-0.007553085
A112V;0.01221787
A112W;0.023001845
A112Y;0.037591511
D113A;0.003574886
D113C;-0.05325877
D113E;-0.109015247
D113F;-0.178240045
D113G;-0.044194724
D113H;-0.1270311
D113I;-0.126682918
D113K;-0.239857835
D113L;-0.159944234
D113M;-0.078836413
D113N;-0.128340124
D113P;-0.095613825
D113Q;-0.213496699
D113R;-0.291576476
D113S;-0.127367412
D113T;-0.11988808
D113V;-0.047728529
D113W;-0.167438299
D113Y;-0.13279179
V114A;0.052053372
V114C;-0.012974497
V114D;-0.100657174
V114E;-0.045140346
V114F;-0.015338841
V114G;0.004000033
V114H;-0.052567111
V114I;-0.008857156
V114K;-0.123527199
V114L;0.012904249
V114M;0.045431835
V114N;-0.086377403
V114P;-0.009377032
V114Q;-0.039216187
V114R;-0.07315186
V114S;-0.020136584
V114T;0.022713122
V114W;0.066366708
V114Y;-0.054802212
S115A;0.025877939
S115C;-0.026192858
S115D;-0.02006365
S115E;-0.042557254
S115F;-0.087320796
S115G;-0.003777032
S115H;-0.025604135
S115I;-0.017087184
S115K;-0.12801959
S115L;-0.025500797
S115M;-0.019991549
S115N;-0.030170214
S115P;-0.097021604
S115Q;-0.018622877
S115R;-0.050683899
S115T;-0.011708706
S115V;-0.003009081
S115W;-0.059160374
S115Y;-0.065100656
M116A;-0.004146016
M116C;-0.012637499
M116D;-0.860880854
M116E;-0.472854136
M116F;-0.046621108
M116G;-0.032353132
M116H;-0.280515916
M116I;-0.072975561
M116K;-0.807632435
M116L;-0.046646688
M116N;-0.20232116
M116P;-0.077855447
M116Q;-0.056947627
M116R;-0.600832873
M116S;-0.075395957
M116T;-0.064699223
M116V;-0.017025822
M116W;-0.187114179
M116Y;-0.176966302
I117A;-0.097517555
I117C;-0.224872723
I117D;-0.974617974
I117E;-0.621877604
I117F;-0.904648531
I117G;-0.703756422
I117H;-0.565043996
I117K;-0.215803424
I117L;-0.057283814
I117M;-0.324441124
I117N;-0.343470806
I117P;-0.990077396
I117Q;-0.88618621
I117R;-0.543124021
I117S;-0.381023688
I117T;-0.29695326
I117V;0.008224937
I117W;-0.935017515
I117Y;-0.861900826
G118A;-1.013852623
G118C;-0.980320634
G118D;-1.104692018
G118E;-1.111921589
G118F;-1.066665901
G118H;-1.220529323
G118I;-1.098085154
G118K;-1.117214611
G118L;-1.138742321
G118M;-1.151741324
G118N;-1.084798845
G118P;-1.110990488
G118Q;-1.116831696
G118R;-1.107906437
G118S;-1.067381161
G118T;-1.014883911
G118V;-1.165254819
G118W;-1.078747515
G118Y;-1.0885459
Q119A;-0.01102026
Q119C;0.207589511
Q119D;-0.211464495
Q119E;-0.430261684
Q119F;-0.141995149
Q119G;-0.491231035
Q119H;-0.092744541
Q119I;-0.458816325
Q119K;-0.138777081
Q119L;-0.204569466
Q119M;-0.077059465
Q119N;-0.096902617
Q119P;-1.157623365
Q119R;-0.062671876
Q119S;-0.02013125
Q119T;-0.216257772
Q119V;-0.357840643
Q119W;0.201226854
Q119Y;-0.111101199
F120A;-0.850829007
F120C;-0.46300413
F120D;-1.239911586
F120E;-1.185447221
F120G;-0.993817462
F120H;-0.565826932
F120I;-1.044838128
F120K;-1.129794882
F120L;-0.492595833
F120M;-0.302511966
F120N;-0.904153848
F120P;-1.189939152
F120Q;-0.868318888
F120R;-1.213119537
F120S;-0.930119394
F120T;-1.047575722
F120V;-1.134089239
F120W;-0.704933646
F120Y;-0.110741774
G121A;-1.170391258
G121C;-1.193053975
G121D;-1.235707199
G121E;-1.543529244
G121F;-1.263964461
G121H;-1.167286796
G121I;-1.104666931
G121K;-1.211803662
G121L;-1.231318459
G121M;-1.101732196
G121N;-1.22697659
G121P;-1.219029309
G121Q;-1.002838957
G121R;-1.211803662
G121S;-1.165232329
G121T;-1.249066672
G121V;-1.236605842
G121W;-1.324435499
G121Y;-1.350669152
V122A;-0.814612336
V122C;-0.152119031
V122D;-1.005867978
V122E;-0.966611896
V122F;-1.249855025
V122G;-1.14327117
V122H;-0.82867854
V122I;-0.045382008
V122K;-1.190346057
V122L;-0.098870393
V122M;-0.232101247
V122N;-0.70905229
V122P;-1.380570088
V122Q;-0.78101888
V122R;-1.214857856
V122S;-0.761692401
V122T;-0.084730008
V122W;-1.397358131
V122Y;-1.312939173
G123A;-0.964580353
G123C;-1.323259045
G123D;-1.236076822
G123E;-1.288150525
G123F;-1.444033124
G123H;-1.528954455
G123I;-1.412240691
G123K;-1.349039955
G123L;-1.457320727
G123M;-1.401038391
G123N;-1.336255226
G123P;-1.27741249
G123Q;-1.467503901
G123R;-1.27308338
G123S;-1.331634107
G123T;-1.257768833
G123V;-1.223370187
G123W;-1.416233008
G123Y;-1.331390236
F124A;-0.490716158
F124C;-0.393024309
F124D;-0.999470226
F124E;-0.175909939
F124G;-0.528700609
F124H;-0.62989032
F124I;-0.118367512
F124K;-1.043668476
F124L;-0.119007117
F124M;-0.136949078
F124N;-0.991239208
F124P;-1.152718242
F124Q;-0.778744046
F124R;-1.146222364
F124S;-0.788596378
F124T;-0.404417446
F124V;-0.084789938
F124W;-0.511225241
F124Y;-0.146206742
Y125A;-0.875276734
Y125C;-0.84296221
Y125D;-1.143211295
Y125E;-0.744445563
Y125F;-0.058555992
Y125G;-1.108237975
Y125H;-1.11892819
Y125I;-1.102450925
Y125K;-1.152716433
Y125L;-0.179878598
Y125M;-0.245652486
Y125N;-0.960836085
Y125P;-1.014226411
Y125Q;-1.181692868
Y125R;-1.274829549
Y125S;-1.037286915
Y125T;-0.797021154
Y125V;-0.723184702
Y125W;-1.053031904
S126A;-0.007118244
S126C;-0.031874384
S126D;-0.936745528
S126E;-0.80198653
S126F;-1.201744258
S126G;-0.035729263
S126H;-0.78115694
S126I;-0.186550097
S126K;-1.209232655
S126L;-0.770257882
S126M;-0.861348338
S126N;-0.415253064
S126P;-1.145120497
S126Q;-1.003132157
S126R;-1.181574741
S126T;-0.084893879
S126V;-0.035573704
S126W;-1.200715864
S126Y;-1.278019495
L127A;0.026258557
L127C;-0.013351892
L127D;0.008430677
L127E;-0.014921702
L127F;-0.684656991
L127G;0.010932223
L127H;-0.992776767
L127I;-0.0041756
L127K;-0.619530101
L127M;0.054496531
L127N;0.012516991
L127P;-0.034975884
L127Q;0.000323055
L127R;-1.090860985
L127S;-0.003877114
L127T;0.0053239
L127V;0.025727375
L127W;-0.986038831
L127Y;-0.135421669
F128A;-0.329297549
F128C;-0.314443943
F128D;-1.042599578
F128E;-1.088893365
F128G;-0.247221964
F128H;-0.142929739
F128I;-0.84119607
F128K;-0.922105269
F128L;-0.528325807
F128M;-0.393902773
F128N;-0.713694308
F128P;-0.803122178
F128Q;-1.023637129
F128R;-1.009741799
F128S;-0.716312468
F128T;-1.132291235
F128V;-0.855168934
F128W;0.156338584
F128Y;-0.054410116
L129A;-1.082309196
L129C;-0.800585414
L129D;-0.195249974
L129E;-0.164898356
L129F;-0.203001665
L129G;-1.010599618
L129H;-0.905065047
L129I;-0.202813857
L129K;-1.13100798
L129M;-0.777980174
L129N;-1.040510348
L129P;-0.157664762
L129Q;-0.922724425
L129R;-0.991312237
L129S;-1.10050465
L129T;-1.082071621
L129V;-0.512173843
L129W;-0.733039695
L129Y;-0.150557063
V130A;-0.024976453
V130C;-0.04652066
V130D;-0.084656873
V130E;-0.206959731
V130F;-0.633023289
V130G;-0.045423702
V130H;-0.771514696
V130I;-0.038973244
V130K;-0.947462525
V130L;-0.136144515
V130M;-0.229655034
V130N;-0.09003314
V130P;-0.041791625
V130Q;-0.469029515
V130R;-1.001208872
V130S;-0.06673703
V130T;-0.042106209
V130W;-1.075135579
V130Y;-0.972510835
A131C;0.03063446
A131D;-0.085018902
A131E;-0.418366267
A131F;-0.495273927
A131G;-0.008103965
A131H;-0.134118053
A131I;-0.004963119
A131K;-0.962623352
A131L;-0.069771451
A131M;-0.109677695
A131N;-0.080793499
A131P;-0.875398248
A131Q;-0.158062328
A131R;-0.994539571
A131S;-0.005755531
A131T;0.006361245
A131V;-0.007400161
A131W;-0.969694409
A131Y;-0.832131159
D132A;-0.128440339
D132C;-0.076376951
D132E;-0.095919526
D132F;-0.079658475
D132G;-0.107401574
D132H;-0.083091668
D132I;-0.064555444
D132K;-0.170346698
D132L;-0.01290423
D132M;-0.099900046
D132N;-0.135261006
D132P;-0.023183479
D132Q;-0.031401612
D132R;-0.101004036
D132S;0.006113852
D132T;-0.018290211
D132V;-0.171681573
D132W;-0.151676774
D132Y;-0.140263116
R133A;-0.061481778
R133C;-0.194005587
R133D;-0.055895957
R133E;-0.155111785
R133F;-0.264086515
R133G;-0.035193611
R133H;-0.211834797
R133I;-0.174559947
R133K;-0.131805589
R133L;-0.242362592
R133M;-0.158308024
R133N;-0.155706887
R133P;-0.293002459
R133Q;-0.210697683
R133S;-0.153860771
R133T;-0.08413853
R133V;-0.127908855
R133W;-0.093329937
R133Y;-0.312337539
V134A;-0.00251768
V134C;-0.066709652
V134D;-0.546419548
V134E;-0.52199991
V134F;-1.152645634
V134G;0.076911238
V134H;-1.135188353
V134I;0.002100739
V134K;-1.031549767
V134L;0.056833977
V134M;-0.044108261
V134N;-0.102864852
V134P;-0.35288979
V134Q;-0.177882471
V134R;-1.058300542
V134S;-0.061806487
V134T;-0.032731974
V134W;-0.829224986
V134Y;-1.046944647
Q135A;0.096785599
Q135C;0.009862847
Q135D;0.004956093
Q135E;0.046720152
Q135F;0.018718936
Q135G;0.061760969
Q135H;-0.03802022
Q135I;-0.011434527
Q135K;0.002250967
Q135L;-0.008495908
Q135M;0.142608316
Q135N;-0.065653611
Q135P;-0.881874319
Q135R;-0.015087427
Q135S;0.003209507
Q135T;0.013098888
Q135V;0.063921543
Q135W;0.043259675
Q135Y;-0.051849025
V136A;-0.031992268
V136C;-0.024746777
V136D;-0.515242604
V136E;-0.130812497
V136F;-0.012622252
V136G;-0.162289765
V136H;-0.06759803
V136I;-0.034759373
V136K;-0.842822389
V136L;-0.036855989
V136M;-0.004552131
V136N;-0.07913805
V136P;-0.884562981
V136Q;-0.400605995
V136R;-1.214973992
V136S;-0.080390377
V136T;-0.055754846
V136W;-0.738277169
V136Y;-0.117877599
I137A;0.028695699
I137C;0.020361504
I137D;-0.040544629
I137E;-0.024690694
I137F;0.001182787
I137G;-0.016183957
I137H;-0.078125695
I137K;-0.036704773
I137L;-0.013860883
I137M;-0.042063982
I137N;-0.074152566
I137P;-0.417997086
I137Q;0.013259505
I137R;-0.030530165
I137S;-0.016774715
I137T;-0.009681131
I137V;0.007214936
I137W;-0.060208352
I137Y;-0.015775325
S138A;0.005132218
S138C;-0.022920973
S138D;0.035046583
S138E;-0.201773188
S138F;-0.935309986
S138G;0.003809063
S138H;-1.091433238
S138I;-0.077634186
S138K;-1.313926506
S138L;-0.225999287
S138M;-0.233188984
S138N;-0.110861727
S138P;-0.029400998
S138Q;-0.815952153
S138R;-1.098137607
S138T;0.02981029
S138V;-0.013648557
S138W;-0.917582066
S138Y;-0.98527047
K139A;0.056806182
K139C;0.026634198
K139D;0.085736213
K139E;0.019454632
K139F;0.048223187
K139G;0.077613917
K139H;0.084595137
K139I;0.048468614
K139L;0.052274751
K139M;0.077826345
K139N;0.015949228
K139P;-0.157920123
K139Q;0.05135239
K139R;0.056707118
K139S;0.085909494
K139T;0.043505625
K139V;0.022136062
K139W;-0.023767583
K139Y;0.026303076
S140A;0.013461191
S140C;-0.130827476
S140D;0.04898451
S140E;-0.025543604
S140F;0.007738062
S140G;0.017556498
S140H;0.025916144
S140I;0.06166026
S140K;-0.00304906
S140L;-0.017594498
S140M;0.055631236
S140N;0.025036871
S140P;0.041568169
S140Q;0.047695108
S140R;-0.056528687
S140T;0.070434931
S140V;-0.143784414
S140W;-0.175382198
S140Y;0.027553886
N141A;-0.072628554
N141C;0.085274773
N141D;-0.034372471
N141E;-0.180715548
N141F;-0.011230441
N141G;-0.039597761
N141H;-0.059059044
N141I;-0.042754718
N141K;-0.077545717
N141L;-0.020109156
N141M;0.000168793
N141P;-0.049597034
N141Q;-0.004956486
N141R;-0.046488901
N141S;0.019705942
N141T;-0.014828979
N141V;-0.09949085
N141W;0.060650826
N141Y;0.055582896
D142A;-0.161700627
D142C;-0.084261761
D142E;-0.081763843
D142F;-0.081414181
D142G;-0.069105038
D142H;-0.170952198
D142I;-0.021510837
D142K;-0.121004713
D142L;-0.073145295
D142M;-0.047959688
D142N;-0.027370141
D142P;-0.05950024
D142Q;-0.070555535
D142R;-0.04935942
D142S;0.002527771
D142T;-0.054512905
D142V;-0.210815901
D142W;-0.085100039
D142Y;-0.003000879
D143A;-0.344514848
D143C;-0.398060853
D143E;-0.151481884
D143F;-0.505109972
D143G;-0.24241684
D143H;-0.377569893
D143I;-0.451624872
D143K;-0.420806138
D143L;-0.50382863
D143M;-0.48695375
D143N;-0.290620061
D143P;-0.436804936
D143Q;-0.441179558
D143R;-0.47520988
D143S;-0.468849456
D143T;-0.408597481
D143V;-0.401958179
D143W;-0.415792647
D143Y;-0.321871676
E144A;-0.128208787
E144C;0.030278405
E144D;-0.041084211
E144F;-0.147665155
E144G;-0.016573943
E144H;-0.120229771
E144I;-0.066694453
E144K;-0.281392761
E144L;-0.096250163
E144M;-0.126932552
E144N;-0.078319576
E144P;-0.200847421
E144Q;-0.119304741
E144R;-0.238474701
E144S;-0.017742495
E144T;-0.10681812
E144V;-0.094821144
E144W;-0.214578769
E144Y;-0.021160638
Q145A;0.008777853
Q145C;0.029453411
Q145D;-0.030343186
Q145E;-0.02042884
Q145F;0.042672658
Q145G;0.035269471
Q145H;0.034542597
Q145I;-0.025742478
Q145K;-0.037680351
Q145L;0.007535551
Q145M;-0.090243904
Q145N;0.004682381
Q145P;-0.008599843
Q145R;-0.001491173
Q145S;-0.006607938
Q145T;-0.031304809
Q145V;0.021839965
Q145W;0.033917211
Q145Y;0.023931314
Y146A;-0.054206557
Y146C;-0.043016161
Y146D;-0.109387426
Y146E;-0.054265972
Y146F;-0.038193808
Y146G;-0.097221436
Y146H;-0.030162732
Y146I;-0.024628137
Y146K;-0.190216275
Y146L;-0.059459005
Y146M;-0.085195836
Y146N;-0.054846389
Y146P;-0.262641773
Y146Q;-0.067864966
Y146R;-0.264442031
Y146S;-0.042050019
Y146T;-0.041532181
Y146V;-0.070269949
Y146W;-0.098267229
I147A;0.055763107
I147C;0.027214863
I147D;0.008951017
I147E;0.016508437
I147F;-0.001261203
I147G;0.07581196
I147H;-0.025494668
I147K;-0.034246513
I147L;0.004027427
I147M;-0.007000368
I147N;-0.029247605
I147P;-0.948526839
I147Q;0.019407837
I147R;0.036673187
I147S;-0.005738082
I147T;-0.011133124
I147V;0.035348831
I147W;0.241365715
I147Y;-0.008200792
W148A;-1.004099807
W148C;-0.924681991
W148D;-0.356124572
W148E;-0.64772697
W148F;-0.033557168
W148G;-0.988684443
W148H;-0.414387605
W148I;-0.695780138
W148K;-1.003048639
W148L;-0.106703882
W148M;-0.155421147
W148N;-0.625212162
W148P;-1.098145891
W148Q;-0.696421494
W148R;-1.141956505
W148S;-1.052862187
W148T;-1.007103134
W148V;-0.772776316
W148Y;-0.066483489
E149A;0.013187304
E149C;0.021330537
E149D;-0.039809189
E149F;0.024708878
E149G;4.89E-05
E149H;-0.012026469
E149I;-0.013773095
E149K;-0.021268017
E149L;0.034985478
E149M;-0.030305388
E149N;0.006271479
E149P;-1.142914497
E149Q;-0.001761638
E149R;0.02330014
E149S;-0.0051712
E149T;0.014013208
E149V;-0.002502157
E149W;0.044834598
E149Y;0.017579338
S150A;-0.02803454
S150C;0.037931228
S150D;-0.055562496
S150E;-0.409206374
S150F;-0.574928661
S150G;-0.116240533
S150H;-0.253053677
S150I;-0.920337487
S150K;-0.117421612
S150L;-0.90887844
S150M;-0.827344659
S150N;-0.090574814
S150P;-0.895774754
S150Q;-0.536952843
S150R;-0.126576075
S150T;0.018430555
S150V;-0.221401606
S150W;-0.368193125
S150Y;-0.323881677
N151A;-0.007059919
N151C;0.004337854
N151D;0.04406649
N151E;-0.19830832
N151F;-0.010915043
N151G;-0.010281254
N151H;-0.047131223
N151I;-0.049381118
N151K;-0.042820447
N151L;-0.046285411
N151M;-0.036325282
N151P;-0.007961889
N151Q;0.06703827
N151R;0.002309719
N151S;0.040399074
N151T;0.001564251
N151V;-0.087839678
N151W;-0.039675909
N151Y;-0.035675002
A152C;0.10277839
A152D;-0.115071862
A152E;0.045779479
A152F;-1.490570902
A152G;0.043628557
A152H;0.136645351
A152I;0.123877836
A152K;0.149464782
A152L;-0.176385181
A152M;-0.102881511
A152N;0.09656572
A152P;0.14029432
A152Q;0.154830336
A152R;0.250979419
A152S;0.20295295
A152T;0.179876006
A152V;-0.068451443
A152W;-0.836957229
A152Y;0.026759527
G153A;-0.18953285
G153C;-0.165977069
G153D;-0.067479692
G153E;-0.304471894
G153F;-0.483393819
G153H;-0.222922978
G153I;-1.01188748
G153K;-0.24632781
G153L;-0.835554219
G153M;-0.481188091
G153N;-0.190490774
G153P;-0.190839592
G153Q;-0.298674862
G153R;-0.241943443
G153S;-0.127050997
G153T;-0.155459651
G153V;-0.406555526
G153W;-0.298555782
G153Y;-0.248333436
G154A;-0.049420045
G154C;0.015213814
G154D;-0.107860421
G154E;-0.119339206
G154F;0.086236362
G154H;-0.061875373
G154I;-0.143588537
G154K;-0.133843381
G154L;-0.063335795
G154M;-0.028503052
G154N;-0.076099307
G154P;-0.09618248
G154Q;-0.04530745
G154R;-0.203506391
G154S;-0.086950738
G154T;-0.016653774
G154V;0.00414859
G154W;-0.081362566
G154Y;-0.076720951
S155A;-0.026498848
S155C;-0.016622504
S155D;-0.060911972
S155E;-0.017850487
S155F;-0.09715932
S155G;-0.030655074
S155H;-0.018284234
S155I;0.020019073
S155K;0.030897813
S155L;0.023596034
S155M;-0.029344833
S155N;-0.026482499
S155P;-0.206697711
S155Q;0.013247827
S155R;-0.017738517
S155T;-0.003177439
S155V;0.003570815
S155W;-0.052620765
S155Y;-0.086156826
F156A;-0.56115211
F156C;-0.365029589
F156D;-0.95285124
F156E;-1.06555866
F156G;-0.706440915
F156H;-0.430621137
F156I;-0.40308156
F156K;-1.168284375
F156L;-0.604169668
F156M;-0.076497592
F156N;-0.887143282
F156P;-0.862466795
F156Q;-0.748054207
F156R;-1.13911839
F156S;-0.833092954
F156T;-1.015782049
F156V;-0.828579532
F156W;-0.889147088
F156Y;0.041864512
T157A;-0.001045317
T157C;-0.019114701
T157D;-0.017125398
T157E;0.037114582
T157F;0.078717055
T157G;0.029484744
T157H;-0.017912815
T157I;0.087980967
T157K;0.041884566
T157L;0.030036811
T157M;-0.048979764
T157N;0.031542967
T157P;-1.093929084
T157Q;0.030507349
T157R;0.017509911
T157S;0.010212538
T157V;0.040511844
T157W;0.037428645
T157Y;0.050598686
V158A;-0.030330802
V158C;-0.022964796
V158D;-0.838307984
V158E;-0.229587187
V158F;-0.235914614
V158G;-0.56951162
V158H;-0.615817316
V158I;-0.05269895
V158K;-0.78261053
V158L;0.029535633
V158M;0.009011197
V158N;-0.018559649
V158P;-1.019044886
V158Q;-0.134884687
V158R;-0.455995814
V158S;-0.032440237
V158T;0.004344048
V158W;-0.609809823
V158Y;-0.593398562
T159A;0.023100195
T159C;0.01907646
T159D;0.050518054
T159E;0.013952431
T159F;0.035450397
T159G;0.011772228
T159H;-0.004033296
T159I;0.054501259
T159K;0.045406441
T159L;0.032822079
T159M;-0.000495928
T159N;0.042707631
T159P;-0.078019512
T159Q;0.043439469
T159R;0.018217437
T159S;0.005790483
T159V;-0.000691012
T159W;0.011124428
T159Y;0.054656833
L160A;-8.42E-05
L160C;-0.005571543
L160D;0.043375337
L160E;0.022764139
L160F;0.045560105
L160G;-0.010867579
L160H;0.065820551
L160I;-0.03694815
L160K;-0.04980069
L160M;-0.000382308
L160N;0.030152321
L160P;0.00139852
L160Q;0.033538799
L160R;-0.023047312
L160S;0.01773758
L160T;0.024596432
L160V;0.010822606
L160W;0.049640143
L160Y;-0.052179303
D161A;0.005125644
D161C;0.015654512
D161E;0.019050005
D161F;0.022767863
D161G;0.016982549
D161H;-0.012725978
D161I;0.045805715
D161K;0.028583799
D161L;0.074361458
D161M;0.01295041
D161N;0.036843019
D161P;0.041160338
D161Q;0.054573189
D161R;0.029383668
D161S;0.024190452
D161T;0.011294948
D161V;0.01068119
D161W;0.06114363
D161Y;-0.015345778
E162A;-0.138033772
E162C;0.077281023
E162G;-0.007741352
E162H;0.064539281
E162I;0.041543288
E162K;-0.101339526
E162L;0.064657438
E162N;0.039134261
E162P;0.035186784
E162R;0.0342337
E162S;0.024688744
E162T;0.088489755
E162V;0.04916877
V163A;-0.059064191
V163C;-0.163643547
V163D;-0.010142905
V163E;0.091933746
V163F;-0.109507473
V163G;0.031186856
V163H;-0.052396898
V163I;-0.015584583
V163K;-0.018497453
V163L;-0.016676651
V163M;-0.037489002
V163N;-0.092679323
V163P;-0.084064543
V163Q;-0.10116642
V163R;-0.034030873
V163S;-0.06091921
V163T;-0.035929819
V163W;-0.015584583
V163Y;-0.039856509
N164A;-0.079574544
N164C;0.035308627
N164D;0.030605696
N164E;0.007019931
N164F;-0.200238095
N164G;-0.076171014
N164H;-0.086978451
N164I;-0.037794561
N164K;-0.000474176
N164L;-0.052296335
N164M;-0.009993973
N164P;-0.036102969
N164Q;-0.051247818
N164R;-0.072385653
N164S;-0.045177031
N164T;0.020026273
N164V;-0.023791962
N164W;-0.142291931
N164Y;-0.02194283
E165A;-0.040539553
E165C;0.005759098
E165D;-0.108392485
E165F;-0.040980223
E165G;-0.017425075
E165H;0.025849624
E165I;-0.101763877
E165K;-0.099117405
E165L;-0.017528734
E165M;0.012620756
E165N;-0.135189173
E165P;0.054745099
E165Q;-0.042761404
E165R;-0.001017795
E165S;-0.081630557
E165T;-0.000823149
E165V;-0.047761524
E165W;0.014317178
E165Y;-0.045662228
R166A;0.030346983
R166C;-0.007564165
R166D;0.163804775
R166E;-0.037089469
R166F;-0.002906488
R166G;-0.017456889
R166H;-0.030681717
R166I;-0.055383397
R166K;0.023347597
R166L;0.028519642
R166M;0.157147243
R166N;0.034150695
R166P;0.001391661
R166Q;-0.025341635
R166S;0.000599935
R166T;-0.009399279
R166V;0.062765598
R166W;-0.066198395
R166Y;-0.184663572
I167A;0.004334704
I167C;0.047354509
I167D;-0.029722329
I167E;-0.010367284
I167F;-0.023420409
I167G;-0.053735688
I167H;0.061890254
I167K;-0.028316499
I167L;-0.002612249
I167M;0.086650314
I167N;-0.00712087
I167P;-0.037063995
I167Q;0.004334704
I167R;-0.021980849
I167S;0.039561192
I167T;-0.029574616
I167V;0.028609686
I167W;0.025000162
I167Y;0.091310641
G168A;0.052755686
G168C;-0.122402817
G168D;0.093339116
G168E;-0.104739753
G168F;0.075425437
G168H;0.192282836
G168I;-0.037720333
G168K;-0.016014213
G168L;-0.037120398
G168M;-0.056595516
G168N;0.066921958
G168P;-0.050756939
G168Q;0.00841101
G168R;-0.096039008
G168S;-0.110692104
G168T;-0.051070113
G168V;-0.121148247
G168W;-0.337413372
G168Y;-0.026081585
R169A;-0.043263886
R169C;0.012486345
R169D;0.027269213
R169E;-0.030512235
R169F;0.044232804
R169G;-0.04234362
R169H;-0.039834586
R169I;-0.060274651
R169K;-0.04057259
R169L;-0.017402763
R169M;-0.157498797
R169N;0.008606982
R169P;-0.020354858
R169Q;-0.060324115
R169S;-0.009199193
R169T;-0.013516236
R169V;-0.00530483
R169W;-0.049043033
R169Y;0.003467945
G170A;-0.05729273
G170C;0.031078361
G170D;-0.261938672
G170E;-0.1549725
G170F;-0.26590152
G170H;-0.101009641
G170I;-0.235222503
G170K;-0.093458301
G170L;-0.100402621
G170M;0.055844794
G170N;0.031693274
G170P;-0.919902644
G170Q;-0.056229509
G170R;-0.296742371
G170S;-0.025416643
G170T;-0.040539553
G170V;-0.010954686
G170W;-0.200440503
G170Y;-0.242577873
T171A;-0.044052635
T171C;-0.014756024
T171D;-0.15374377
T171E;-0.341963772
T171F;-0.125315686
T171G;-0.031480221
T171H;-0.122868165
T171I;-0.017275658
T171K;-0.909246177
T171L;0.037986735
T171M;-0.035005762
T171N;0.100338502
T171P;-0.25105946
T171Q;-0.430282674
T171R;-0.907552381
T171S;-0.004837414
T171V;0.035936379
T171W;-0.310248597
T171Y;-0.056595516
I172A;-0.043928397
I172C;-0.016911394
I172D;-0.09987147
I172E;-0.054295989
I172F;-0.159497206
I172G;0.02876615
I172H;0.055675564
I172K;-0.036082155
I172L;-0.044976786
I172M;0.012681286
I172N;-0.088651017
I172P;-0.55323519
I172Q;0.091997649
I172R;0.007343133
I172S;-0.051433953
I172T;-0.069305895
I172V;-0.116711169
I172W;0.011238705
I172Y;-0.043012433
L173A;-0.102689789
L173C;-0.104164952
L173D;-0.497032748
L173E;-0.14829744
L173F;-0.016124581
L173G;-0.060171922
L173H;-0.068461012
L173I;0.022070011
L173K;-0.127713173
L173M;-0.079143558
L173N;-0.103847785
L173P;-1.127848985
L173Q;-0.075548867
L173R;-1.08820502
L173S;-0.076428068
L173T;-0.085686756
L173V;0.027998665
L173W;-1.089536633
L173Y;-0.146437982
R174A;-0.004756943
R174C;-0.070261292
R174D;-0.078928688
R174E;-0.025180274
R174F;-0.038398449
R174G;-0.092629094
R174H;0.011064537
R174I;-0.017600865
R174K;-0.00512519
R174L;-0.022940786
R174M;0.028445561
R174N;-0.000973443
R174P;-1.094908781
R174Q;-0.031657839
R174S;0.02374432
R174T;-0.018174192
R174V;-0.012460455
R174W;-0.040734416
R174Y;-0.017324851
L175A;-0.012161007
L175C;0.010079096
L175D;-0.80802613
L175E;-0.314562902
L175F;0.002198368
L175G;0.02638936
L175H;-0.029032087
L175I;-0.026753857
L175K;-0.143072505
L175M;0.027139717
L175N;-0.05417294
L175P;-0.164466328
L175Q;-0.077791105
L175R;-1.045956986
L175S;-0.004550153
L175T;-0.001350612
L175V;0.029225896
L175W;-0.672189597
L175Y;-0.566887931
F176A;0.029434152
F176C;-0.000994975
F176D;0.0002279
F176E;-0.014450049
F176G;0.018800558
F176H;0.09021699
F176I;0.007980741
F176K;-0.017394118
F176L;0.003772659
F176M;0.003412157
F176N;0.001491864
F176P;-0.020718977
F176Q;0.018415863
F176R;0.004509956
F176S;0.010898796
F176T;0.015338311
F176V;0.006294565
F176W;0.029025848
F176Y;-0.009180499
L177A;0.016073985
L177C;0.034977486
L177D;-0.031877487
L177E;-0.009526303
L177F;-0.006376853
L177G;-0.008774761
L177H;-0.009348102
L177I;0.027528956
L177K;-0.029971451
L177M;-0.059219265
L177N;-0.013964644
L177P;0.010832405
L177Q;-0.034564918
L177R;-0.022118369
L177S;0.001349063
L177T;-0.010503633
L177V;0.018814797
L177W;0.003938949
L177Y;0.024612662
K178A;-0.017601539
K178C;-0.009589664
K178D;-0.025443919
K178E;-0.02433263
K178F;-0.038290074
K178G;0.002807164
K178H;0.001635723
K178I;0.015533084
K178L;-0.024311033
K178M;0.031203459
K178N;-0.011388996
K178P;-0.012647134
K178Q;0.027191657
K178R;-0.006701828
K178S;-0.009191244
K178T;0.013994865
K178V;-0.033096972
K178W;-0.017608114
K178Y;-0.006330493
D179A;-0.000444988
D179C;-0.034371081
D179E;-0.020927707
D179F;-0.010692801
D179G;0.011367775
D179H;0.024294253
D179I;-0.036194626
D179K;-0.051029072
D179L;0.009983062
D179M;-0.044359524
D179N;-0.021772363
D179P;0.035797099
D179Q;0.013733437
D179R;-0.0175549
D179S;-0.022080177
D179T;-0.002189453
D179V;0.003135207
D179W;-0.031214056
D179Y;-0.012484206
D180A;0.01784505
D180C;-0.023380924
D180E;-0.001631461
D180F;-0.063097896
D180G;0.035926249
D180H;-0.022082694
D180I;-0.013296747
D180K;-0.045253589
D180L;-0.043353271
D180M;0.032830152
D180N;-0.012230473
D180P;-0.009008788
D180Q;0.033943324
D180R;-0.046276591
D180S;0.019577252
D180T;0.03910414
D180V;0.020474796
D180W;-0.159975259
D180Y;-0.057218379
Q181A;0.003077396
Q181C;0.016469646
Q181D;-0.003963178
Q181E;-0.014661852
Q181F;-0.026090056
Q181G;-0.020295913
Q181H;-0.003365045
Q181I;0.00728837
Q181K;-0.081013574
Q181L;-0.009032174
Q181M;-0.093166005
Q181N;0.031263436
Q181P;0.030794796
Q181R;-0.067714791
Q181S;0.016287595
Q181T;0.017961391
Q181V;0.000505437
Q181W;-0.082375857
Q181Y;-0.040816396
L182A;0.000461062
L182C;0.13101711
L182D;0.114000162
L182E;0.134489187
L182F;0.032496619
L182G;0.035866541
L182H;0.033840517
L182I;0.063909339
L182K;0.059238491
L182M;-0.051931309
L182N;0.080721368
L182P;0.069830043
L182Q;-0.044680107
L182R;0.038977602
L182S;0.005549595
L182T;0.039952286
L182V;-0.068992228
L182W;0.095137139
L182Y;0.207480608
E183A;0.001603651
E183C;-0.054518431
E183D;0.046291037
E183F;-0.106885328
E183G;-0.010238962
E183H;0.000398207
E183I;-0.058106987
E183K;-0.068865163
E183L;-0.014921763
E183M;0.042369653
E183N;-0.011046059
E183P;0.012973373
E183Q;0.070769455
E183R;-0.078817858
E183S;-0.0401803
E183T;-0.000563293
E183V;0.016931409
E183W;0.039846043
E183Y;-0.059690983
Y184A;-0.042041028
Y184C;0.011129718
Y184D;-0.004327917
Y184E;0.006864726
Y184F;-0.024575506
Y184G;-0.019415155
Y184H;0.024425453
Y184I;-0.073747075
Y184K;-0.075694594
Y184L;-0.015399708
Y184N;-0.020492101
Y184P;-0.061513134
Y184Q;-0.000656559
Y184R;0.019108345
Y184S;0.000384101
Y184T;-0.009413685
Y184V;-0.052415287
L185A;0.079545472
L185C;0.079232025
L185D;-0.00119197
L185E;0.076184363
L185F;0.019942457
L185G;0.039901245
L185H;0.074705302
L185I;-0.009037485
L185K;0.033732212
L185M;0.08374852
L185N;0.055628428
L185P;0.030165993
L185Q;0.048794683
L185R;0.056978399
L185S;0.04270593
L185T;0.069944646
L185V;0.038866451
L185W;0.017990971
L185Y;0.069365665
E186A;0.051883934
E186C;0.056213041
E186D;0.077450998
E186F;-0.010595305
E186G;0.028172991
E186H;0.08374852
E186I;0.002030009
E186K;0.044112904
E186L;0.011050461
E186M;-0.033334235
E186N;0.054903277
E186P;0.01835653
E186Q;0.084130198
E186R;-0.004624241
E186S;0.047375107
E186T;0.047336702
E186V;0.064614088
E186W;0.033090856
E186Y;-0.002707944
E187A;0.084159169
E187C;0.060546184
E187D;0.074160867
E187F;0.048439304
E187G;0.10439253
E187H;0.05682018
E187I;-8.79E-05
E187K;0.002664877
E187L;0.036272646
E187M;0.108507477
E187N;0.033387632
E187P;0.061469271
E187Q;0.030394867
E187R;0.090594959
E187S;0.074732245
E187T;0.031828207
E187V;0.042346235
E187W;0.066595562
E187Y;0.033719302
K188A;0.076817155
K188C;0.06442476
K188D;0.047588486
K188E;0.053343331
K188F;0.026605827
K188G;0.069807856
K188H;0.080395956
K188I;0.015856399
K188L;0.034703624
K188M;-0.029845323
K188N;0.019978691
K188P;0.04656174
K188Q;0.057260054
K188R;0.049734506
K188S;0.056910845
K188T;0.059360031
K188V;0.069569838
K188W;0.051804551
K188Y;0.01719281
R189A;0.119661873
R189C;0.015974111
R189D;0.028363769
R189E;0.055734167
R189F;-0.035626217
R189G;0.081009376
R189H;0.060665814
R189I;0.019365471
R189K;0.009722401
R189L;-0.009250527
R189M;0.108991597
R189N;0.019107719
R189P;0.05104217
R189Q;0.066414147
R189S;0.053615649
R189T;0.03414237
R189V;0.040312999
R189W;0.004431426
R189Y;-0.038490064
I190A;0.06696875
I190C;0.094212842
I190D;0.041136003
I190E;0.048289709
I190F;0.022877766
I190G;0.071436687
I190H;0.064666043
I190K;0.010547002
I190L;0.054186641
I190M;0.088875341
I190N;0.037793377
I190P;0.030806234
I190Q;0.028552982
I190R;0.04759384
I190S;0.046502347
I190T;0.071630459
I190V;0.066647482
I190W;0.040002014
I190Y;0.009304423
K191A;0.054259707
K191C;0.017582129
K191D;0.047109467
K191E;0.014476061
K191F;-0.01127069
K191G;0.040180289
K191H;0.043989741
K191I;-0.008192381
K191L;-0.100680197
K191M;0.09773127
K191N;-0.003366726
K191P;0.014133131
K191Q;0.093835615
K191R;0.006308795
K191S;0.041130579
K191T;0.0465453
K191V;0.005616951
K191W;0.027844153
K191Y;0.010950783
E192A;-0.043617831
E192C;-0.07186392
E192D;-0.001845357
E192F;-0.057664271
E192G;-0.04939608
E192H;-0.09769959
E192I;-0.014364462
E192K;-0.085305579
E192L;-0.043565558
E192M;-0.066394932
E192N;-0.049051837
E192P;-0.083652449
E192Q;-0.137548454
E192R;-0.160286204
E192S;-0.135349452
E192T;-0.043748907
E192V;-0.100098016
E192W;-0.100991905
E192Y;-0.13598158
V193A;0.007854837
V193C;-0.049228495
V193D;-0.162096873
V193E;-0.31719867
V193F;-0.190959913
V193G;-0.018738871
V193H;-0.146410441
V193I;-0.0113386
V193K;-0.157306051
V193L;-0.043667471
V193M;-0.064615211
V193N;-0.076127996
V193P;-0.04317499
V193Q;-0.08772505
V193R;-0.18546202
V193S;-0.054589189
V193T;0.002981729
V193W;-0.50270331
V193Y;-0.314723608
I194A;0.046162829
I194C;0.008613432
I194D;-0.001056752
I194E;0.010007575
I194F;0.014969459
I194G;0.011360959
I194H;-0.016905738
I194K;-0.061790742
I194L;-0.008572063
I194M;-0.077758565
I194N;-0.019384976
I194P;-0.042656841
I194Q;0.007696123
I194R;-0.08564227
I194S;0.010257522
I194T;0.002574396
I194V;0.002346007
I194W;0.025605496
I194Y;-0.027095623
K195A;-0.003481804
K195C;0.003914912
K195D;-0.06644018
K195E;-0.004167322
K195F;-0.03102057
K195G;0.017616773
K195H;0.007201667
K195I;-0.001683053
K195L;0.012515614
K195M;-0.12761336
K195N;-0.063942544
K195P;-0.078561626
K195Q;0.025512665
K195R;-0.006139984
K195S;0.001828869
K195T;0.016436877
K195V;0.029328787
K195W;-0.007037437
K195Y;-0.023130119
R196A;-0.018135745
R196C;-0.009966794
R196D;-0.0735339
R196E;-0.086287079
R196F;-0.042055707
R196G;-0.046974766
R196H;-0.014386982
R196I;0.006963196
R196K;0.019252903
R196L;-0.021249559
R196M;0.002115379
R196N;-0.047380705
R196P;-0.61207661
R196Q;-0.033214164
R196S;-0.051791418
R196T;-0.019772412
R196V;-0.008910647
R196W;-0.030039367
R196Y;0.020546424
H197A;-0.115711296
H197C;-0.077300855
H197D;-0.244238959
H197E;-0.270274278
H197F;-0.013204848
H197G;-0.341371979
H197I;-0.465506373
H197K;-0.217798847
H197L;-0.140826889
H197M;-0.056433818
H197N;-0.081084872
H197P;-0.929806284
H197Q;-0.036928008
H197R;-0.018119262
H197S;-0.124360533
H197T;-0.124628931
H197V;-0.246225104
H197W;-0.033424127
H197Y;0.018402757
S198A;-0.061124546
S198C;-0.133247901
S198D;-0.048370858
S198E;-0.281944852
S198F;-0.150839631
S198G;-0.29232532
S198H;-0.020202567
S198I;-0.150203583
S198K;-0.568501127
S198L;-0.113204903
S198M;-0.110023489
S198N;0.003378548
S198P;-0.970763243
S198Q;-0.008566949
S198R;-0.271276317
S198T;-0.079899568
S198V;-0.497869933
S198W;-0.013238117
S198Y;-0.202939348
E199A;-0.007584453
E199C;-0.024883126
E199D;-0.032120584
E199F;-0.058500001
E199G;-0.027811693
E199H;-0.046482634
E199I;-0.008720427
E199K;-0.101235692
E199L;0.004481827
E199M;0.006231186
E199N;-0.02769221
E199P;-0.058326973
E199Q;-0.003043511
E199R;-0.185131515
E199S;-0.024026306
E199T;-0.00156234
E199V;9.48E-05
E199W;-0.070397399
E199Y;-0.082361195
F200A;-0.065582645
F200C;-0.094383322
F200D;-0.694051937
F200E;-0.577444217
F200G;-0.21187484
F200H;-0.167195423
F200I;-0.366913397
F200K;-0.361800919
F200L;-0.108448626
F200M;-0.080996871
F200N;-0.11989111
F200P;-0.213178567
F200Q;-0.268530281
F200R;-0.152234181
F200S;-0.216669118
F200T;-0.346806031
F200V;-0.328843524
F200W;-0.019140801
F200Y;-0.005528077
V201A;0.020195074
V201C;0.010898157
V201D;-0.246874742
V201E;-0.191690677
V201F;-0.096282712
V201G;-0.063434668
V201H;-0.039028672
V201I;-0.020236411
V201K;-0.105038363
V201L;0.002782473
V201M;-0.076449146
V201N;-0.045572377
V201P;-0.307839695
V201Q;-0.037795815
V201R;-0.784001214
V201S;-0.000930725
V201T;-0.001034675
V201W;-0.743707166
V201Y;-0.111398244
A202C;-0.130253299
A202D;-0.105918062
A202E;-0.079376939
A202F;-0.046197311
A202G;-0.047545406
A202H;-0.057595678
A202I;-0.005668691
A202K;-0.101131587
A202L;-0.17725383
A202M;-0.006509869
A202N;-0.080929492
A202P;-0.085993951
A202Q;-0.131055693
A202R;-0.103773781
A202S;-0.045356088
A202T;-0.002561432
A202V;-0.099194651
A202W;-0.21369283
A202Y;-0.106368464
Y203A;-0.106071186
Y203C;-0.710038742
Y203D;-0.041339345
Y203E;0.004217855
Y203F;0.058763353
Y203G;-0.151264817
Y203H;-0.037852082
Y203I;-0.133428352
Y203K;-0.063459902
Y203L;-0.080494799
Y203M;-0.036330368
Y203N;-0.017607673
Y203P;-0.104617979
Y203Q;-0.073986588
Y203R;-0.071502564
Y203S;-0.25447588
Y203T;-0.422149055
Y203V;-0.145655384
Y203W;-0.075285997
P204A;0.039488111
P204C;0.060997471
P204D;-0.032988748
P204E;-0.025873832
P204F;0.00391132
P204G;0.039778508
P204H;0.013877334
P204I;0.040654624
P204K;-0.014968493
P204L;0.014485341
P204M;-0.079500041
P204N;-0.009031357
P204Q;0.008519012
P204R;0.022399583
P204S;0.036670217
P204T;0.013784224
P204V;0.00202373
P204W;-0.006509869
P204Y;0.020698264
I205A;-0.01360393
I205C;-0.047074455
I205D;-0.548220377
I205E;-8.46E-05
I205F;-0.078440325
I205G;-0.129656804
I205H;0.021544687
I205K;-0.034504589
I205L;-0.016869008
I205M;0.045442647
I205N;-0.02915289
I205P;-0.047337268
I205Q;0.002301378
I205R;-0.025350964
I205S;-0.038251058
I205T;-0.039272517
I205V;-0.005144218
I205W;-0.11349579
I205Y;-0.057587536
Q206A;0.018057698
Q206C;-0.050074869
Q206D;-0.029769061
Q206E;-0.05499584
Q206F;-0.042231649
Q206G;0.008001594
Q206H;0.034123823
Q206I;-0.036187579
Q206K;-0.033933606
Q206L;-0.005951499
Q206M;0.017763609
Q206N;-0.038074048
Q206P;-0.123686344
Q206R;0.001621835
Q206S;-0.036987046
Q206T;-0.050180736
Q206V;-0.000875186
Q206W;0.043266394
Q206Y;-0.044807305
L207A;-0.002747059
L207C;-0.016567595
L207D;-0.11895077
L207E;-0.047768762
L207F;0.004682643
L207G;0.012114323
L207I;-0.042807041
L207K;-0.024067776
L207M;-0.025358675
L207N;-0.024147759
L207R;-0.030577188
L207S;-0.055233139
L207T;-0.051918287
L207V;-0.049680967
L207W;0.009934704
L207Y;-0.035569167
V208A;0.023661705
V208C;-0.032499624
V208D;0.026311077
V208E;0.019821133
V208F;-0.044911736
V208G;0.003010864
V208H;-0.019546785
V208I;-0.025234141
V208K;0.013227074
V208L;-0.037281425
V208M;0.057229218
V208N;-0.041195306
V208P;-0.01113012
V208Q;-0.053171945
V208R;-0.020565423
V208S;-0.034784176
V208T;-0.0156133
V208W;-0.00775217
V208Y;-0.033655626
V209A;-0.035838623
V209C;-0.025217112
V209D;0.019380105
V209E;-0.060347384
V209F;-0.05602793
V209G;-0.042250985
V209H;0.058784711
V209I;0.002577034
V209K;-0.031099941
V209L;-0.064442591
V209M;-0.004681043
V209N;-0.032983566
V209P;-0.052037138
V209Q;-0.013095568
V209R;-0.019860929
V209S;-0.005804833
V209T;0.018713375
V209W;-0.024168558
V209Y;0.033779722
T210A;-0.02130704
T210C;-0.014428753
T210D;-0.031794076
T210E;-0.021709717
T210F;-0.018320705
T210G;-0.011395442
T210H;0.025643587
T210I;0.02378725
T210K;-0.008019566
T210L;0.020976913
T210M;-0.013922261
T210N;-0.014621453
T210P;-0.008976451
T210Q;-0.027827744
T210R;-0.012687895
T210S;0.003691275
T210V;-0.059541566
T210W;0.033476379
T210Y;-0.024877545
K211A;0.005329672
K211C;-0.011508569
K211D;-0.027943734
K211E;0.001108272
K211F;0.011658392
K211G;-0.021155887
K211H;0.02186161
K211I;-0.023236221
K211L;0.000121615
K211M;-0.018870116
K211N;-0.01525342
K211P;0.028845073
K211Q;-0.055741235
K211R;-0.028917794
K211S;-0.003294305
K211T;-0.01699837
K211V;-0.028956374
K211W;-0.066556022
K211Y;-0.059863942
E212A;-0.139550909
E212C;-0.21220177
E212D;-0.077808343
E212F;-0.103784733
E212G;-0.074780963
E212H;-0.129019109
E212I;0.00338779
E212K;-0.067019962
E212L;-0.186271338
E212M;-0.134714267
E212N;-0.126916925
E212P;-0.195844934
E212Q;-0.271456471
E212R;-0.131585466
E212S;-0.167069266
E212T;-0.100027968
E212V;-0.103324395
E212W;-0.147782963
E212Y;-0.210459087
V213A;-0.011252548
V213C;-0.123648947
V213D;0.02754858
V213E;0.029941897
V213F;0.098094792
V213G;0.045115492
V213H;-0.094947716
V213I;0.047155617
V213K;-0.037065515
V213L;-0.050781132
V213M;0.102887531
V213N;-0.047278805
V213P;-0.104668999
V213Q;-0.0574994
V213R;-0.116710274
V213S;-0.032070053
V213T;-0.045924757
V213W;0.006533443
V213Y;-0.118077112
E214A;-0.040818765
E214C;-0.032797869
E214D;0.049362504
E214F;-0.043380583
E214G;0.001941884
E214H;-0.028291424
E214I;-0.031087845
E214K;-0.047110332
E214L;-0.03678526
E214M;-0.03607936
E214N;-0.044440564
E214P;-0.012158133
E214Q;-0.025160397
E214R;-0.012030349
E214S;-0.04649183
E214T;-0.037432903
E214V;-0.045837228
E214W;0.021457323
E214Y;-0.086805651
K215A;0.013690248
K215C;0.045554968
K215D;0.032163065
K215E;0.008107349
K215F;-0.033993574
K215G;-0.013012963
K215H;0.083050764
K215I;-0.056148244
K215L;0.033356338
K215M;-0.055886738
K215N;0.001562137
K215P;0.058111565
K215Q;0.077592474
K215R;0.019145903
K215S;0.050497941
K215T;0.035154274
K215V;-0.000757555
K215W;0.045116469
K215Y;-0.054644037
E216A;0.049803148
E216C;-0.017685192
E216D;0.027741536
E216F;0.056454483
E216G;0.029151074
E216H;-0.013610983
E216I;4.23E-05
E216K;-0.009773467
E216L;0.015662279
E216M;0.024170777
E216N;-0.023792232
E216P;0.05628195
E216Q;-0.023799711
E216R;-0.010770071
E216S;0.038714264
E216T;-0.006679681
E216V;0.011792622
E216W;0.071521242
E216Y;-0.091693697
V217A;0.057349435
V217C;0.067496678
V217D;0.028414793
V217E;0.069925456
V217F;0.003787899
V217G;0.056259839
V217H;0.001706615
V217I;0.043574054
V217K;0.045563626
V217L;0.012430104
V217M;-0.009391707
V217N;0.042927934
V217P;0.044634924
V217Q;0.045799004
V217R;0.004257535
V217S;0.056104238
V217T;0.021064371
V217W;0.060404462
V217Y;0.027404229
P218A;0.012069297
P218C;0.062380155
P218D;0.042721723
P218E;0.082931695
P218F;0.081881613
P218G;0.081600368
P218H;0.029639102
P218I;0.074184178
P218K;0.097663178
P218L;0.034079713
P218M;0.080618409
P218N;0.058528302
P218Q;0.112814871
P218R;0.050585388
P218S;0.046674892
P218T;0.012820887
P218V;0.077903332
P218W;0.079597688
P218Y;0.077804103
I219A;0.029341718
I219C;0.010194508
I219D;-0.075725973
I219E;0.019142896
I219F;-0.039100701
I219G;0.021192269
I219H;0.011660299
I219K;0.036316066
I219L;0.008222425
I219M;-0.016538668
I219N;-0.016726085
I219P;0.042043497
I219Q;0.041839169
I219R;0.037752902
I219S;0.04317795
I219V;0.007709639
I219W;0.055055274
I219Y;0.009753634
P220A;0.031242057
P220C;0.07943004
P220D;0.110550932
P220E;0.012648054
P220F;0.118534982
P220G;0.074557065
P220H;0.092744513
P220I;0.070241065
P220K;0.058298763
P220L;0.061387925
P220M;0.044826308
P220N;0.114142164
P220Q;0.073548089
P220R;0.063951787
P220S;0.069400638
P220T;0.085521772
P220V;0.087176153
P220W;0.114244673
P220Y;-0.018482049
E221A;0.000123333
E221C;0.095007676
E221D;-0.122008145
E221F;-0.073183919
E221G;-0.011567044
E221H;-0.19726676
E221I;0.045375784
E221K;-0.010951207
E221L;0.04377679
E221M;0.08907716
E221N;0.08907716
E221P;0.113881488
E221Q;0.247879982
E221R;-0.003523162
E221S;0.038571091
E221V;-0.036268522
E221W;-0.106372787
E221Y;0.342847213
E223A;-0.025311614
E223C;-0.045940564
E223D;-0.031285031
E223F;0.0085764
E223G;-0.0205216
E223H;0.003102401
E223I;0.030022619
E223K;-0.011214926
E223L;-0.048694515
E223M;0.078320256
E223N;-0.03127379
E223P;-0.072473574
E223Q;-0.031338638
E223R;-0.07973335
E223S;-0.066206128
E223T;-0.043161379
E223V;-0.037479057
E223W;0.107759081
E223Y;-0.053942369
K224A;0.017850222
K224C;0.013314903
K224D;0.003130613
K224E;0.033988527
K224F;-0.013351173
K224G;-0.025493385
K224H;-0.021264663
K224I;0.015570159
K224L;-0.06721819
K224M;0.045826366
K224N;-0.021769816
K224P;-0.025265045
K224Q;-0.082906377
K224R;-0.002993666
K224S;-0.009982971
K224T;-0.034357668
K224V;-0.049342629
K224W;-0.006441431
K224Y;-0.006672679
K225A;-0.002223185
K225C;-0.017119952
K225D;-0.034943228
K225E;-0.04018475
K225F;0.004325149
K225G;-0.017274786
K225H;-0.015777161
K225I;-0.02811097
K225L;-0.006851895
K225M;-0.127201456
K225N;0.026853431
K225P;-0.021878128
K225Q;-0.000184251
K225R;-0.014709566
K225S;-0.003161945
K225T;0.004638798
K225V;-0.012648848
K225W;-0.052279384
K225Y;-0.001467786
D226A;-0.01563759
D226C;-0.097970113
D226E;-0.06077819
D226F;-0.136992348
D226G;-0.028992876
D226H;-0.038235766
D226I;-0.013414539
D226K;-0.035239462
D226L;0.017291275
D226M;-0.047376687
D226N;0.033383226
D226P;0.00104054
D226Q;-0.058632826
D226R;0.030481737
D226S;0.008766714
D226T;-0.010640524
D226V;-0.004623541
D226W;0.064055597
D226Y;-0.044625187
E227A;-0.006174756
E227C;0.031557136
E227D;-0.018636607
E227F;-0.021402328
E227G;0.014275175
E227H;-0.036235412
E227I;-0.018919985
E227K;-0.01640569
E227L;-0.01347376
E227M;0.064765614
E227N;-0.016362221
E227P;0.000656782
E227Q;-0.024173823
E227R;0.006634406
E227S;-0.020027292
E227T;-0.010929221
E227V;0.005968062
E227W;0.017438069
E227Y;0.0258096
E228A;-0.028112232
E228C;0.02988732
E228D;-0.023397735
E228F;-0.009013032
E228G;-0.006807832
E228H;-0.012971982
E228I;-0.004303742
E228K;-0.077510769
E228L;-0.014100153
E228M;-0.014589288
E228N;-0.019984978
E228P;0.00061398
E228Q;0.068042816
E228R;-0.004078587
E228S;0.012302463
E228T;-0.004270029
E228V;-0.012826051
E228W;0.010517032
E228Y;-0.026637174
K229A;-0.028796905
K229C;-0.005472068
K229D;-0.032492469
K229E;0.002954981
K229F;0.003685242
K229G;-0.001268719
K229H;-0.008894713
K229I;0.006189347
K229L;0.002570663
K229M;-0.013462732
K229N;0.001425377
K229P;-0.004071177
K229Q;-0.022973603
K229R;-0.017107064
K229S;-0.015131781
K229T;0.019434704
K229V;-0.02066411
K229W;-0.01666814
K229Y;-0.053361035
K230A;0.041791706
K230C;0.098716769
K230D;-0.039816357
K230E;0.034282671
K230F;0.197064945
K230G;0.002415996
K230H;-0.036307582
K230I;0.011090259
K230L;-0.016437739
K230M;-0.011484604
K230N;-0.110477709
K230P;-0.000462976
K230Q;-0.023910156
K230R;0.037575376
K230S;0.000228661
K230T;0.027612549
K230V;-0.008541133
K230W;-0.017934404
K230Y;-0.10994409
D231A;0.002446508
D231C;-0.038509867
D231E;-0.015558167
D231F;-0.005071684
D231G;0.00222175
D231H;0.051333225
D231I;-0.017957028
D231K;-0.006195401
D231L;0.028108362
D231M;-0.05144356
D231N;-0.02525554
D231P;0.01610781
D231Q;0.019005509
D231R;-0.026834475
D231S;-0.00967385
D231T;0.017882284
D231V;0.020579655
D231W;-0.04567122
D231Y;-0.054524336
