mutant;Kan18_avg
M1M;0.999665909
M1A;1
M1C;1
M1E;1
M1D;1
M1G;1
M1F;1
M1I;1.1304
M1H;1
M1K;0.8888
M1L;1.93165
M1N;1
M1Q;0.6478
M1P;1
M1S;0.5555
M1R;0.8263
M1T;1.2049
M1W;1
M1V;0.9436
M1Y;1
I2A;4.192
I2C;2.1855
I2E;2.0953
I2D;2.77635
I2G;2.3426
I2F;2.10015
I2H;2.3965
I2K;1.7548
I2M;2.17155
I2L;1.3826
I2N;2.5306
I2Q;2.30325
I2P;1.72395
I2S;2.4174
I2R;2.0449
I2T;2.528
I2W;1.87235
I2V;2.0154
I2Y;3
E3A;0.61555
E3C;2.2936
E3D;2.23665
E3G;1.22155
E3F;1.81515
E3I;2.1496
E3H;1.44865
E3K;2.4158
E3M;3.2691
E3L;1.85365
E3N;2.58305
E3Q;1.62045
E3P;
E3S;2.53155
E3R;2.5558
E3T;
E3W;2.2704
E3V;2.89735
E3Y;3.29365
Q4A;2.24715
Q4C;2.0143
Q4E;1.785
Q4D;2.58265
Q4G;2.711
Q4F;2.3827
Q4I;2.5666
Q4H;0.778
Q4K;1.4939
Q4M;3.6356
Q4L;3.10635
Q4N;2.1423
Q4P;1.7344
Q4S;1.7047
Q4R;1.91605
Q4T;2.58995
Q4W;1.81455
Q4V;
Q4Y;1.35945
D5A;1.6489
D5C;1.72765
D5E;1.47835
D5G;2.2475
D5F;2.04405
D5I;
D5H;1.96025
D5K;4.03215
D5M;2.4335
D5L;3.37245
D5N;2.04945
D5Q;1.91925
D5P;0.5875
D5S;2.52075
D5R;2.6769
D5T;2.10545
D5W;2.99945
D5V;1.78145
D5Y;0.8612
G6A;1.4959
G6C;1.005
G6E;3.285
G6D;2.2558
G6F;2.21895
G6I;2.9283
G6H;2.43475
G6K;2.6151
G6M;2.7741
G6L;2.1122
G6N;2.4556
G6Q;1.80095
G6P;4.4611
G6S;2.3996
G6R;2.7838
G6T;
G6W;2.2332
G6V;1.10525
G6Y;1.9551
L7A;4.1806
L7C;3.10795
L7E;3.084
L7D;2.00205
L7G;3.50055
L7F;2.559
L7I;1.9676
L7H;2.93305
L7K;1.58395
L7M;1.1239
L7N;1.9757
L7Q;2.37045
L7P;1.50655
L7S;2.39495
L7R;2.0882
L7T;3.2367
L7W;1.71965
L7V;2.47355
L7Y;1.5578
H8A;1.6778
H8C;1.6265
H8E;
H8D;1.52865
H8G;1.8559
H8F;2.34465
H8I;1.7645
H8K;2.16565
H8M;3.83105
H8L;1.62445
H8N;1.4533
H8Q;1.36435
H8P;2.09815
H8S;3.4756
H8R;1.7364
H8T;1.77725
H8W;1.9803
H8V;2.17225
H8Y;1.38885
A9C;2.6157
A9E;1.2125
A9D;3.17055
A9G;2.37025
A9F;1.6306
A9I;1.7141
A9H;3.98745
A9K;2.7823
A9M;2.0159
A9L;2.7953
A9N;2.6703
A9Q;1.3817
A9P;1.78465
A9S;0.83775
A9R;2.13245
A9T;1.33205
A9W;2.2502
A9V;1.19495
A9Y;1.2717
G10A;1.84195
G10C;0.79285
G10E;2.09815
G10D;1.4587
G10F;1.82175
G10I;0.9244
G10H;1.7222
G10K;1.52795
G10M;2.5322
G10L;2.91125
G10N;2.60805
G10Q;2.19075
G10P;3.46475
G10S;1.71515
G10R;2.29105
G10T;2.54615
G10W;1.86585
G10V;1.3253
G10Y;2.07715
S11A;1.9974
S11C;2.40265
S11E;2.5713
S11D;2.35165
S11G;2.4607
S11F;3.89185
S11I;1.2338
S11H;3.51275
S11K;4.711
S11M;3.981
S11L;1.61695
S11N;1.7112
S11Q;3.0712
S11P;2.56145
S11R;1.8724
S11T;2.67945
S11W;1.9531
S11V;2.71735
S11Y;2.02175
P12A;1.4817
P12C;2.2349
P12E;1.33515
P12D;1.24595
P12G;1.6727
P12F;0.8318
P12I;1.7814
P12H;1.67675
P12K;1.44915
P12M;1.5307
P12L;1.90565
P12N;2.4384
P12Q;0.82505
P12S;1.7577
P12R;1.19525
P12T;0.6917
P12W;1.48225
P12V;2.32695
P12Y;1.09035
A13C;2.6824
A13E;0.9061
A13D;2.23515
A13G;2.67505
A13F;2.5995
A13I;1.74995
A13H;3.1316
A13K;2.63875
A13M;2.16585
A13L;3.67125
A13N;3.0078
A13Q;2.49165
A13P;2.4698
A13S;1.0786
A13R;2.1747
A13T;1.802
A13W;1.40965
A13V;1.7836
A13Y;2.33145
A14C;3.2753
A14E;1.00475
A14D;3.7638
A14G;1.06335
A14F;2.40915
A14I;2.0555
A14H;2.35725
A14K;2.578
A14M;1.73
A14L;1.9466
A14N;
A14Q;2.1826
A14P;1.83015
A14S;1.0454
A14R;2.863
A14T;2.0329
A14W;1.4713
A14V;1.79955
A14Y;1.59615
W15A;0.30795
W15C;0.47675
W15E;0.22555
W15D;0.15195
W15G;1.13695
W15F;3.4508
W15I;
W15H;0.1927
W15K;0.1405
W15M;1.622
W15L;0.8618
W15N;0.07225
W15Q;0.4508
W15P;0.1466
W15S;0.261
W15R;1.518
W15T;0.50065
W15V;0.7516
W15Y;0.98015
V16A;2.01855
V16C;3.28205
V16E;2.2757
V16D;1.74895
V16G;3.2608
V16F;1.9712
V16I;1.57055
V16H;1.9278
V16K;2.63395
V16M;1.685
V16L;1.1186
V16N;2.95595
V16Q;1.62985
V16P;1.7893
V16S;1.8495
V16R;4.44365
V16T;3.9527
V16W;1.17605
V16Y;3.6734
E17A;2.46835
E17C;1.16545
E17D;2.18295
E17G;1.48675
E17F;1.4609
E17I;2.5344
E17H;2.44195
E17K;1.7729
E17M;1.27375
E17L;4.05025
E17N;2.019
E17Q;1.8701
E17P;2.96545
E17S;1.9148
E17R;1.9145
E17T;1.48655
E17W;1.18905
E17V;1.51235
E17Y;2.06525
R18A;2.43525
R18C;1.41005
R18E;1.45955
R18D;4.1151
R18G;1.3547
R18F;2.46905
R18I;2.55555
R18H;2.0308
R18K;
R18M;1.6687
R18L;0.86705
R18N;2.55235
R18Q;1.06965
R18P;1.3924
R18S;1.36825
R18T;2.36815
R18W;1.77795
R18V;1.65405
R18Y;1.9575
L19A;1.1085
L19C;1.6014
L19E;0.1794
L19D;0.11955
L19G;0.07715
L19F;1.9415
L19I;1.8555
L19H;0.2505
L19K;0.1022
L19M;0.74985
L19N;0.7031
L19Q;0.1029
L19P;0.2306
L19S;0.07195
L19R;0.7393
L19T;1.79465
L19W;0.5687
L19V;2.3241
L19Y;1.85995
F20A;
F20C;
F20E;2.853
F20D;1.7173
F20G;3.36
F20I;4.42465
F20H;2.14505
F20K;2.5519
F20M;2.1954
F20L;1.69025
F20N;3.4243
F20Q;2.58645
F20P;
F20S;2.5114
F20R;
F20T;2.1116
F20W;1.48235
F20V;3.11165
F20Y;2.41
G21A;1.75975
G21C;0.793
G21E;1.99785
G21D;1.4784
G21F;1.11695
G21I;2.5829
G21H;2.83695
G21K;1.7113
G21M;2.15315
G21L;1.861
G21N;3.01185
G21Q;1.4052
G21P;3.70445
G21S;1.58015
G21R;1.49465
G21T;1.27655
G21W;1.7245
G21V;0.84755
G21Y;2.6243
Y22A;0.14085
Y22C;0.94815
Y22E;0.1332
Y22D;0.1975
Y22G;0.0863
Y22F;2.0929
Y22I;0.10215
Y22H;0.8082
Y22K;0.05195
Y22M;3.71835
Y22L;1.1697
Y22N;0.0929
Y22Q;0.0929
Y22P;0.05455
Y22S;1.2129
Y22R;0.06415
Y22T;0.31025
Y22W;0.64035
Y22V;0.08395
D23A;2.60775
D23C;2.3852
D23E;1.76735
D23G;1.8064
D23F;2.55195
D23I;2.0252
D23H;1.574
D23K;4.0622
D23M;1.96425
D23L;2.6838
D23N;2.1546
D23Q;2.5455
D23P;0.5871
D23S;1.40305
D23R;1.8419
D23T;2.1903
D23W;2.8503
D23V;1.71625
D23Y;1.1521
W24A;2.6068
W24C;0.6899
W24E;0.1028
W24D;0.09255
W24G;0.29865
W24F;2.20625
W24I;1.78205
W24H;0.6645
W24K;1.2139
W24M;0.92355
W24L;0.92475
W24N;0.25355
W24Q;0.81685
W24P;0.09005
W24S;1.0984
W24R;1.48285
W24T;0.81325
W24V;2.5988
W24Y;1.6154
A25C;1.6024
A25E;1.1327
A25D;2.7249
A25G;1.2056
A25F;3.33715
A25I;3.3774
A25H;2.55305
A25K;2.7735
A25M;2.0207
A25L;2.18365
A25N;2.33695
A25Q;2.08015
A25P;0.10545
A25S;1.1343
A25R;1.92765
A25T;2.88935
A25W;2.93245
A25V;2.3331
A25Y;3.2923
Q26A;2.23385
Q26C;0.70495
Q26E;2.1038
Q26D;0.9842
Q26G;1.3378
Q26F;1.6807
Q26I;3.97945
Q26H;1.77805
Q26K;1.49095
Q26M;2.04545
Q26L;1.35285
Q26N;1.23835
Q26P;1.42525
Q26S;3.25515
Q26R;2.12085
Q26T;1.8301
Q26W;4.4298
Q26V;2.5211
Q26Y;2.8905
Q27A;1.45245
Q27C;3.18545
Q27E;1.0155
Q27D;1.87865
Q27G;1.25565
Q27F;0.62845
Q27I;1.5997
Q27H;0.4743
Q27K;0.57975
Q27M;3.31325
Q27L;1.48195
Q27N;2.3713
Q27P;0.5851
Q27S;2.5283
Q27R;0.97405
Q27T;1.7877
Q27W;1.15265
Q27V;3.05995
Q27Y;0.9886
T28A;1.97035
T28C;1.2447
T28E;1.7222
T28D;1.9825
T28G;0.68995
T28F;
T28I;1.62135
T28H;2.3671
T28K;1.30235
T28M;1.95925
T28L;3.53175
T28N;0.7228
T28Q;3.31125
T28P;3.3715
T28S;1.07945
T28R;0.5596
T28W;1.6655
T28V;2.29905
T28Y;1.6877
I29A;0.8403
I29C;1.25575
I29E;0.25945
I29D;0.26705
I29G;1.54135
I29F;0.2672
I29H;1.23095
I29K;1.1488
I29M;1.5038
I29L;2.123
I29N;1.6629
I29Q;1.4203
I29P;0.12925
I29S;1.28395
I29R;1.91805
I29T;2.2133
I29W;0.1867
I29V;1.24935
I29Y;0.08005
G30A;0.2541
G30C;0.37765
G30E;0.051
G30D;0.23665
G30F;0.05745
G30I;0.06695
G30H;0.14115
G30K;0.12965
G30M;0.09735
G30L;0.0689
G30N;0.05635
G30Q;0.0595
G30P;0.08615
G30S;0.72915
G30R;0.08705
G30T;0.2374
G30W;0.1368
G30V;0.43655
G30Y;0.0893
C31A;2.3515
C31E;1.83485
C31D;0.57685
C31G;1.5981
C31F;0.98165
C31I;0.0679
C31H;1.6591
C31K;2.6867
C31M;1.52875
C31L;1.7416
C31N;2.3385
C31Q;3.2517
C31P;0.08835
C31S;1.31835
C31R;1.93115
C31T;0.20255
C31W;0.58955
C31V;0.33955
C31Y;0.99485
S32A;0.06605
S32C;0.69705
S32E;0.0556
S32D;0.19335
S32G;0.6075
S32F;0.04805
S32I;0.3227
S32H;0.06215
S32K;0.0587
S32M;0.06215
S32L;0.27065
S32N;0.1624
S32Q;0.06215
S32P;0.08685
S32R;0.453
S32T;0.46345
S32W;0.13905
S32V;0.6688
S32Y;0.0755
D33A;2.2427
D33C;1.19755
D33E;2.8093
D33G;2.2885
D33F;1.41175
D33I;0.3283
D33H;2.0352
D33K;2.3955
D33M;1.56355
D33L;1.2511
D33N;1.6653
D33Q;1.8422
D33P;2.1838
D33S;2.02435
D33R;2.3104
D33T;2.23725
D33W;0.4033
D33V;1.34235
D33Y;0.5265
A34C;0.44705
A34E;0.63915
A34D;0.0656
A34G;0.1702
A34F;0.06175
A34I;0.1312
A34H;0.2332
A34K;0.08745
A34M;0.0456
A34L;0.07775
A34N;0.0958
A34Q;2.34995
A34P;0.1458
A34S;0.76305
A34R;0.55635
A34T;0.34335
A34W;0.09565
A34V;0.20255
A34Y;0.0916
A35C;2.2537
A35E;0.885
A35D;1.9955
A35G;1.7811
A35F;2.56555
A35I;2.3615
A35H;3.01875
A35K;2.27005
A35M;4.03725
A35L;2.6215
A35N;
A35Q;2.0623
A35P;0.48585
A35S;1.06725
A35R;1.67025
A35T;3.27905
A35W;3.6928
A35V;1.44235
A35Y;3.4924
V36A;0.26705
V36C;0.10465
V36E;0.04755
V36D;0.23195
V36G;0.79935
V36F;0.0581
V36I;0.81815
V36H;0.07925
V36K;0.1648
V36M;0.2935
V36L;0.21005
V36N;0.04755
V36Q;0.1495
V36P;0.08675
V36S;0.04755
V36R;0.22185
V36T;0.3962
V36W;0.1563
V36Y;0.1026
F37A;0.5126
F37C;1.9007
F37E;0.14895
F37D;0.08615
F37G;0.0521
F37I;1.0009
F37H;1.59825
F37K;0.134
F37M;1.72875
F37L;1.2135
F37N;0.16115
F37Q;0.12395
F37P;0.0802
F37S;0.67165
F37R;0.0267
F37T;0.24175
F37W;1.60445
F37V;0.37475
F37Y;2.7681
R38A;1.41095
R38C;0.75745
R38E;1.2269
R38D;0.11035
R38G;0.45315
R38F;0.07485
R38I;0.1287
R38H;0.61105
R38K;2.144
R38M;0.8586
R38L;0.4169
R38N;0.1017
R38Q;2.99915
R38P;0.13415
R38S;0.5391
R38T;0.0862
R38W;0.0437
R38V;0.1024
R38Y;0.17135
L39A;0.74195
L39C;
L39E;0.1885
L39D;0.0957
L39G;2.17955
L39F;2.0344
L39I;2.7339
L39H;0.0523
L39K;0.0788
L39M;0.5916
L39N;0.0698
L39Q;0.1756
L39P;0.39165
L39S;0.2617
L39R;0.42985
L39T;0.134
L39W;0.31755
L39V;1.5468
L39Y;0.71205
S40A;2.8605
S40C;3.38715
S40E;1.5745
S40D;1.81105
S40G;1.47575
S40F;1.84405
S40I;0.8476
S40H;2.26005
S40K;2.51095
S40M;2.06375
S40L;1.35615
S40N;2.8687
S40Q;
S40P;0.0515
S40R;1.1064
S40T;2.64
S40W;3.1929
S40V;3.5886
S40Y;2.91275
A41C;2.51845
A41E;1.04555
A41D;1.99715
A41G;1.8258
A41F;1.1158
A41I;1.73415
A41H;2.8066
A41K;3.5395
A41M;1.8993
A41L;1.57365
A41N;2.25925
A41Q;1.8002
A41P;0.0943
A41S;1.50155
A41R;1.66805
A41T;1.2926
A41W;1.1411
A41V;1.4946
A41Y;1.61895
Q42A;3.14065
Q42C;1.9735
Q42E;2.5272
Q42D;2.10595
Q42G;3.4298
Q42F;1.94445
Q42I;2.3516
Q42H;1.5678
Q42K;1.8366
Q42M;1.2438
Q42L;1.1652
Q42N;1.81155
Q42P;1.11355
Q42S;1.76925
Q42R;2.0448
Q42T;2.58165
Q42W;2.64835
Q42V;4.1349
Q42Y;1.64645
G43A;2.1028
G43C;0.88555
G43E;
G43D;1.8445
G43F;1.42675
G43I;0.7105
G43H;2.138
G43K;2.59165
G43M;2.4256
G43L;2.22585
G43N;3.1128
G43Q;3.01035
G43P;1.33765
G43S;1.2004
G43R;1.59105
G43T;1.87985
G43W;1.62655
G43V;0.9973
G43Y;2.30415
R44A;1.91885
R44C;2.24935
R44E;2.32615
R44D;1.15985
R44G;1.9466
R44F;1.15195
R44I;0.273
R44H;2.16015
R44K;2.14525
R44M;2.2309
R44L;0.7043
R44N;2.92785
R44Q;1.65805
R44P;0.31135
R44S;2.37145
R44T;1.5216
R44W;1.97615
R44V;1.3153
R44Y;1.9209
P45A;1.45505
P45C;1.7995
P45E;1.64025
P45D;1.45455
P45G;2.94845
P45F;0.1172
P45I;1.1986
P45H;0.88925
P45K;3.82055
P45M;3.39235
P45L;0.8548
P45N;2.46805
P45Q;1.5211
P45S;1.7687
P45R;1.82075
P45T;0.67015
P45W;0.29535
P45V;1.4839
P45Y;0.21905
V46A;1.3844
V46C;3.21515
V46E;1.4666
V46D;2.511
V46G;1.909
V46F;1.4047
V46I;2.67075
V46H;2.53995
V46K;1.11955
V46M;2.01075
V46L;0.6924
V46N;2.891
V46Q;1.57525
V46P;2.0155
V46S;3.423
V46R;1.04045
V46T;2.6066
V46W;0.2434
V46Y;2.00555
L47A;1.3644
L47C;2.13235
L47E;0.0872
L47D;0.0985
L47G;0.06275
L47F;2.1627
L47I;1.88645
L47H;2.37915
L47K;2.8002
L47M;1.4751
L47N;0.9271
L47Q;3.39275
L47P;0.5032
L47S;0.7593
L47R;2.36765
L47T;1.51185
L47W;3.5546
L47V;2.43345
L47Y;3.1258
F48A;0.0663
F48C;0.1291
F48E;0.0663
F48D;0.08835
F48G;0.13255
F48I;0.05585
F48H;0.17605
F48K;0.0964
F48M;0.0505
F48L;0.54925
F48N;0.11845
F48Q;0.1745
F48P;0.08835
F48S;0.56115
F48R;0.07065
F48T;0.1046
F48W;0.72855
F48V;0.28225
F48Y;1.4777
V49A;1.787
V49C;1.19125
V49E;0.0979
V49D;0.06795
V49G;0.33605
V49F;0.0563
V49I;2.1659
V49H;0.08695
V49K;0.13805
V49M;1.7058
V49L;1.0326
V49N;0.12355
V49Q;0.06635
V49P;0.083
V49S;0.21425
V49R;0.13045
V49T;3.0478
V49W;0.06635
V49Y;0.05895
K50A;0.06135
K50C;0.07455
K50E;0.2912
K50D;0.06525
K50G;0.13045
K50F;0.39595
K50I;0.20875
K50H;0.05495
K50M;0.0949
K50L;0.14735
K50N;0.18325
K50Q;0.22905
K50P;0.148
K50S;0.4308
K50R;0.847
K50T;0.3988
K50W;0.2026
K50V;0.1158
K50Y;0.087
T51A;1.4145
T51C;1.3912
T51E;0.305
T51D;0.58845
T51G;0.849
T51F;1.7876
T51I;0.68725
T51H;1.95675
T51K;0.6733
T51M;1.2673
T51L;1.55385
T51N;0.84835
T51Q;1.67265
T51P;0.4455
T51S;1.47845
T51R;1.7945
T51W;0.526
T51V;2.30865
T51Y;1.2179
D52A;2.86675
D52C;1.8296
D52E;1.73395
D52G;1.70485
D52F;1.2868
D52I;2.74095
D52H;1.16865
D52K;0.0779
D52M;3.14385
D52L;1.454
D52N;1.19605
D52Q;3.2725
D52P;0.68495
D52S;2.32065
D52R;0.1857
D52T;2.4416
D52W;1.4738
D52V;2.241
D52Y;0.7008
L53A;
L53C;0.9448
L53E;2.40075
L53D;3.475
L53G;2.16065
L53F;1.72645
L53I;3.25845
L53H;1.40245
L53K;3.46575
L53M;0.92185
L53N;1.59225
L53Q;1.89855
L53P;1.19625
L53S;1.9477
L53R;2.68315
L53T;1.615
L53W;2.52095
L53V;2.0186
L53Y;1.90655
S54A;2.52785
S54C;4.283
S54E;2.49025
S54D;1.8843
S54G;1.31435
S54F;1.43765
S54I;0.71825
S54H;3.3958
S54K;1.45815
S54M;1.68995
S54L;1.12345
S54N;1.45895
S54Q;4.2753
S54P;0.69995
S54R;0.8174
S54T;1.4925
S54W;1.4582
S54V;2.421
S54Y;2.16805
G55A;0.9329
G55C;0.68995
G55E;0.8894
G55D;1.5977
G55F;1.255
G55I;1.35015
G55H;2.2065
G55K;0.70535
G55M;2.2628
G55L;1.8543
G55N;1.8154
G55Q;2.00725
G55P;0.3016
G55S;1.3375
G55R;1.35075
G55T;2.9607
G55W;1.43665
G55V;0.6745
G55Y;2.6388
A56C;1.7363
A56E;1.59175
A56D;2.3181
A56G;2.42455
A56F;2.40725
A56I;2.0787
A56H;1.5029
A56K;2.49725
A56M;1.2271
A56L;1.91435
A56N;1.0462
A56Q;2.17115
A56P;1.5883
A56S;1.6894
A56R;1.3265
A56T;1.34255
A56W;3.4971
A56V;1.43775
A56Y;2.16365
L57A;2.2307
L57C;0.593
L57E;0.6253
L57D;0.90435
L57G;0.252
L57F;1.11555
L57I;1.8511
L57H;2.0275
L57K;0.2819
L57M;0.88245
L57N;2.45275
L57Q;1.21475
L57P;0.9379
L57S;1.77365
L57R;1.12525
L57T;1.41235
L57W;1.5326
L57V;0.4225
L57Y;0.82765
N58A;
N58C;0.7632
N58E;0.84355
N58D;0.51455
N58G;2.83255
N58F;0.40485
N58I;0.88165
N58H;0.66475
N58K;0.9009
N58M;0.5204
N58L;0.26005
N58Q;3.2561
N58P;0.20235
N58S;1.01875
N58R;2.4398
N58T;1.7343
N58W;0.4258
N58V;1.59
N58Y;0.8397
E59A;0.3688
E59C;0.1729
E59D;0.54655
E59G;0.38665
E59F;0.17875
E59I;0.0451
E59H;0.1297
E59K;0.3483
E59M;0.20155
E59L;0.87565
E59N;0.10375
E59Q;1.2143
E59P;0.0798
E59S;0.25935
E59R;0.10375
E59T;0.1297
E59W;0.12045
E59V;0.2767
E59Y;0.0494
L60A;0.99125
L60C;2.3245
L60E;0.16085
L60D;1.00585
L60G;0.0691
L60F;
L60I;1.5893
L60H;0.07775
L60K;0.0545
L60M;0.9821
L60N;0.17265
L60Q;0.52195
L60P;0.8407
L60S;0.66915
L60R;0.7252
L60T;0.85125
L60W;0.18885
L60V;1.8581
L60Y;0.08635
Q61A;2.3556
Q61C;1.16085
Q61E;1.81515
Q61D;1.69705
Q61G;0.845
Q61F;
Q61I;3.88815
Q61H;0.8169
Q61K;1.23605
Q61M;2.468
Q61L;2.2709
Q61N;2.49965
Q61P;2.8333
Q61S;3.0388
Q61R;1.20525
Q61T;1.0194
Q61W;2.20925
Q61V;2.25685
Q61Y;2.7826
D62A;0.899
D62C;1.22735
D62E;1.82165
D62G;0.95175
D62F;0.0859
D62I;0.05755
D62H;0.407
D62K;0.0576
D62M;0.22125
D62L;0.2883
D62N;0.16555
D62Q;0.1839
D62P;0.27455
D62S;0.37935
D62R;0.2071
D62T;0.12945
D62W;0.12945
D62V;0.24605
D62Y;0.4355
E63A;0.5025
E63C;0.3613
E63D;0.9263
E63G;0.5399
E63F;0.07905
E63I;0.1451
E63H;0.0541
E63K;0.27685
E63M;0.1142
E63L;0.9437
E63N;0.088
E63Q;0.55925
E63P;0.12855
E63S;0.09345
E63R;0.5141
E63T;0.0857
E63W;0.1469
E63V;0.19145
E63Y;0.06875
A64C;1.2907
A64E;0.64415
A64D;0.1731
A64G;1.0608
A64F;2.12615
A64I;3.75285
A64H;1.4043
A64K;1.63705
A64M;1.7031
A64L;0.7746
A64N;1.73315
A64Q;1.5542
A64P;0.12195
A64S;0.7976
A64R;1.289
A64T;1.3054
A64W;2.59245
A64V;0.80685
A64Y;1.2807
A65C;1.6532
A65E;0.98385
A65D;2.48565
A65G;1.15105
A65F;1.4684
A65I;2.8493
A65H;1.49335
A65K;1.55835
A65M;2.85005
A65L;2.1124
A65N;1.7227
A65Q;2.58695
A65P;0.66695
A65S;0.8683
A65R;2.6156
A65T;1.94055
A65W;1.0449
A65V;2.39215
A65Y;1.22495
R66A;0.2075
R66C;0.33445
R66E;0.07815
R66D;0.31685
R66G;0.2214
R66F;0.0923
R66I;0.07815
R66H;0.29035
R66K;0.54445
R66M;0.07255
R66L;0.353
R66N;0.07815
R66Q;0.0859
R66P;0.4297
R66S;0.56845
R66T;0.0677
R66W;0.0677
R66V;0.14895
R66Y;0.153
L67A;0.53205
L67C;0.9135
L67E;0.17485
L67D;0.0864
L67G;1.0185
L67F;0.865
L67I;1.0413
L67H;0.5973
L67K;0.15735
L67M;0.715
L67N;0.5783
L67Q;1.9052
L67P;0.856
L67S;2.0107
L67R;0.7406
L67T;3.3775
L67W;0.09255
L67V;0.2983
L67Y;1.1312
S68A;2.89275
S68C;1.95025
S68E;2.85595
S68D;1.4145
S68G;1.16165
S68F;2.3544
S68I;1.36055
S68H;1.2294
S68K;3.33015
S68M;3.78285
S68L;2.8912
S68N;1.81545
S68Q;1.8906
S68P;0.3181
S68R;1.16875
S68T;1.74465
S68W;0.30625
S68V;2.6552
S68Y;1.43175
W69A;0.4419
W69C;0.38095
W69E;0.1488
W69D;0.1073
W69G;1.12605
W69F;0.59035
W69I;0.0868
W69H;0.0868
W69K;0.14995
W69M;0.09925
W69L;0.50115
W69N;0.17365
W69Q;0.2486
W69P;0.1042
W69S;0.612
W69R;0.505
W69T;0.1105
W69V;0.0613
W69Y;1.169
L70A;0.11475
L70C;0.86935
L70E;0.15745
L70D;0.18895
L70G;0.2295
L70F;0.25015
L70I;0.341
L70H;0.08665
L70K;0.06115
L70M;0.97195
L70N;0.10395
L70Q;0.1125
L70P;0.3496
L70S;0.208
L70R;0.2968
L70T;0.2295
L70W;0.09455
L70V;0.5574
L70Y;0.189
A71C;1.62245
A71E;1.3899
A71D;2.43345
A71G;2.0115
A71F;2.48505
A71I;1.9921
A71H;3.0708
A71K;2.63115
A71M;2.3789
A71L;1.0584
A71N;3.06345
A71Q;1.79755
A71P;0.1788
A71S;0.87255
A71R;2.11845
A71T;1.4866
A71W;1.5934
A71V;0.6732
A71Y;1.1506
T72A;2.58555
T72C;2.76875
T72E;1.3945
T72D;1.6381
T72G;2.82615
T72F;2.48
T72I;1.1489
T72H;1.65085
T72K;1.48675
T72M;1.7602
T72L;1.44255
T72N;0.93465
T72Q;1.8604
T72P;1.1003
T72S;1.842
T72R;2.1196
T72W;1.1548
T72V;2.08095
T72Y;2.7021
T73A;1.73845
T73C;1.84155
T73E;2.0485
T73D;0.0368
T73G;1.00115
T73F;1.4513
T73I;1.8828
T73H;1.65095
T73K;1.45785
T73M;2.0376
T73L;1.77525
T73N;1.26335
T73Q;2.5879
T73P;0.01815
T73S;1.6211
T73R;2.4476
T73W;1.3242
T73V;3.18245
T73Y;1.2036
G74A;1.4634
G74C;0.9368
G74E;2.04075
G74D;1.6784
G74F;1.2554
G74I;1.2848
G74H;2.6364
G74K;1.57535
G74M;1.94965
G74L;1.11285
G74N;2.0547
G74Q;2.3856
G74P;1.81595
G74S;1.664
G74R;1.849
G74T;1.93935
G74W;0.7041
G74V;0.7186
G74Y;1.078
V75A;1.36425
V75C;1.768
V75E;2.42025
V75D;0.06605
V75G;0.0583
V75F;1.52555
V75I;1.72385
V75H;1.73415
V75K;0.1821
V75M;1.9073
V75L;2.0725
V75N;1.71095
V75Q;2.6513
V75P;0.0515
V75S;2.6678
V75R;0.6519
V75T;2.22745
V75W;1.4766
V75Y;1.7765
P76A;1.6187
P76C;1.30415
P76E;1.8244
P76D;2.50785
P76G;1.51395
P76F;0.59385
P76I;0.5479
P76H;1.69595
P76K;3.34355
P76M;1.88075
P76L;1.048
P76N;1.8907
P76Q;0.871
P76S;1.55155
P76R;0.9516
P76T;1.1551
P76W;0.42595
P76V;1.26935
P76Y;1.13815
C77A;1.6178
C77E;0.09705
C77D;0.06275
C77G;1.68395
C77F;0.23285
C77I;0.0882
C77H;0.55875
C77K;0.08155
C77M;0.0484
C77L;0.18715
C77N;0.0246
C77Q;0.0402
C77P;0.072
C77S;1.2044
C77R;0.1664
C77T;3.11185
C77W;0.10085
C77V;0.8784
C77Y;0.10145
A78C;2.10585
A78E;0.3027
A78D;0.0543
A78G;1.40205
A78F;0.05965
A78I;0.04875
A78H;0.02535
A78K;0.04615
A78M;0.0274
A78L;0.11195
A78N;0.034
A78Q;0.22405
A78P;1.9648
A78S;0.7721
A78R;0.5695
A78T;1.55865
A78W;0.11525
A78V;0.32015
A78Y;0.05875
A79C;1.5089
A79E;1.4239
A79D;2.1622
A79G;1.8303
A79F;1.33965
A79I;1.98665
A79H;2.8431
A79K;2.5476
A79M;2.63535
A79L;1.7611
A79N;2.2001
A79Q;1.7775
A79P;0.7185
A79S;1.1828
A79R;1.8847
A79T;1.41815
A79W;1.52985
A79V;1.7775
A79Y;1.3625
V80A;1.82235
V80C;1.92185
V80E;0.08505
V80D;0.09355
V80G;0.2806
V80F;2.0347
V80I;2.3471
V80H;1.1173
V80K;1.2664
V80M;1.818
V80L;1.88865
V80N;0.8944
V80Q;1.2188
V80P;2.0046
V80S;2.09705
V80R;2.4309
V80T;1.7354
V80W;0.1022
V80Y;1.20935
L81A;1.74725
L81C;3.4583
L81E;0.8234
L81D;0.2558
L81G;1
L81F;1.57135
L81I;1.4334
L81H;2.2972
L81K;1.9572
L81M;1.0756
L81N;
L81Q;1.4801
L81P;0.6245
L81S;1.1513
L81R;1.46585
L81T;2.1009
L81W;2.01415
L81V;1.564
L81Y;3.1363
D82A;0.9567
D82C;0.1443
D82E;1.4352
D82G;1.5655
D82F;0.08515
D82I;0.06385
D82H;1.3895
D82K;0.654
D82M;0.41685
D82L;0.0929
D82N;2.23025
D82Q;1.02645
D82P;0.17035
D82S;1.0161
D82R;0.073
D82T;0.0725
D82W;0.1022
D82V;0.2093
D82Y;0.47425
V83A;1.7951
V83C;1.7552
V83E;1.312
V83D;1.87545
V83G;1.03365
V83F;2.0786
V83I;2.21815
V83H;1.78795
V83K;1.80035
V83M;1.7339
V83L;1.2835
V83N;2.7725
V83Q;1.74705
V83P;0.09245
V83S;
V83R;3.3938
V83T;1.90025
V83W;2.27095
V83Y;1.88625
V84A;1.2802
V84C;2.52325
V84E;2.4995
V84D;1.59135
V84G;1.69185
V84F;1.057
V84I;2.07225
V84H;2.2063
V84K;1.3907
V84M;2.20435
V84L;0.99595
V84N;2.243
V84Q;2.26415
V84P;0.066
V84S;1.5155
V84R;2.26765
V84T;2.71465
V84W;2.19995
V84Y;1.8267
T85A;1.42935
T85C;1.75585
T85E;1.02675
T85D;1.43425
T85G;1.92655
T85F;1.35885
T85I;1.09375
T85H;1.89145
T85K;
T85M;0.9707
T85L;1.67005
T85N;0.8059
T85Q;3.45755
T85P;1.03855
T85S;0.9908
T85R;2.22305
T85W;2.0284
T85V;1.16
T85Y;2.33955
E86A;2.2956
E86C;1.78855
E86D;2.2674
E86G;1.76865
E86F;3.7542
E86I;1.1197
E86H;1.4445
E86K;0.911
E86M;0.7005
E86L;1.0081
E86N;2.10885
E86Q;2.9789
E86P;0.12505
E86S;2.974
E86R;1.1482
E86T;1.5057
E86W;2.81175
E86V;1.9151
E86Y;2.04935
A87C;1.8608
A87E;1.0791
A87D;1.25415
A87G;1.5196
A87F;1.28515
A87I;1.63255
A87H;2.4612
A87K;1.9785
A87M;1.9609
A87L;2.46895
A87N;2.03435
A87Q;1.23215
A87P;0.99705
A87S;1.22025
A87R;1.736
A87T;2.15325
A87W;2.1574
A87V;1.9688
A87Y;1.5942
G88A;1.86015
G88C;0.4095
G88E;2.4305
G88D;1.12385
G88F;0.5073
G88I;0.0453
G88H;1.50585
G88K;1.80855
G88M;1.3784
G88L;0.11475
G88N;3.1588
G88Q;1.39515
G88P;1.10095
G88S;2.55975
G88R;0.8328
G88T;1.53195
G88W;0.23805
G88V;0.32695
G88Y;0.7175
R89A;2.59595
R89C;1.4341
R89E;0.18155
R89D;0.07705
R89G;0.35435
R89F;3.26095
R89I;0.63335
R89H;1.09065
R89K;1.8102
R89M;1.32495
R89L;0.6242
R89N;1.08365
R89Q;2.09425
R89P;0.1646
R89S;0.70825
R89T;0.6688
R89W;1.22285
R89V;1.5406
R89Y;3.10435
D90A;0.4027
D90C;0.2184
D90E;1.38735
D90G;0.3698
D90F;0.0509
D90I;0.23375
D90H;0.72925
D90K;0.44015
D90M;0.2125
D90L;0.23105
D90N;0.81215
D90Q;1.8026
D90P;0.3237
D90S;0.5437
D90R;0.13095
D90T;1.975
D90W;0.0848
D90V;0.4066
D90Y;0.3359
W91A;0.1179
W91C;0.5012
W91E;0.0608
W91D;0.14505
W91G;1.08545
W91F;2.6072
W91I;0.06895
W91H;0.93595
W91K;0.07955
W91M;0.0527
W91L;0.43485
W91N;0.06895
W91Q;0.25145
W91P;0.09865
W91S;0.3878
W91R;0.42915
W91T;0.2816
W91V;0.1149
W91Y;2.8869
L92A;1.0372
L92C;1.34635
L92E;0.0689
L92D;0.1146
L92G;0.40115
L92F;0.0861
L92I;2.09
L92H;0.08915
L92K;0.2226
L92M;1.7732
L92N;0.1148
L92Q;0.53685
L92P;0.36145
L92S;0.22375
L92R;0.17195
L92T;0.18315
L92W;0.1033
L92V;0.89475
L92Y;0.0694
L93A;0.2505
L93C;1.8328
L93E;0.12845
L93D;0.1008
L93G;0.1142
L93F;1.6986
L93I;1.9897
L93H;0.11035
L93K;0.1225
L93M;1.0586
L93N;0.08565
L93Q;0.11035
L93P;0.4248
L93S;0.1468
L93R;0.1962
L93T;0.12845
L93W;0.07345
L93V;1.10585
L93Y;0.09345
L94A;0.7528
L94C;1.7647
L94E;0.39365
L94D;0.1256
L94G;0.04815
L94F;0.60715
L94I;1.1257
L94H;0.05165
L94K;0.06795
L94M;1.1624
L94N;0.05905
L94Q;1.10765
L94P;0.40815
L94S;0.6607
L94R;0.63015
L94T;0.9357
L94W;0.03935
L94V;1.2553
L94Y;0.20365
G95A;0.81215
G95C;0.67045
G95E;2.14445
G95D;1.3063
G95F;0.17555
G95I;0.0678
G95H;1.7111
G95K;2.4592
G95M;1.4023
G95L;1.0791
G95N;1.9652
G95Q;1.82005
G95P;0.1278
G95S;1.85655
G95R;1.5648
G95T;2.13925
G95W;0.0425
G95V;0.491
G95Y;1.61825
E96A;1.71965
E96C;
E96D;0.2074
E96G;1.94745
E96F;0.1456
E96I;0.144
E96H;1.1682
E96K;1.9592
E96M;1.1397
E96L;0.78515
E96N;1.84065
E96Q;3.1493
E96P;1.0366
E96S;2.00325
E96R;1.4221
E96T;1.33445
E96W;0.0684
E96V;1.48545
E96Y;0.51705
V97A;1.25645
V97C;1.05805
V97E;0.1594
V97D;0.111
V97G;0.47855
V97F;0.1112
V97I;1.23805
V97H;0.0754
V97K;0.0838
V97M;1.32705
V97L;0.54965
V97N;0.42265
V97Q;1.11815
V97P;0.0629
V97S;0.29555
V97R;0.6635
V97T;0.1757
V97W;0.08545
V97Y;0.12575
P98A;1.64345
P98C;1.40215
P98E;1.6887
P98D;1.92645
P98G;2.48515
P98F;0.68645
P98I;1.68345
P98H;1.1264
P98K;1.54785
P98M;1.06045
P98L;0.8144
P98N;2.76945
P98Q;0.85685
P98S;0.81035
P98R;1.0756
P98T;1.00035
P98W;0.10145
P98V;2.0575
P98Y;0.35325
G99A;0.56475
G99C;0.57015
G99E;1.24845
G99D;1.16365
G99F;0.14345
G99I;0.08035
G99H;1.03
G99K;1.4267
G99M;0.10875
G99L;0.0717
G99N;1.0694
G99Q;1.0228
G99P;0.11245
G99S;1.23845
G99R;0.88305
G99T;1.2424
G99W;0.05865
G99V;0.38795
G99Y;0.1046
Q100A;1.8143
Q100C;1.87425
Q100E;1.54115
Q100D;1.643
Q100G;0.71415
Q100F;1.92105
Q100I;1.96385
Q100H;0.74165
Q100K;0.96995
Q100M;1.91695
Q100L;1.42185
Q100N;1.66425
Q100P;0.23815
Q100S;3.4497
Q100R;1.3053
Q100T;2.7361
Q100W;0.57455
Q100V;2.4617
Q100Y;1.6083
D101A;0.78585
D101C;1.83085
D101E;0.34975
D101G;0.187
D101F;0.11755
D101I;0.0341
D101H;0.27375
D101K;0.04445
D101M;1.023
D101L;0.14615
D101N;2.0365
D101Q;0.88735
D101P;0.14615
D101S;1.13925
D101R;0.06015
D101T;0.15215
D101W;1
D101V;0.65065
D101Y;0.3166
L102A;0.8038
L102C;0.8827
L102E;0.1253
L102D;0.104
L102G;0.25795
L102F;0.23695
L102I;1.50935
L102H;0.066
L102K;0.0794
L102M;1.03755
L102N;0.18855
L102Q;0.07335
L102P;0.2806
L102S;0.1072
L102R;0.7016
L102T;0.086
L102W;0.0794
L102V;2.1415
L102Y;0.0574
L103A;1.7969
L103C;2.39405
L103E;0.6499
L103D;0.37375
L103G;0.94075
L103F;2.4569
L103I;1.5184
L103H;1.7199
L103K;2.007
L103M;1.09645
L103N;0.78955
L103Q;1.58865
L103P;0.34815
L103S;2.12155
L103R;1.52855
L103T;0.83655
L103W;1.9321
L103V;0.9821
L103Y;1.7073
S104A;1.48735
S104C;1.82485
S104E;0.5953
S104D;0.22
S104G;1.079
S104F;0.30595
S104I;0.5681
S104H;1.82715
S104K;0.62125
S104M;1.85245
S104L;1.2442
S104N;1.3646
S104Q;2.0948
S104P;0.0737
S104R;0.92525
S104T;1.36895
S104W;0.05735
S104V;1.0691
S104Y;0.59225
S105A;1.4663
S105C;3.32325
S105E;0.3776
S105D;0.50765
S105G;0.9459
S105F;0.05135
S105I;0.8296
S105H;0.22035
S105K;0.59495
S105M;0.867
S105L;1.2113
S105N;0.77995
S105Q;0.56405
S105P;0.079
S105R;0.41875
S105T;1.69775
S105W;0.23385
S105V;2.07355
S105Y;0.7576
H106A;3.70915
H106C;1.4848
H106E;1.79745
H106D;1.93455
H106G;1.83405
H106F;1.0485
H106I;1.11275
H106K;2.2112
H106M;1.01335
H106L;0.93355
H106N;0.7684
H106Q;2.20185
H106P;1.45635
H106S;
H106R;2.4483
H106T;3.74865
H106W;0.9022
H106V;2.1903
H106Y;0.91065
L107A;0.9328
L107C;1.00465
L107E;0.29395
L107D;0.1704
L107G;0.2737
L107F;0.5597
L107I;1.66675
L107H;1.00695
L107K;0.17045
L107M;0.86815
L107N;0.3818
L107Q;0.66365
L107P;0.8552
L107S;0.37575
L107R;0.1999
L107T;0.42355
L107W;0.184
L107V;1.0876
L107Y;3.77115
A108C;1.71725
A108E;0.93805
A108D;1.5263
A108G;2.3298
A108F;1.04125
A108I;1.38565
A108H;1.931
A108K;2.52115
A108M;1.78855
A108L;1.94615
A108N;1.79625
A108Q;2.54375
A108P;2.6001
A108S;0.81125
A108R;1.6545
A108T;1.7221
A108W;0.95375
A108V;1.03635
A108Y;2.32105
P109A;3.82605
P109C;0.84745
P109E;0.90155
P109D;0.84705
P109G;0.16815
P109F;0.0673
P109I;0.0925
P109H;0.7589
P109K;2.42745
P109M;0.0841
P109L;0.49235
P109N;1.617
P109Q;0.3571
P109S;0.95035
P109R;0.17905
P109T;0.4656
P109W;0.0776
P109V;0.8269
P109Y;0.09175
A110C;2.74345
A110E;1.11725
A110D;2.04
A110G;1.5103
A110F;2.10785
A110I;1.83125
A110H;1.62385
A110K;1.4758
A110M;2.5393
A110L;1.9128
A110N;1.98655
A110Q;1.6305
A110P;1.42925
A110S;0.6661
A110R;2.0964
A110T;1.57415
A110W;1.744
A110V;2.00725
A110Y;3.02615
E111A;1.5239
E111C;2.6726
E111D;1.64545
E111G;0.41875
E111F;1.38885
E111I;1.3171
E111H;2.28795
E111K;1.46315
E111M;1.25475
E111L;3.33865
E111N;1.471
E111Q;2.49875
E111P;0.0794
E111S;3.5194
E111R;3.2889
E111T;1.6968
E111W;1.38185
E111V;2.54265
E111Y;1.69625
K112A;0.60845
K112C;0.50585
K112E;0.63
K112D;0.1396
K112G;0.18795
K112F;0.0945
K112I;4.1818
K112H;0.0689
K112M;0.9069
K112L;0.75815
K112N;0.12405
K112Q;1.0889
K112P;0.11485
K112S;0.04925
K112R;0.6585
K112T;1.92025
K112W;0.0689
K112V;1.42675
K112Y;0.17575
V113A;0.3205
V113C;0.94325
V113E;0.59325
V113D;0.06035
V113G;0.0469
V113F;0.11405
V113I;1.27955
V113H;0.07335
V113K;0.0571
V113M;0.18835
V113L;0.3164
V113N;0.06505
V113Q;0.0467
V113P;0.0571
V113S;0.51325
V113R;0.14545
V113T;1.15085
V113W;0.05705
V113Y;0.0938
S114A;2.3235
S114C;2.20535
S114E;1.874
S114D;0.87425
S114G;1.6623
S114F;
S114I;1.18255
S114H;1.79875
S114K;3.19365
S114M;3.6685
S114L;1.2656
S114N;1.72005
S114Q;2.0204
S114P;0.12845
S114R;0.9175
S114T;1.38175
S114W;2.1685
S114V;2.715
S114Y;2.09095
I115A;1.40525
I115C;1.2711
I115E;0.16795
I115D;0.66195
I115G;0.04485
I115F;0.11995
I115H;0.0776
I115K;0.702
I115M;0.65465
I115L;1.8053
I115N;0.16165
I115Q;0.1622
I115P;0.0776
I115S;0.2561
I115R;0.0618
I115T;0.51295
I115W;0.0471
I115V;1.9723
I115Y;0.0645
M116A;1.23255
M116C;2.28285
M116E;0.0753
M116D;0.04685
M116G;0.08385
M116F;0.7378
M116I;0.75535
M116H;0.13635
M116K;0.46155
M116L;2.91095
M116N;0.07925
M116Q;0.06565
M116P;0.04485
M116S;0.0526
M116R;1.07215
M116T;0.63405
M116W;0.03555
M116V;1.1125
M116Y;1.1727
A117C;0.67345
A117E;0.37755
A117D;0.12335
A117G;0.1934
A117F;0.0891
A117I;0.8432
A117H;0.09435
A117K;0.1391
A117M;0.0526
A117L;0.36665
A117N;0.06575
A117Q;0.7814
A117P;0.08675
A117S;0.4557
A117R;0.27385
A117T;0.23155
A117W;0.0976
A117V;1.3841
A117Y;0.12835
D118A;1.567
D118C;1.272
D118E;1.42135
D118G;0.56675
D118F;1.102
D118I;1.23555
D118H;2.02685
D118K;1.38135
D118M;
D118L;1.21855
D118N;1.23655
D118Q;2.26155
D118P;0.0724
D118S;2.21195
D118R;1.4061
D118T;2.81885
D118W;0.66985
D118V;1.52455
D118Y;0.6063
A119C;4.0228
A119E;0.4106
A119D;0.05615
A119G;0.65805
A119F;0.0783
A119I;1.56465
A119H;0.0727
A119K;0.11305
A119M;0.14225
A119L;0.0727
A119N;0.14225
A119Q;0.0766
A119P;0.13875
A119S;0.33255
A119R;0.1291
A119T;1.85535
A119W;0.1841
A119V;1.05805
A119Y;0.0727
M120A;0.11295
M120C;1.01385
M120E;0.11295
M120D;0.20325
M120G;0.25405
M120F;2.3547
M120I;1.2087
M120H;0.20325
M120K;0.2175
M120L;1.6169
M120N;0.0922
M120Q;0.20325
M120P;0.0847
M120S;0.0508
M120R;1.6019
M120T;0.71745
M120W;0.1958
M120V;0.9048
M120Y;0.39875
R121A;2.2234
R121C;1.35395
R121E;0.2039
R121D;0.6736
R121G;1.0537
R121F;1.01805
R121I;1.05315
R121H;0.98795
R121K;2.5937
R121M;0.54085
R121L;0.8539
R121N;1.29685
R121Q;2.7011
R121P;0.1046
R121S;0.8934
R121T;
R121W;0.60615
R121V;1.0183
R121Y;1.1727
R122A;1.86185
R122C;0.98555
R122E;1.3026
R122D;1.4471
R122G;0.58855
R122F;
R122I;
R122H;1.4694
R122K;
R122M;1.28215
R122L;0.87925
R122N;1.25005
R122Q;1.2599
R122P;0.2171
R122S;0.8704
R122T;1.23025
R122W;1.6756
R122V;2.38435
R122Y;2.7553
L123A;0.06905
L123C;0.2434
L123E;0.259
L123D;0.40335
L123G;0.1036
L123F;0.1036
L123I;1.31395
L123H;0.074
L123K;0.0942
L123M;0.70485
L123N;0.3453
L123Q;0.0518
L123P;0.3633
L123S;0.1151
L123R;0.84555
L123T;0.33115
L123W;0.05455
L123V;0.81735
L123Y;0.1036
H124A;0.1147
H124C;0.1147
H124E;0.08605
H124D;0.38035
H124G;0.06455
H124F;0.07375
H124I;0.1147
H124K;0.17205
H124M;0.14745
H124L;0.11565
H124N;0.527
H124Q;0.6179
H124P;0.868
H124S;0.20235
H124R;0.2885
H124T;0.86965
H124W;0.129
H124V;0.14745
H124Y;0.11865
T125A;1.54805
T125C;1.17805
T125E;1.4276
T125D;2.02955
T125G;3.49245
T125F;0.77145
T125I;1.7615
T125H;1.25585
T125K;2.37275
T125M;2.85435
T125L;1.21485
T125N;0.86995
T125Q;2.64225
T125P;0.36925
T125S;1.79965
T125R;3.37695
T125W;2.19465
T125V;1.5339
T125Y;1.9817
L126A;0.23875
L126C;0.5222
L126E;0.1617
L126D;0.2082
L126G;0.07435
L126F;0.5028
L126I;2.05495
L126H;0.1136
L126K;0.16005
L126M;0.76585
L126N;0.1735
L126Q;0.7965
L126P;0.46145
L126S;0.05205
L126R;0.5035
L126T;2.23705
L126W;0.1323
L126V;1.50245
L126Y;0.3881
D127A;1.27715
D127C;0.85185
D127E;1.5222
D127G;0.82435
D127F;0.3079
D127I;1.25055
D127H;2.07105
D127K;1.61875
D127M;1.35655
D127L;1.80145
D127N;1.3511
D127Q;1.85885
D127P;2.81375
D127S;1.89755
D127R;1.9578
D127T;1.606
D127W;0.53535
D127V;0.68865
D127Y;0.4539
P128A;1.4108
P128C;0.8833
P128E;0.18685
P128D;0.20095
P128G;0.4293
P128F;1.69425
P128I;2.36135
P128H;0.9074
P128K;4.65805
P128M;1.36325
P128L;1.43915
P128N;0.88225
P128Q;0.5342
P128S;1.245
P128R;1.35595
P128T;0.73195
P128W;1.50105
P128V;2.18585
P128Y;1.6267
A129C;1.5616
A129E;0.7435
A129D;1.291
A129G;1.4255
A129F;2.7673
A129I;1.69395
A129H;3.7856
A129K;2.9294
A129M;1.45565
A129L;3.0239
A129N;2.474
A129Q;2.366
A129P;0.74245
A129S;1.2663
A129R;2.4753
A129T;2.1056
A129W;1.85365
A129V;0.9742
A129Y;2.69345
T130A;1.96495
T130C;1.86415
T130E;1.73435
T130D;1.89195
T130G;1.702
T130F;2.52545
T130I;2.80655
T130H;1.05315
T130K;1.7494
T130M;1.72625
T130L;
T130N;1.14755
T130Q;2.8194
T130P;1.23615
T130S;1.9827
T130R;1.97865
T130W;0.8294
T130V;2.4199
T130Y;2.892
C131A;0.2026
C131E;0.14475
C131D;0.11255
C131G;0.0942
C131F;0.30995
C131I;0.1736
C131H;0.2026
C131K;0.1448
C131M;0.11255
C131L;0.06755
C131N;0.07795
C131Q;0.1736
C131P;0.11255
C131S;0.1073
C131R;0.29515
C131T;0.13695
C131W;0.06925
C131V;0.1303
C131Y;0.24965
P132A;1.144
P132C;1.9634
P132E;0.73735
P132D;0.19135
P132G;1.26735
P132F;0.7261
P132I;1.4793
P132H;2.03615
P132K;0.90815
P132M;2.05665
P132L;1.49315
P132N;1.2402
P132Q;0.72915
P132S;0.7319
P132R;1.1153
P132T;0.40765
P132W;0.44975
P132V;1.44185
P132Y;0.42405
F133A;0.09405
F133C;0.32795
F133E;0.1035
F133D;0.068
F133G;0.22235
F133I;0.069
F133H;0.162
F133K;0.08335
F133M;0.138
F133L;0.1689
F133N;0.115
F133Q;0.069
F133P;0.5175
F133S;0.43515
F133R;0.22995
F133T;0.19285
F133W;1.79585
F133V;0.27805
F133Y;1.78965
D134A;1.82995
D134C;1.10745
D134E;1.2251
D134G;1.437
D134F;1.41785
D134I;1.98575
D134H;1.35475
D134K;2.78375
D134M;0.94005
D134L;2.0036
D134N;1.3722
D134Q;2.10785
D134P;0.79825
D134S;1.0383
D134R;1.8889
D134T;1.34175
D134W;1.61395
D134V;1.1434
D134Y;0.75205
H135A;0.3147
H135C;0.1656
H135E;0.08125
H135D;0.41555
H135G;0.08125
H135F;0.2358
H135I;0.07925
H135K;0.0515
H135M;0.7482
H135L;0.20315
H135N;0.5409
H135Q;0.3854
H135P;0.1749
H135S;0.0769
H135R;0.29
H135T;0.1907
H135W;0.1475
H135V;0.1328
H135Y;0.20855
Q136A;3.4456
Q136C;1.4455
Q136E;1.38305
Q136D;1.22515
Q136G;1.85045
Q136F;0.7493
Q136I;1.89335
Q136H;0.92635
Q136K;1.02655
Q136M;1.7224
Q136L;1.92295
Q136N;1.199
Q136P;0.30375
Q136S;1.56825
Q136R;1.47365
Q136T;2.30075
Q136W;0.88675
Q136V;1.65605
Q136Y;0.63855
A137C;1.86085
A137E;0.23905
A137D;0.5353
A137G;0.5948
A137F;2.73435
A137I;1.44455
A137H;1.2409
A137K;2.36885
A137M;1.81745
A137L;1.3029
A137N;1.31845
A137Q;1.73415
A137P;0.7591
A137S;0.74625
A137R;2.8104
A137T;1.1843
A137W;1.79875
A137V;1.6884
A137Y;1.1811
K138A;1.7727
K138C;0.90845
K138E;0.93075
K138D;0.8141
K138G;2.85965
K138F;1.39725
K138I;1.67395
K138H;3.02
K138M;2.20435
K138L;1.1912
K138N;0.98645
K138Q;1.6394
K138P;1.5375
K138S;1.7484
K138R;2.37875
K138T;1.2026
K138W;0.99655
K138V;1.4708
K138Y;1.7752
H139A;3.53075
H139C;1.82465
H139E;2.28095
H139D;1.1071
H139G;1.7903
H139F;2.0546
H139I;2.2911
H139K;1.53475
H139M;2.2469
H139L;1.72795
H139N;1.35905
H139Q;1.65955
H139P;1.5029
H139S;2.6715
H139R;1.51815
H139T;2.9679
H139W;1.12345
H139V;3.37265
H139Y;1.1859
R140A;0.5796
R140C;0.186
R140E;0.1107
R140D;0.06865
R140G;0.40365
R140F;0.08585
R140I;0.44495
R140H;0.2863
R140K;0.30535
R140M;1.0655
R140L;0.26385
R140N;0.0904
R140Q;0.5741
R140P;0.3067
R140S;0.87895
R140T;0.1954
R140W;0.09365
R140V;0.28565
R140Y;0.103
I141A;
I141C;2.29685
I141E;0.0745
I141D;0.10345
I141G;0.08625
I141F;1.6457
I141H;0.0575
I141K;0.3041
I141M;1.5485
I141L;0.4146
I141N;0.13795
I141Q;1.32235
I141P;0.20395
I141S;1.06075
I141R;0.1671
I141T;2.40685
I141W;0.1366
I141V;1.60305
I141Y;1.2938
E142A;2.42275
E142C;1.69595
E142D;1.09655
E142G;0.8794
E142F;1.64415
E142I;2.153
E142H;1.0205
E142K;1.07195
E142M;1.5714
E142L;
E142N;1.75385
E142Q;1.4873
E142P;2.28845
E142S;1.9938
E142R;0.79195
E142T;1.502
E142W;0.71715
E142V;1.7523
E142Y;0.87375
R143A;1.80725
R143C;1.3805
R143E;1.3442
R143D;1.55055
R143G;1.53425
R143F;1.45705
R143I;2.54125
R143H;2.3147
R143K;1.26765
R143M;1.9669
R143L;0.83835
R143N;2.52195
R143Q;1.89085
R143P;0.1871
R143S;1.23295
R143T;1.9681
R143W;1.89775
R143V;2.7526
R143Y;1.34695
A144C;3.82355
A144E;0.287
A144D;0.08195
A144G;0.80635
A144F;0.11385
A144I;0.0854
A144H;0.10175
A144K;0.2453
A144M;0.0488
A144L;0.1311
A144N;0.05395
A144Q;0.04095
A144P;0.1102
A144S;0.8791
A144R;0.0696
A144T;0.4955
A144W;0.0394
A144V;0.6548
A144Y;0.0488
R145A;1.6636
R145C;0.60985
R145E;1.08285
R145D;0.21225
R145G;0.4956
R145F;3.6142
R145I;0.068
R145H;1.478
R145K;2.3453
R145M;0.28165
R145L;0.6968
R145N;1.9192
R145Q;1.46375
R145P;0.25145
R145S;1.15255
R145T;0.17955
R145W;1.61015
R145V;0.2633
R145Y;1.01885
T146A;1.8765
T146C;1.9351
T146E;3.19855
T146D;1.70985
T146G;1.58185
T146F;1.9243
T146I;2.35225
T146H;
T146K;1.21445
T146M;2.229
T146L;2.8861
T146N;1.1679
T146Q;2.22345
T146P;0.11315
T146S;2.63805
T146R;2.097
T146W;1.37805
T146V;1.8627
T146Y;1.5036
R147A;0.44095
R147C;0.41875
R147E;0.0942
R147D;0.10365
R147G;0.46795
R147F;0.1301
R147I;0.63265
R147H;0.9666
R147K;1.4025
R147M;0.686
R147L;0.44555
R147N;1.5946
R147Q;0.8334
R147P;0.14525
R147S;0.68885
R147T;0.10745
R147W;0.0849
R147V;0.7643
R147Y;0.5285
M148A;1.3338
M148C;0.6399
M148E;0.37325
M148D;0.22355
M148G;0.16235
M148F;0.16235
M148I;0.6101
M148H;0.23495
M148K;1.2597
M148L;2.21845
M148N;0.2003
M148Q;1.5727
M148P;0.0519
M148S;1.2456
M148R;0.25055
M148T;0.8062
M148W;0.84665
M148V;0.776
M148Y;0.1325
E149A;1.4118
E149C;0.88185
E149D;1.63095
E149G;0.8098
E149F;3.71835
E149I;2.497
E149H;2.77735
E149K;1.75795
E149M;
E149L;3.10085
E149N;2.86925
E149Q;1.65915
E149P;0.14755
E149S;2.741
E149R;1.74285
E149T;2.0856
E149W;2.2395
E149V;4.60815
E149Y;2.50935
A150C;2.57945
A150E;0.9059
A150D;1.51035
A150G;1.05715
A150F;3.1157
A150I;1.01115
A150H;2.17035
A150K;1.6411
A150M;1.8118
A150L;2.1127
A150N;2.58875
A150Q;1.15465
A150P;0.1023
A150S;0.7441
A150R;3.42015
A150T;1.4913
A150W;2.02635
A150V;1.99175
A150Y;1.25695
G151A;1.16695
G151C;0.73205
G151E;1.40575
G151D;2.1657
G151F;0.97125
G151I;0.0535
G151H;
G151K;2.2578
G151M;1.37655
G151L;1.73655
G151N;2.71605
G151Q;2.6314
G151P;0.26635
G151S;1.22365
G151R;1.74315
G151T;0.97565
G151W;1.37125
G151V;0.44425
G151Y;0.9665
L152A;1.6309
L152C;2.14785
L152E;0.71395
L152D;0.3592
L152G;1.9739
L152F;1.83475
L152I;2.5661
L152H;1.18365
L152K;1.66545
L152M;0.9453
L152N;1.6653
L152Q;1.09145
L152P;0.30415
L152S;1.92575
L152R;1.8308
L152T;1.11335
L152W;1.0355
L152V;1.1615
L152Y;2.47155
V153A;0.6506
V153C;1.80325
V153E;0.0997
V153D;0.05685
V153G;0.2483
V153F;2.6558
V153I;1.7105
V153H;0.67685
V153K;0.08375
V153M;1.84585
V153L;0.8567
V153N;0.25515
V153Q;1.0451
V153P;0.33335
V153S;0.3204
V153R;0.074
V153T;2.4234
V153W;2.51045
V153Y;1.58865
D154A;1.26285
D154C;1.5902
D154E;0.9988
D154G;1.4935
D154F;1.3817
D154I;1.37005
D154H;1.03725
D154K;2.3998
D154M;0.8164
D154L;1.70375
D154N;2.18365
D154Q;1.5114
D154P;0.8466
D154S;1.3767
D154R;1.45545
D154T;1.3698
D154W;1.11155
D154V;1.89225
D154Y;0.52135
Q155A;1.7044
Q155C;
Q155E;1.32635
Q155D;2.2566
Q155G;1.78365
Q155F;2.12365
Q155I;2.9321
Q155H;0.90745
Q155K;1.30745
Q155M;2.223
Q155L;1.2947
Q155N;1.81735
Q155P;1.28295
Q155S;1.45575
Q155R;1.5195
Q155T;2.7998
Q155W;
Q155V;2.456
Q155Y;2.20425
D156A;1.0621
D156C;
D156E;1.1498
D156G;1.8823
D156F;1.7926
D156I;0.62155
D156H;1.5391
D156K;1.1753
D156M;0.7097
D156L;
D156N;1.76385
D156Q;1.4128
D156P;0.48915
D156S;3.42275
D156R;0.97095
D156T;2.15745
D156W;1.4197
D156V;0.69655
D156Y;0.7379
D157A;1.0025
D157C;0.54525
D157E;0.75215
D157G;1.11135
D157F;0.1725
D157I;0.04295
D157H;0.5802
D157K;0.17505
D157M;0.44635
D157L;0.16365
D157N;3.02215
D157Q;0.85475
D157P;0.1026
D157S;1.0632
D157R;0.59605
D157T;0.43645
D157W;0.0859
D157V;0.30065
D157Y;0.32515
L158A;0.49005
L158C;1.73315
L158E;0.08625
L158D;0.0575
L158G;0.1177
L158F;2.2957
L158I;0.3259
L158H;1.12325
L158K;0.1252
L158M;0.6895
L158N;0.68815
L158Q;0.3745
L158P;0.3027
L158S;0.0941
L158R;1.29505
L158T;1.21795
L158W;3.23115
L158V;1.26405
L158Y;2.296
D159A;0.0609
D159C;0.1325
D159E;2.1897
D159G;0.3856
D159F;0.1174
D159I;0.0913
D159H;0.1263
D159K;0.0706
D159M;0.1339
D159L;0.2055
D159N;0.22415
D159Q;0.351
D159P;0.0796
D159S;0.0796
D159R;0.70775
D159T;0.7834
D159W;0.10955
D159V;0.14365
D159Y;0.3069
E160A;1.3634
E160C;1.56135
E160D;2.22375
E160G;1.08505
E160F;2.4522
E160I;2.1878
E160H;1.4387
E160K;1.5542
E160M;1.9695
E160L;3.02105
E160N;2.54305
E160Q;1.86245
E160P;2.0879
E160S;1.11005
E160R;2.23405
E160T;1.423
E160W;1.766
E160V;2.42315
E160Y;2.14535
E161A;1.515
E161C;1.94835
E161D;1.40115
E161G;1.0017
E161F;0.7907
E161I;1.71975
E161H;1.36835
E161K;0.67275
E161M;1.49615
E161L;0.61065
E161N;2.62515
E161Q;1.30465
E161P;1.5914
E161S;0.68005
E161R;0.61725
E161T;0.8134
E161W;0.56805
E161V;0.85015
E161Y;1.2471
H162A;0.322
H162C;0.4082
H162E;0.0944
H162D;0.311
H162G;0.0742
H162F;0.1037
H162I;0.0742
H162K;0.12755
H162M;0.05465
H162L;0.11365
H162N;1.7055
H162Q;0.2294
H162P;0.04725
H162S;0.8808
H162R;0.88925
H162T;0.3564
H162W;0.22475
H162V;0.2345
H162Y;0.53605
Q163A;2.8442
Q163C;2.2189
Q163E;2.3291
Q163D;1.81815
Q163G;1.50895
Q163F;2.3153
Q163I;2.2875
Q163H;1.1746
Q163K;1.117
Q163M;4.14455
Q163L;2.45515
Q163N;1.7376
Q163P;0.3022
Q163S;1.35665
Q163R;2.17505
Q163T;1.80355
Q163W;1.85585
Q163V;2.9162
Q163Y;2.63795
G164A;0.8065
G164C;0.65305
G164E;1.67285
G164D;1.23105
G164F;1.3748
G164I;0.38905
G164H;2.57265
G164K;1.095
G164M;2.30745
G164L;1.17405
G164N;1.02525
G164Q;2.4263
G164P;0.96525
G164S;1.19535
G164R;0.9352
G164T;1.7717
G164W;1.927
G164V;0.61955
G164Y;1.4971
L165A;2.87785
L165C;3.3253
L165E;1.95315
L165D;1.12835
L165G;0.8578
L165F;2.4738
L165I;1.5942
L165H;2.2643
L165K;1.28205
L165M;0.933
L165N;1.62185
L165Q;1.9377
L165P;0.7961
L165S;1.77685
L165R;1.45545
L165T;2.41235
L165W;2.7297
L165V;2.28075
L165Y;2.54135
A166C;2.68945
A166E;1.14815
A166D;2.40295
A166G;1.05135
A166F;2.82325
A166I;2.6369
A166H;3.93045
A166K;2.9319
A166M;1.57345
A166L;2.13465
A166N;2.7951
A166Q;1.79495
A166P;2.27185
A166S;0.9845
A166R;1.58935
A166T;2.35655
A166W;2.3352
A166V;1.2549
A166Y;1.80745
P167A;1.63655
P167C;3.1923
P167E;0.7038
P167D;1.13835
P167G;1.32455
P167F;3.9079
P167I;1.6029
P167H;1.27215
P167K;0.73145
P167M;1.92945
P167L;2.58675
P167N;1.02225
P167Q;0.8648
P167S;0.8497
P167R;0.39085
P167T;1.19495
P167W;1.54625
P167V;3.3601
P167Y;2.849
A168C;1.86115
A168E;1.14855
A168D;1.3475
A168G;1.4869
A168F;3.24865
A168I;2.9559
A168H;2.95055
A168K;2.4593
A168M;1.91195
A168L;2.13005
A168N;1.83465
A168Q;1.5967
A168P;2.79365
A168S;0.7683
A168R;2.65635
A168T;1.8313
A168W;1.637
A168V;1.7957
A168Y;1.586
E169A;1.774
E169C;1.31335
E169D;1.41145
E169G;1.99605
E169F;1.6678
E169I;2.15705
E169H;1.25785
E169K;3.25765
E169M;1.1132
E169L;1.8609
E169N;1.4845
E169Q;1.3947
E169P;0.18685
E169S;2.5019
E169R;2.31425
E169T;2.2852
E169W;0.64965
E169V;1.41865
E169Y;1.9181
L170A;0.07265
L170C;0.13695
L170E;0.113
L170D;0.07825
L170G;0.09245
L170F;0.08475
L170I;0.2324
L170H;0.12385
L170K;0.04845
L170M;1.0507
L170N;0.0598
L170Q;0.06585
L170P;0.3844
L170S;0.0678
L170R;0.0984
L170T;0.1021
L170W;0.1756
L170V;0.19265
L170Y;0.07265
F171A;0.171
F171C;0.18275
F171E;0.04275
F171D;0.0933
F171G;0.12825
F171I;0.31645
F171H;0.33315
F171K;0.0784
F171M;1.50525
F171L;1.4123
F171N;0.05405
F171Q;0.5131
F171P;1.02625
F171S;0.2118
F171R;1.0034
F171T;0.07015
F171W;1.6124
F171V;0.4222
F171Y;1.71105
A172C;2.4766
A172E;1.396
A172D;2.05475
A172G;2.0239
A172F;2.1021
A172I;1.84285
A172H;2.11315
A172K;1.9865
A172M;2.0717
A172L;1.7961
A172N;2.75465
A172Q;2.2036
A172P;0.7411
A172S;1.69245
A172R;2.15285
A172T;1.89295
A172W;0.7917
A172V;1.50865
A172Y;2.173
R173A;2.96805
R173C;1.7774
R173E;2.7103
R173D;1.45245
R173G;1.2161
R173F;1.57375
R173I;1.6114
R173H;1.6914
R173K;1.8967
R173M;2.37895
R173L;1.2046
R173N;1.9672
R173Q;2.8131
R173P;0.09645
R173S;1.13345
R173T;2.4963
R173W;2.1313
R173V;1.33885
R173Y;1.29485
L174A;1.6691
L174C;1.39815
L174E;0.05735
L174D;0.12225
L174G;0.0919
L174F;0.25565
L174I;0.13305
L174H;0.109
L174K;0.08175
L174M;0.6787
L174N;0.05455
L174Q;0.1558
L174P;0.3682
L174S;0.28495
L174R;0.1911
L174T;1.862
L174W;0.109
L174V;1.04385
L174Y;0.06735
K175A;1.8285
K175C;2.0562
K175E;1.3608
K175D;1.67625
K175G;2.09985
K175F;1.0273
K175I;2.83405
K175H;1.40725
K175M;1.95615
K175L;
K175N;1.77145
K175Q;3.7082
K175P;1.79885
K175S;1.8227
K175R;1.34595
K175T;2.23125
K175W;0.90395
K175V;
K175Y;0.8591
A176C;2.37275
A176E;0.9837
A176D;2.2819
A176G;1.63285
A176F;1.3179
A176I;1.8866
A176H;2.3548
A176K;1.54925
A176M;1.517
A176L;1.9445
A176N;2.18145
A176Q;1.94975
A176P;1.80825
A176S;1.2535
A176R;2.98935
A176T;1.70775
A176W;1.4578
A176V;1.71265
A176Y;2.30435
R177A;2.78895
R177C;2.4484
R177E;2.8661
R177D;2.23255
R177G;2.4561
R177F;1.9786
R177I;3.29615
R177H;2.3429
R177K;2.6677
R177M;2.14865
R177L;2.14485
R177N;1.8834
R177Q;1.8433
R177P;1.45275
R177S;1.67245
R177T;2.7401
R177W;2.19185
R177V;1.9156
R177Y;2.2643
M178A;1.90545
M178C;1.36945
M178E;1.49875
M178D;1.5456
M178G;1.4892
M178F;2.4514
M178I;0.7886
M178H;1.6959
M178K;0.8747
M178L;2.65065
M178N;1.52425
M178Q;1.882
M178P;4.5075
M178S;2.6028
M178R;1.9661
M178T;1.93795
M178W;2.656
M178V;2.0845
M178Y;2.72865
P179A;0.7795
P179C;1.32735
P179E;0.77135
P179D;0.3473
P179G;1.05725
P179F;3.74965
P179I;1.5237
P179H;1.9289
P179K;1.12165
P179M;2.61285
P179L;1.4931
P179N;1.1138
P179Q;0.941
P179S;0.993
P179R;1.26175
P179T;0.93235
P179W;1.46925
P179V;2.09785
P179Y;1.7506
D180A;2.3516
D180C;1.12435
D180E;1.64135
D180G;1.56315
D180F;1.88645
D180I;2.0552
D180H;1.6878
D180K;2.92575
D180M;1.88285
D180L;1.3432
D180N;1.3187
D180Q;1.05345
D180P;
D180S;1.7873
D180R;3.5253
D180T;1.79545
D180W;1.2513
D180V;1.15585
D180Y;0.9503
G181A;1.56225
G181C;1.0589
G181E;1.5386
G181D;1.82015
G181F;3.38985
G181I;1.87125
G181H;1.82575
G181K;2.10905
G181M;1.96825
G181L;2.36555
G181N;1.65485
G181Q;1.65485
G181P;0.37925
G181S;1.52515
G181R;1.8743
G181T;1.6285
G181W;1.7544
G181V;0.8921
G181Y;2.07735
E182A;0.9837
E182C;0.5958
E182D;0.547
E182G;0.8564
E182F;1.1136
E182I;0.1736
E182H;1.1451
E182K;0.51145
E182M;0.34335
E182L;0.43625
E182N;0.87165
E182Q;1.157
E182P;0.21715
E182S;0.5675
E182R;0.4284
E182T;0.59325
E182W;0.07765
E182V;1.0016
E182Y;1.07485
D183A;1.07145
D183C;0.7565
D183E;2.1555
D183G;0.4705
D183F;0.5126
D183I;0.16775
D183H;1.31285
D183K;1.33365
D183M;0.66815
D183L;0.1003
D183N;1.43865
D183Q;1.21265
D183P;0.07745
D183S;1.03575
D183R;1.7007
D183T;0.84525
D183W;0.11375
D183V;0.6201
D183Y;0.45775
L184A;0.71115
L184C;1.37135
L184E;0.09585
L184D;0.1739
L184G;0.10315
L184F;0.96715
L184I;0.8687
L184H;0.81625
L184K;1.29245
L184M;0.72745
L184N;0.21285
L184Q;1.8714
L184P;0.9582
L184S;0.4772
L184R;0.8918
L184T;1.05875
L184W;1.1569
L184V;1.1734
L184Y;1.4832
V185A;0.5643
V185C;1.22125
V185E;0.33215
V185D;0.06565
V185G;0.16075
V185F;0.14195
V185I;1.04055
V185H;0.09305
V185K;0.063
V185M;0.1849
V185L;0.1978
V185N;0.04895
V185Q;0.0561
V185P;0.0408
V185S;0.16535
V185R;1.0911
V185T;0.29405
V185W;0.10505
V185Y;0.2216
V186A;0.42075
V186C;0.93155
V186E;0.1861
V186D;0.05195
V186G;0.25335
V186F;0.03925
V186I;1.26635
V186H;0.08415
V186K;0.08475
V186M;0.2118
V186L;0.3068
V186N;0.08415
V186Q;0.1995
V186P;0.0447
V186S;0.07665
V186R;0.1757
V186T;0.65065
V186W;0.0819
V186Y;0.101
T187A;1.02525
T187C;1.38445
T187E;0.07795
T187D;0.03865
T187G;0.0911
T187F;0.0483
T187I;0.36365
T187H;0.0461
T187K;0.04105
T187M;0.0461
T187L;0.0507
T187N;0.3677
T187Q;0.0654
T187P;0.02855
T187S;1.55785
T187R;0.0365
T187W;0.05475
T187V;0.9303
T187Y;0.0821
H188A;0.0511
H188C;0.21035
H188E;0.13225
H188D;0.4403
H188G;0.0743
H188F;0.05375
H188I;0.05535
H188K;0.0511
H188M;0.0511
H188L;0.35365
H188N;0.41795
H188Q;0.53875
H188P;0.5352
H188S;0.33645
H188R;0.41235
H188T;0.2157
H188W;0.07295
H188V;0.05675
H188Y;0.32405
G189A;0.0547
G189C;0.3782
G189E;0.07215
G189D;0.2045
G189F;0.0853
G189I;0.0555
G189H;0.0465
G189K;0.05115
G189M;0.074
G189L;0.15035
G189N;0.0465
G189Q;0.0379
G189P;0.06395
G189S;0.1908
G189R;0.1597
G189T;0.15355
G189W;0.033
G189V;0.20275
G189Y;0.0787
D190A;0.30785
D190C;0.19155
D190E;0.2605
D190G;0.24865
D190F;0.0484
D190I;0.0508
D190H;0.04815
D190K;0.0462
D190M;0.07335
D190L;0.35325
D190N;0.12685
D190Q;0.28735
D190P;0.06775
D190S;0.0695
D190R;0.0726
D190T;0.09245
D190W;0.10165
D190V;0.16705
D190Y;0.52695
A191C;1.5252
A191E;0.4102
A191D;0.132
A191G;1.1609
A191F;3.4815
A191I;0.05095
A191H;3.7046
A191K;0.0329
A191M;2.25665
A191L;2.12375
A191N;0.10195
A191Q;0.06625
A191P;0.4418
A191S;1.02185
A191R;0.16145
A191T;0.87585
A191W;0.2652
A191V;0.2792
A191Y;2.0262
C192A;0.35315
C192E;0.23075
C192D;0.3904
C192G;0.98855
C192F;0.3239
C192I;3.502
C192H;0.3292
C192K;2.69185
C192M;0.61585
C192L;0.10085
C192N;2.3466
C192Q;0.67765
C192P;0.0938
C192S;1.6156
C192R;0.383
C192T;2.60325
C192W;0.08775
C192V;2.8526
C192Y;0.48105
L193A;0.1968
L193C;0.43325
L193E;0.0578
L193D;0.449
L193G;0.0861
L193F;1.9605
L193I;0.3919
L193H;0.0352
L193K;0.12145
L193M;1.0602
L193N;0.03925
L193Q;0.53395
L193P;1.05985
L193S;0.3307
L193R;0.8664
L193T;0.2134
L193W;0.0861
L193V;0.2884
L193Y;0.07885
P194A;1.1481
P194C;0.09735
P194E;0.04265
P194D;1.19755
P194G;0.7712
P194F;0.0579
P194I;0.1385
P194H;0.033
P194K;0.0682
P194M;0.093
P194L;0.3339
P194N;0.21405
P194Q;0.4325
P194S;0.9297
P194R;0.4836
P194T;0.66625
P194W;0.0379
P194V;0.05685
P194Y;0.0832
N195A;0.0841
N195C;0.0896
N195E;0.0673
N195D;0.8141
N195G;0.0886
N195F;0.0594
N195I;0.03735
N195H;0.13475
N195K;0.3777
N195M;0.0631
N195L;0.20615
N195Q;0.087
N195P;0.0439
N195S;0.93165
N195R;0.43965
N195T;0.36975
N195W;0.0841
N195V;0.16775
N195Y;0.16285
I196A;0.09725
I196C;0.63145
I196E;0.0859
I196D;0.1668
I196G;0.06065
I196F;1.5185
I196H;0.03555
I196K;0.0648
I196M;1.13935
I196L;1.5371
I196N;0.1034
I196Q;0.6396
I196P;0.06875
I196S;0.5571
I196R;0.7764
I196T;0.3696
I196W;0.1289
I196V;1.57835
I196Y;0.2016
M197A;0.0529
M197C;1.3943
M197E;0.0739
M197D;0.4104
M197G;0.09445
M197F;0.0478
M197I;0.99135
M197H;0.07645
M197K;0.2298
M197L;1.64025
M197N;0.0515
M197Q;0.92345
M197P;0.03185
M197S;0.03625
M197R;0.41425
M197T;0.2277
M197W;0.04205
M197V;1.6937
M197Y;0.0438
V198A;1.4434
V198C;2.4081
V198E;2.0907
V198D;0.0415
V198G;0.6954
V198F;0.3449
V198I;0.94695
V198H;1.5584
V198K;0.1292
V198M;0.54615
V198L;0.5892
V198N;0.4317
V198Q;2.1522
V198P;0.05225
V198S;1.36225
V198R;0.20835
V198T;2.81375
V198W;0.05905
V198Y;0.4008
E199A;1.047
E199C;2.16705
E199D;1.4102
E199G;1.267
E199F;3.63225
E199I;2.18465
E199H;1.9201
E199K;1.4023
E199M;2.74465
E199L;2.7907
E199N;3.2564
E199Q;1.92935
E199P;0.04
E199S;2.27075
E199R;1.94015
E199T;2.3429
E199W;1.3756
E199V;1.6564
E199Y;1.60895
N200A;1.66955
N200C;1.02245
N200E;1.0026
N200D;1.29725
N200G;2.063
N200F;0.40325
N200I;0.0696
N200H;3.50675
N200K;1.25985
N200M;1.30785
N200L;0.66375
N200Q;1.69755
N200P;0.07815
N200S;1.7304
N200R;1.2107
N200T;0.42115
N200W;0.2984
N200V;0.4292
N200Y;0.9293
G201A;2.16735
G201C;0.74945
G201E;1.6497
G201D;0.84125
G201F;0.32355
G201I;0.10145
G201H;1.08325
G201K;2.2963
G201M;1.4312
G201L;0.5616
G201N;2.3519
G201Q;0.85355
G201P;0.0633
G201S;1.3151
G201R;1.6827
G201T;1.30995
G201W;0.0628
G201V;0.43135
G201Y;0.6648
R202A;2.78025
R202C;1.499
R202E;2.00115
R202D;1.8343
R202G;1.45615
R202F;1.1348
R202I;1.71575
R202H;1.5538
R202K;1.71365
R202M;1.8417
R202L;0.99225
R202N;1.8485
R202Q;1.70555
R202P;0.0662
R202S;0.84255
R202T;2.141
R202W;0.27095
R202V;2.56855
R202Y;2.0965
F203A;0.05415
F203C;0.2759
F203E;0.33895
F203D;0.09685
F203G;0.05145
F203I;0.1297
F203H;0.07925
F203K;0.05415
F203M;0.6111
F203L;1.01665
F203N;0.147
F203Q;0.2079
F203P;0.04285
F203S;0.27055
F203R;0.0686
F203T;0.11195
F203W;0.6218
F203V;0.2886
F203Y;0.0872
S204A;1.67875
S204C;0.7757
S204E;0.4075
S204D;0.0939
S204G;1.5386
S204F;0.06885
S204I;0.63335
S204H;0.25815
S204K;1.4481
S204M;1.69665
S204L;0.2994
S204N;3.7096
S204Q;1.6822
S204P;0.26945
S204R;0.8575
S204T;1.6935
S204W;0.12905
S204V;1.6389
S204Y;0.10365
G205A;0.25805
G205C;0.31445
G205E;0.0603
G205D;0.1377
G205F;0.1336
G205I;0.0835
G205H;0.0603
G205K;0.0488
G205M;0.0732
G205L;0.09155
G205N;0.04455
G205Q;0.0732
G205P;0.0732
G205S;0.3761
G205R;0.1243
G205T;0.14635
G205W;0.03795
G205V;0.34935
G205Y;0.0786
F206A;0.0761
F206C;0.5189
F206E;0.1245
F206D;0.0418
F206G;0.0581
F206I;0.4603
F206H;0.03875
F206K;0.06535
F206M;0.9522
F206L;0.8356
F206N;0.0581
F206Q;0.05075
F206P;0.0615
F206S;0.31395
F206R;0.27385
F206T;0.0581
F206W;1.89035
F206V;0.9785
F206Y;1.5256
I207A;0.1976
I207C;0.1369
I207E;0.04575
I207D;0.0421
I207G;0.05265
I207F;0.3216
I207H;0.0773
I207K;0.05845
I207M;0.24215
I207L;0.381
I207N;0.12335
I207Q;0.56995
I207P;0.07015
I207S;0.0812
I207R;0.0351
I207T;0.36385
I207W;0.0811
I207V;1.02265
I207Y;0.04785
D208A;0.86495
D208C;0.0846
D208E;0.2077
D208G;0.20175
D208F;0.0691
D208I;0.04835
D208H;0.09675
D208K;0.06095
D208M;0.1296
D208L;0.0691
D208N;0.28505
D208Q;0.0324
D208P;0.1303
D208S;0.1194
D208R;0.09305
D208T;0.0983
D208W;0.1951
D208V;0.1131
D208Y;0.2915
C209A;3.3332
C209E;0.0435
C209D;0.13045
C209G;1.2419
C209F;0.22235
C209I;0.57645
C209H;0.0474
C209K;0.07455
C209M;0.68415
C209L;1.06955
C209N;0.0593
C209Q;0.08695
C209P;0.07455
C209S;0.57465
C209R;0.4519
C209T;2.08985
C209W;0.05435
C209V;1.87315
C209Y;0.1604
G210A;0.49355
G210C;0.5342
G210E;0.1284
G210D;0.2397
G210F;0.0604
G210I;0.07335
G210H;0.0639
G210K;0.0604
G210M;0.1027
G210L;0.19285
G210N;0.0447
G210Q;0.7095
G210P;0.16075
G210S;0.8769
G210R;0.11415
G210T;0.21335
G210W;0.0395
G210V;0.25865
G210Y;0.11415
R211A;0.05415
R211C;0.56995
R211E;0.1497
R211D;0.29705
R211G;0.3643
R211F;0.0572
R211I;0.1144
R211H;0.26485
R211K;0.07355
R211M;0.14705
R211L;0.54025
R211N;0.04475
R211Q;0.049
R211P;0.0895
R211S;0.43315
R211T;0.0757
R211W;0.0842
R211V;0.1029
R211Y;0.14705
L212A;0.22735
L212C;0.79265
L212E;0.047
L212D;0.06465
L212G;0.07385
L212F;0.04495
L212I;0.4316
L212H;0.14565
L212K;0.0608
L212M;0.9896
L212N;0.07385
L212Q;0.24345
L212P;0.2858
L212S;0.1231
L212R;0.2083
L212T;0.6724
L212W;0.0517
L212V;0.61265
L212Y;0.07385
G213A;0.07635
G213C;0.3372
G213E;0.0698
G213D;0.1548
G213F;0.04325
G213I;0.04945
G213H;0.059
G213K;0.07985
G213M;0.0522
G213L;0.0649
G213N;0.0415
G213Q;0.05405
G213P;0.09435
G213S;0.1468
G213R;0.3507
G213T;0.05655
G213W;0.075
G213V;0.3666
G213Y;0.0519
V214A;0.50775
V214C;0.87615
V214E;0.2207
V214D;0.0401
V214G;0.8318
V214F;0.68175
V214I;1.224
V214H;0.05495
V214K;2.039
V214M;0.9166
V214L;1.07725
V214N;0.05795
V214Q;1.14085
V214P;0.036
V214S;0.11815
V214R;1.19165
V214T;0.95655
V214W;0.1433
V214Y;1.3522
A215C;0.9922
A215E;0.4042
A215D;0.19785
A215G;1.30595
A215F;0.0621
A215I;0.1174
A215H;0.08125
A215K;0.07545
A215M;0.07545
A215L;0.0621
A215N;0.0503
A215Q;0.04775
A215P;0.19785
A215S;0.7953
A215R;0.27885
A215T;0.73305
A215W;0.11115
A215V;0.179
A215Y;0.0528
D216A;0.67395
D216C;1.75005
D216E;0.3845
D216G;0.5567
D216F;0.0641
D216I;0.08235
D216H;0.15825
D216K;0.0789
D216M;0.10255
D216L;0.16165
D216N;0.0993
D216Q;0.11985
D216P;0.1282
D216S;1.8107
D216R;0.057
D216T;0.18365
D216W;0.0759
D216V;0.2508
D216Y;0.31325
R217A;0.2595
R217C;0.35175
R217E;0.0798
R217D;0.12495
R217G;0.15065
R217F;0.4045
R217I;0.1257
R217H;0.27665
R217K;2.4879
R217M;0.32125
R217L;0.44415
R217N;0.11525
R217Q;0.1244
R217P;0.24805
R217S;0.46435
R217T;0.1205
R217W;0.1655
R217V;0.42165
R217Y;0.0648
Y218A;0.4077
Y218C;2.08935
Y218E;0.04575
Y218D;0.9694
Y218G;0.1052
Y218F;1.53905
Y218I;0.90325
Y218H;1.4958
Y218K;0.0363
Y218M;2.9683
Y218L;1.64715
Y218N;0.9599
Y218Q;0.5262
Y218P;0.04575
Y218S;0.4021
Y218R;0.09735
Y218T;1.5687
Y218W;1.6499
Y218V;0.5217
Q219A;0.8763
Q219C;1.04685
Q219E;0.2189
Q219D;0.0661
Q219G;1.1467
Q219F;0.0846
Q219I;1.6703
Q219H;0.8112
Q219K;0.5072
Q219M;2.1843
Q219L;1.20115
Q219N;0.92905
Q219P;0.26275
Q219S;0.75105
Q219R;0.8151
Q219T;1.4732
Q219W;0.03775
Q219V;1.2627
Q219Y;0.05565
D220A;0.54845
D220C;0.06655
D220E;0.1739
D220G;0.1766
D220F;0.05915
D220I;0.0288
D220H;0.1663
D220K;0.03945
D220M;0.1331
D220L;0.0876
D220N;0.22715
D220Q;0.0333
D220P;0.07605
D220S;0.11685
D220R;0.30615
D220T;0.21795
D220W;0.0819
D220V;0.18475
D220Y;0.3014
I221A;0.12355
I221C;0.193
I221E;0.0758
I221D;0.07755
I221G;0.0758
I221F;0.1415
I221H;0.0708
I221K;0.05055
I221M;0.9036
I221L;2.4602
I221N;0.2529
I221Q;0.3853
I221P;0.0758
I221S;0.51465
I221R;0.06625
I221T;0.1615
I221W;0.0745
I221V;1.67475
I221Y;0.06245
A222C;0.4775
A222E;0.27955
A222D;0.34225
A222G;1.24495
A222F;0.07235
A222I;0.0888
A222H;0.0627
A222K;0.07105
A222M;0.0761
A222L;0.08165
A222N;0.0507
A222Q;0.22215
A222P;0.1022
A222S;0.9021
A222R;0.0888
A222T;0.78225
A222W;0.1486
A222V;0.5308
A222Y;0.3552
L223A;0.0881
L223C;0.13205
L223E;0.35225
L223D;0.11585
L223G;0.0664
L223F;0.0915
L223I;2.36455
L223H;0.0774
L223K;0.13205
L223M;0.5201
L223N;0.16685
L223Q;0.07315
L223P;0.6555
L223S;0.09605
L223R;0.51085
L223T;0.09925
L223W;0.1112
L223V;0.53115
L223Y;0.0695
A224C;2.2507
A224E;0.3231
A224D;0.24535
A224G;0.1155
A224F;0.0724
A224I;0.72935
A224H;0.06255
A224K;0.0748
A224M;0.2652
A224L;0.06545
A224N;0.1311
A224Q;0.04915
A224P;0.11365
A224S;0.4463
A224R;0.1619
A224T;1.22825
A224W;0.0551
A224V;0.64435
A224Y;0.1705
T225A;1.24215
T225C;2.613
T225E;0.37905
T225D;0.48715
T225G;0.27065
T225F;1.6445
T225I;1.24995
T225H;2.92275
T225K;0.1923
T225M;2.6473
T225L;2.178
T225N;0.2906
T225Q;1.72935
T225P;0.04115
T225S;1.1697
T225R;0.8662
T225W;2.0899
T225V;2.1191
T225Y;1.68785
R226A;0.1065
R226C;0.2993
R226E;0.09235
R226D;0.0875
R226G;0.2844
R226F;0.03745
R226I;0.12285
R226H;0.2125
R226K;0.0456
R226M;0.0404
R226L;0.26675
R226N;0.0882
R226Q;0.0602
R226P;0.1108
R226S;0.41445
R226T;0.2832
R226W;0.03885
R226V;0.14995
R226Y;0.0656
D227A;1.49795
D227C;2.2105
D227E;1.30325
D227G;0.6524
D227F;0.7486
D227I;0.42825
D227H;0.87445
D227K;0.14575
D227M;1.0266
D227L;0.25265
D227N;1.2886
D227Q;2.11425
D227P;0.17975
D227S;2.618
D227R;0.1336
D227T;1.4251
D227W;0.0465
D227V;1.8401
D227Y;0.6079
I228A;0.07105
I228C;0.07245
I228E;0.07105
I228D;0.06215
I228G;0.07105
I228F;0.12065
I228H;0.16315
I228K;0.14015
I228M;0.0761
I228L;0.8311
I228N;0.1122
I228Q;0.5309
I228P;0.07795
I228S;0.37315
I228R;0.3172
I228T;0.68505
I228W;0.0381
I228V;0.82665
I228Y;0.0381
A229C;2.359
A229E;1.18045
A229D;0.7323
A229G;1.06155
A229F;1.1245
A229I;1.36935
A229H;1.775
A229K;3.573
A229M;1.4679
A229L;0.7357
A229N;1.6891
A229Q;1.82675
A229P;0.11565
A229S;0.7957
A229R;1.52835
A229T;2.1118
A229W;0.9902
A229V;0.7023
A229Y;2.16815
E230A;1.09285
E230C;2.68585
E230D;1.39175
E230G;1.86775
E230F;2.39705
E230I;0.0964
E230H;2.8362
E230K;0.67195
E230M;0.577
E230L;0.0718
E230N;1.35985
E230Q;1.39995
E230P;0.1077
E230S;1.6682
E230R;0.2991
E230T;2.0346
E230W;1.34345
E230V;0.45585
E230Y;1.63285
E231A;2.02085
E231C;1.5548
E231D;1.05155
E231G;0.7867
E231F;1.94355
E231I;3.744
E231H;2.253
E231K;2.14675
E231M;2.03955
E231L;1.6146
E231N;1.8677
E231Q;1.21345
E231P;0.04835
E231S;1.42715
E231R;1.97985
E231T;2.0478
E231W;
E231V;2.5944
E231Y;2.24485
L232A;0.0485
L232C;1.3993
L232E;0.0751
L232D;0.0465
L232G;0.06405
L232F;
L232I;1.1161
L232H;0.82695
L232K;0.0369
L232M;1.1376
L232N;0.10185
L232Q;0.12585
L232P;0.85235
L232S;0.0594
L232R;0.17795
L232T;0.17755
L232W;1.6444
L232V;0.3488
L232Y;1.9829
G233A;0.13275
G233C;0.3585
G233E;0.07955
G233D;0.19655
G233F;0.07
G233I;0.06305
G233H;0.03715
G233K;0.05955
G233M;0.05955
G233L;0.6086
G233N;0.06735
G233Q;0.07215
G233P;0.0447
G233S;0.3581
G233R;0.16465
G233T;0.2822
G233W;0.06965
G233V;0.4798
G233Y;0.0921
G234A;3.35895
G234C;1.05545
G234E;1.67055
G234D;2.77055
G234F;2.09135
G234I;2.6557
G234H;2.77435
G234K;2.40385
G234M;2.37665
G234L;3.59735
G234N;1.9467
G234Q;3.7805
G234P;
G234S;1.7891
G234R;2.2116
G234T;1.78785
G234W;1.82765
G234V;1.22315
G234Y;2.62455
E235A;1.246
E235C;1.58945
E235D;2.8106
E235G;1.51465
E235F;2.8654
E235I;2.31165
E235H;3.1179
E235K;1.234
E235M;1.28495
E235L;2.30725
E235N;
E235Q;1.89135
E235P;1.97345
E235S;1.75735
E235R;1.481
E235T;1.54325
E235W;2.86285
E235V;2.27605
E235Y;2.5992
W236A;1.5977
W236C;0.42985
W236E;0.11215
W236D;0.11765
W236G;0.3698
W236F;1.62975
W236I;0.07015
W236H;0.3964
W236K;0.0562
W236M;1.90095
W236L;0.5309
W236N;0.0427
W236Q;0.1797
W236P;0.1489
W236S;0.1509
W236R;0.64965
W236T;0.05335
W236V;0.1753
W236Y;1.0555
A237C;1.0302
A237E;0.42095
A237D;0.1393
A237G;0.406
A237F;0.07705
A237I;1.2853
A237H;0.10925
A237K;0.26785
A237M;0.39295
A237L;0.8557
A237N;0.1468
A237Q;0.37205
A237P;0.13525
A237S;0.857
A237R;0.2595
A237T;0.65385
A237W;0.08515
A237V;1.734
A237Y;0.07705
D238A;2.552
D238C;4.1702
D238E;3.03295
D238G;1.2767
D238F;2.2925
D238I;2.6203
D238H;1.4507
D238K;3.40325
D238M;2.71015
D238L;2.3447
D238N;1.75145
D238Q;2.5881
D238P;0.26925
D238S;1.94045
D238R;2.60695
D238T;2.5876
D238W;3.1951
D238V;2.0479
D238Y;1.259
R239A;2.1937
R239C;0.86855
R239E;2.73435
R239D;1.00915
R239G;0.73585
R239F;2.46665
R239I;1.3458
R239H;2.1472
R239K;2.2152
R239M;3.1933
R239L;0.6868
R239N;2.3289
R239Q;3.67205
R239P;0.06135
R239S;0.59745
R239T;1.84575
R239W;1.38065
R239V;2.451
R239Y;1.62025
F240A;0.07775
F240C;0.7082
F240E;0.07625
F240D;0.0837
F240G;0.1187
F240I;0.08435
F240H;0.12095
F240K;0.14835
F240M;0.0495
F240L;0.2215
F240N;0.05725
F240Q;1.0731
F240P;0.04945
F240S;0.37355
F240R;0.8209
F240T;0.13605
F240W;0.08525
F240V;0.96665
F240Y;0.0614
L241A;0.75765
L241C;1.8295
L241E;0.1188
L241D;0.39595
L241G;0.1992
L241F;0.4198
L241I;1.85505
L241H;0.80235
L241K;0.8084
L241M;1.29845
L241N;0.62305
L241Q;0.3648
L241P;0.46385
L241S;0.81025
L241R;1.12145
L241T;0.7959
L241W;0.1866
L241V;1.421
L241Y;0.1268
V242A;2.23005
V242C;2.7266
V242E;3.64265
V242D;2.2016
V242G;1.78475
V242F;2.44365
V242I;2.39255
V242H;2.99715
V242K;3.582
V242M;2.11725
V242L;0.79265
V242N;2.36035
V242Q;1.73675
V242P;0.3246
V242S;2.90165
V242R;2.2577
V242T;2.09995
V242W;2.9763
V242Y;3.6117
L243A;1.57095
L243C;2.2951
L243E;2.8634
L243D;1.2909
L243G;1.0134
L243F;1.385
L243I;2.0062
L243H;2.4173
L243K;2.32415
L243M;1.23215
L243N;1.585
L243Q;2.8572
L243P;0.3442
L243S;0.8035
L243R;1.05655
L243T;1.89095
L243W;1.60035
L243V;0.9025
L243Y;3.1546
Y244A;0.87585
Y244C;1.10045
Y244E;0.08715
Y244D;0.1035
Y244G;0.07325
Y244F;0.23525
Y244I;1.1171
Y244H;0.54825
Y244K;0.07325
Y244M;2.8419
Y244L;2.5965
Y244N;0.72885
Y244Q;0.32485
Y244P;0.04815
Y244S;0.8228
Y244R;0.20235
Y244T;1.3408
Y244W;0.0923
Y244V;1.8527
G245A;0.44455
G245C;0.55765
G245E;0.8312
G245D;0.7926
G245F;0.21055
G245I;0.15275
G245H;0.2899
G245K;0.6259
G245M;0.06545
G245L;0.3881
G245N;1.2957
G245Q;1.3611
G245P;0.14625
G245S;0.82545
G245R;0.67645
G245T;0.1133
G245W;0.0491
G245V;0.58035
G245Y;0.0508
I246A;1.87115
I246C;2.7163
I246E;2.891
I246D;1.60165
I246G;1.6969
I246F;2.70735
I246H;1.35055
I246K;1.9962
I246M;2.2079
I246L;1.7689
I246N;1.56875
I246Q;3.83975
I246P;0.3235
I246S;1.5141
I246R;1.5526
I246T;1.20575
I246W;2.1101
I246V;1.4247
I246Y;1.4796
A247C;1.4749
A247E;0.97215
A247D;1.8417
A247G;1.4273
A247F;
A247I;2.018
A247H;3.65605
A247K;3.0309
A247M;3.46425
A247L;2.2582
A247N;2.1334
A247Q;3.7545
A247P;2.0738
A247S;1.3589
A247R;3.8224
A247T;2.52105
A247W;2.26035
A247V;1.27485
A247Y;2.59175
A248C;2.7439
A248E;1.78605
A248D;1.80945
A248G;1.24755
A248F;2.60575
A248I;1.8162
A248H;
A248K;4.29385
A248M;3.5025
A248L;2.8977
A248N;2.5597
A248Q;3.91825
A248P;2.1565
A248S;0.8745
A248R;2.3878
A248T;1.9812
A248W;2.821
A248V;1.82125
A248Y;2.45485
P249A;1.7681
P249C;2.76765
P249E;2.4667
P249D;1.57195
P249G;2.4018
P249F;1.72365
P249I;2.67555
P249H;2.35485
P249K;2.2532
P249M;2.0736
P249L;1.73455
P249N;2.874
P249Q;0.91255
P249S;1.81505
P249R;1.50025
P249T;0.79725
P249W;1.8335
P249V;2.5453
P249Y;
D250A;1.6059
D250C;3.1622
D250E;2.3408
D250G;0.2643
D250F;0.56435
D250I;1.50865
D250H;1.33015
D250K;1.30965
D250M;1.97955
D250L;1.52815
D250N;2.4097
D250Q;1.56295
D250P;1.44495
D250S;3.5121
D250R;1.4732
D250T;1.2383
D250W;0.1654
D250V;1.6453
D250Y;0.52105
S251A;2.8068
S251C;2.2735
S251E;2.0438
S251D;1.9173
S251G;1.07435
S251F;2.48105
S251I;1.8803
S251H;2.75875
S251K;2.2721
S251M;2.8058
S251L;2.01775
S251N;2.79395
S251Q;3.92705
S251P;3.418
S251R;0.9854
S251T;2.3882
S251W;
S251V;2.7917
S251Y;2.59115
Q252A;2.5446
Q252C;2.03315
Q252E;1.94695
Q252D;3.2181
Q252G;2.2944
Q252F;3.7025
Q252I;4.1467
Q252H;1.6457
Q252K;1.0643
Q252M;2.3321
Q252L;1.26235
Q252N;2.66805
Q252P;2.46215
Q252S;2.41665
Q252R;1.61875
Q252T;2.58195
Q252W;3.4418
Q252V;2.2989
Q252Y;1.76945
R253A;1.6171
R253C;0.9507
R253E;0.08595
R253D;0.0738
R253G;1.0156
R253F;0.0781
R253I;0.7339
R253H;1.4248
R253K;1.82735
R253M;2.86115
R253L;1.56285
R253N;1.6424
R253Q;2.4212
R253P;0.1341
R253S;0.8563
R253T;1.18005
R253W;0.0373
R253V;0.53105
R253Y;1.4328
I254A;1.95975
I254C;2.4816
I254E;1.4841
I254D;1.7928
I254G;1.96345
I254F;1.77795
I254H;1.30115
I254K;1.0721
I254M;1.9968
I254L;1.84455
I254N;1.4546
I254Q;2.5348
I254P;0.20675
I254S;1.9724
I254R;1.14425
I254T;1.7359
I254W;0.5924
I254V;1.6145
I254Y;1.1978
A255C;2.3442
A255E;1.05
A255D;2.70175
A255G;1.71005
A255F;1.11805
A255I;0.7235
A255H;2.1578
A255K;1.5274
A255M;2.061
A255L;0.9479
A255N;2.646
A255Q;1.5968
A255P;1.39165
A255S;1.31035
A255R;1.4581
A255T;1.18485
A255W;1.44805
A255V;0.7239
A255Y;3.5247
F256A;1.5157
F256C;0.09075
F256E;0.17995
F256D;0.06605
F256G;0.046
F256I;0.10495
F256H;0.05815
F256K;0.09205
F256M;0.20205
F256L;0.85785
F256N;0.06315
F256Q;0.0789
F256P;0.0614
F256S;0.407
F256R;0.1105
F256T;0.4436
F256W;
F256V;0.46015
F256Y;2.20435
Y257A;0.0659
Y257C;0.35175
Y257E;0.07465
Y257D;0.33805
Y257G;0.12285
Y257F;1.1856
Y257I;0.07465
Y257H;0.6577
Y257K;0.0373
Y257M;0.06225
Y257L;0.06225
Y257N;0.08035
Y257Q;0.2358
Y257P;0.09095
Y257S;0.1745
Y257R;0.0329
Y257T;0.08615
Y257W;0.2425
Y257V;0.08705
R258A;0.4134
R258C;0.2698
R258E;0.20995
R258D;0.13965
R258G;0.25315
R258F;0.06055
R258I;0.05865
R258H;0.52305
R258K;3.30205
R258M;0.1961
R258L;0.3974
R258N;0.8265
R258Q;0.67315
R258P;0.1723
R258S;0.5611
R258T;0.57395
R258W;0.101
R258V;0.0782
R258Y;0.05865
L259A;0.1253
L259C;1.31325
L259E;0.04465
L259D;0.1583
L259G;0.0903
L259F;0.03605
L259I;1.83215
L259H;0.04655
L259K;0.10125
L259M;1.11495
L259N;0.28525
L259Q;0.11495
L259P;0.2679
L259S;0.098
L259R;0.17945
L259T;0.7076
L259W;0.1131
L259V;0.2481
L259Y;0.04655
L260A;0.045
L260C;0.46615
L260E;0.08255
L260D;0.0805
L260G;0.12635
L260F;0.74855
L260I;0.2
L260H;0.0479
L260K;0.0572
L260M;1.37175
L260N;0.04955
L260Q;0.06115
L260P;0.4112
L260S;0.11435
L260R;0.27765
L260T;0.0626
L260W;0.05635
L260V;0.1582
L260Y;0.10245
D261A;0.14165
D261C;0.0766
D261E;0.1761
D261G;0.361
D261F;0.05755
D261I;0.042
D261H;0.13725
D261K;0.06295
D261M;0.1511
D261L;0.05985
D261N;0.13245
D261Q;0.15195
D261P;0.06295
D261S;0.18885
D261R;0.12335
D261T;0.09975
D261W;0.0708
D261V;0.35545
D261Y;0.53135
E262A;0.13055
E262C;0.21025
E262D;0.064
E262G;0.4598
E262F;0.0658
E262I;0.05325
E262H;0.05595
E262K;0.40655
E262M;0.08295
E262L;0.03725
E262N;0.1923
E262Q;0.15075
E262P;0.1243
E262S;0.12265
E262R;0.1815
E262T;0.0589
E262W;0.09325
E262V;0.12785
E262Y;0.05085
F263A;0.11305
F263C;0.10355
F263E;0.06215
F263D;0.12255
F263G;0.06125
F263I;0.1142
F263H;0.06215
F263K;0.04865
F263M;0.0947
F263L;0.26085
F263N;0.06395
F263Q;0.05885
F263P;0.0988
F263S;0.3709
F263R;0.03995
F263T;0.1042
F263W;0.1326
F263V;0.15035
F263Y;0.62095
F264A;0.0434
F264C;0.1537
F264E;0.0806
F264D;0.0364
F264G;0.0705
F264I;0.1046
F264H;0.08255
F264K;0.0646
F264M;0.06785
F264L;0.56925
F264N;0.0929
F264Q;0.1
F264P;0.04905
F264S;0.67715
F264R;0.1254
F264T;0.08255
F264W;0.5918
F264V;0.2563
F264Y;2.2807
