mutant;linear
G126A;0.711743232
G126C;0.449026715
G126E;0.588928368
G126D;0.229852843
G126N;0.679434676
G126S;0.721788343
G126R;0.313689694
G126W;0.226031523
G126V;0.230314981
N127A;0.062650042
N127C;0.024995925
N127E;0.027818045
N127D;0.092973688
N127G;0.062339233
N127F;0.040344299
N127I;0.059962776
N127H;0.047049254
N127K;0.106342179
N127L;0.029995109
N127Q;0.135272062
N127P;0.042361514
N127S;0.090002529
N127R;0.07300397
N127T;0.044739787
N127V;0.022768565
N127Y;0.042368631
I128A;0.413213877
I128C;0.809561882
I128G;0.034152847
I128F;0.055125025
I128H;0.167680994
I128K;0.025665458
I128M;0.819935615
I128L;0.956552144
I128N;0.421403732
I128P;0.032117668
I128S;0.104905837
I128R;0.024334657
I128T;0.826977841
I128V;0.90688375
I128Y;0.082129466
F129A;0.047908855
F129C;0.056152415
F129G;0.040109739
F129I;0.153378856
F129H;0.185828287
F129M;0.021292825
F129L;0.096322196
F129N;0.100860748
F129S;0.061435844
F129R;0.051102779
F129T;0.13853163
F129W;0.045387337
F129V;0.058542172
F129Y;1.039766256
I130A;0.717802041
I130C;0.781004736
I130D;0.032851787
I130G;0.065703573
I130F;0.461896214
I130H;0.071227325
I130K;0.106464123
I130M;0.927107068
I130L;1.024281564
I130N;0.103044032
I130P;0.089429863
I130S;0.126146252
I130R;0.035198343
I130T;0.689047215
I130V;0.858048625
I130Y;0.085171298
K131A;0.335507607
K131C;0.281065285
K131E;0.100301621
K131D;0.025896679
K131G;0.313585235
K131I;0.061160241
K131H;0.216409582
K131M;0.062306421
K131L;0.054954275
K131N;0.143878782
K131Q;0.114325622
K131P;0.014836291
K131S;0.329209482
K131R;0.854050198
K131T;0.059495756
K131W;0.158917179
K131V;0.042585649
K131Y;0.158855678
N132A;1.029255513
N132C;0.825419333
N132E;0.587541567
N132D;0.598524468
N132G;0.86042151
N132F;0.808959012
N132I;0.299041464
N132H;0.922015851
N132K;1.024934487
N132M;0.753460769
N132L;0.730610044
N132Q;0.870906516
N132P;0.758048149
N132S;0.938513912
N132R;1.094081819
N132T;0.640878512
N132V;0.448707328
N132Y;0.817462946
L133A;0.390502368
L133C;0.590368291
L133E;0.051484143
L133F;0.924148958
L133I;1.03835111
L133K;0.057490626
L133M;0.946810993
L133Q;0.070396685
L133P;0.046457072
L133S;0.098464609
L133R;0.023307011
L133T;0.451372687
L133W;0.056352735
L133V;0.962821986
L133Y;0.082129466
H134A;0.838181095
H134C;0.976194112
H134E;0.818849121
H134D;1.064959529
H134G;0.890065722
H134F;0.793696502
H134I;0.99352733
H134K;0.79034223
H134M;0.628248082
H134L;1.03217468
H134N;1.101929197
H134Q;0.900618222
H134P;1.040896517
H134S;0.867543922
H134R;0.829494074
H134T;0.901523962
H134V;1.051100483
H134Y;0.799517398
P135A;1.02701377
P135C;1.012823145
P135D;0.969880033
P135G;0.782346669
P135F;1.03413017
P135I;0.933977412
P135H;0.990642162
P135L;1.047671732
P135N;0.941100683
P135Q;1.153664496
P135S;1.024196828
P135R;1.040147459
P135T;1.059721172
P135V;1.112721801
P135Y;0.885318911
D136A;0.972866638
D136C;0.984371877
D136E;0.853471763
D136G;0.813717785
D136F;1.003417299
D136I;0.855232459
D136H;1.088617273
D136K;0.636503364
D136L;1.107347861
D136N;0.881276303
D136Q;0.884471175
D136P;0.245553184
D136S;0.93986799
D136R;0.734217638
D136T;0.78311556
D136V;0.905118948
D136Y;0.944138144
I137A;0.387930671
I137C;0.538329846
I137D;0.060516449
I137G;0.029331952
I137F;0.585169946
I137H;0.234221071
I137K;0.102121507
I137M;0.584683917
I137L;0.801001824
I137N;0.165554164
I137P;0.058555268
I137S;0.205772789
I137R;0.049803556
I137T;0.431186569
I137V;0.770355557
I137Y;0.440582371
D138A;0.58302597
D138C;0.858526688
D138E;0.754585957
D138G;0.738283904
D138F;0.386337009
D138I;0.565481571
D138H;0.913983673
D138K;0.441152562
D138L;0.605789658
D138N;0.934821971
D138Q;0.625732948
D138P;0.871342306
D138S;0.739296394
D138R;0.530682705
D138T;0.624096105
D138V;0.524002923
D138Y;0.420693789
N139A;0.886224774
N139C;0.705984892
N139E;0.399739512
N139D;0.857708691
N139G;0.932490199
N139F;0.324606938
N139I;0.610538282
N139H;0.883681273
N139K;0.376005045
N139M;0.824294826
N139L;0.597216059
N139Q;0.861258043
N139P;0.740499649
N139S;0.884585633
N139R;0.236474112
N139T;0.855969815
N139V;0.812501358
N139Y;0.472952659
K140A;0.689887517
K140E;0.316643211
K140D;0.206325245
K140G;0.771584723
K140I;0.55185413
K140H;0.814977012
K140M;0.656502579
K140L;0.683379144
K140N;0.599387918
K140Q;0.68855667
K140P;0.766541685
K140S;0.641612356
K140R;1.046506186
K140T;0.552503623
K140W;0.774086387
K140V;0.636673053
K140Y;0.616613546
A141C;1.510538027
A141E;0.463959441
A141D;0.658949394
A141G;0.780726033
A141F;0.551117039
A141I;0.704723808
A141H;0.56905976
A141L;0.876523753
A141N;0.763009235
A141P;0.29623595
A141S;1.063916034
A141R;0.452682098
A141T;1.052043271
A141V;0.828612388
A141Y;0.610235699
L142A;0.723566236
L142C;0.966161916
L142G;0.032237734
L142F;1.054158376
L142I;0.8042288
L142K;0.078396309
L142M;0.964769752
L142Q;0.335900289
L142P;0.08623594
L142S;0.093146364
L142R;0.037331576
L142T;0.544107714
L142W;0.050678887
L142V;0.839189264
L142Y;0.263092697
Y143A;0.894298633
Y143C;0.727607702
Y143E;0.380179949
Y143D;0.721637609
Y143G;0.537349573
Y143F;1.004412883
Y143I;0.683098956
Y143H;1.003854744
Y143K;0.911113319
Y143L;0.881613546
Y143N;1.036783632
Y143Q;0.81081005
Y143P;0.097291829
Y143S;0.848158596
Y143R;1.011734604
Y143T;0.475129144
Y143W;0.7475208
Y143V;0.591982688
D144A;0.955474543
D144C;0.961318671
D144E;1.056912048
D144G;0.876154052
D144F;0.871464246
D144I;0.922875845
D144H;0.971402937
D144K;0.975308756
D144L;0.81366515
D144N;0.974213448
D144Q;1.005051958
D144P;0.127014175
D144S;1.163182441
D144R;0.853146155
D144T;1.142394383
D144V;0.970700926
D144Y;0.886877396
T145A;1.042326875
T145C;0.930382656
T145D;0.22254436
T145G;0.708788545
T145F;0.548420068
T145I;0.625987605
T145H;0.589369315
T145K;0.581414637
T145M;0.86111501
T145L;0.503284945
T145N;0.556583587
T145P;0.153468732
T145S;1.071077191
T145R;0.440078341
T145V;0.722802846
T145Y;0.399052583
F146A;0.845881191
F146C;0.94752414
F146D;0.0615971
F146G;0.79223008
F146I;0.94300666
F146H;0.206966255
F146M;1.03791802
F146L;1.039454452
F146N;0.238807217
F146P;0.159696184
F146S;0.684864649
F146R;0.125760745
F146T;0.717802041
F146W;0.563633592
F146V;0.864084052
F146Y;0.689853849
S147A;0.865589756
S147C;0.845823207
S147D;0.811952923
S147G;0.9655477
S147F;0.844121677
S147I;0.844393575
S147H;0.919243261
S147L;1.126165998
S147N;0.99209488
S147P;0.075353175
S147R;0.892617621
S147T;1.026427831
S147W;0.805151279
S147V;0.87350099
S147Y;0.819478629
V148A;0.816810377
V148E;0.883449633
V148D;0.60885311
V148G;0.610404245
V148F;0.745689082
V148I;1.06870542
V148K;0.604988569
V148M;1.019467233
V148L;1.056643212
V148Q;0.676788387
V148P;0.566106678
V148S;0.763320922
V148R;0.515696649
V148T;0.865385219
V148W;0.572615801
F149A;0.15570378
F149C;0.362425353
F149D;0.017965821
F149G;0.049077364
F149I;0.717010059
F149H;0.389878961
F149M;1.027017015
F149L;0.776265487
F149N;0.174971472
F149P;0.057490626
F149S;0.107162606
F149R;0.129192419
F149T;0.084723028
F149W;0.950587585
F149V;0.39866903
F149Y;0.556732409
G150A;0.61725798
G150C;0.30304445
G150E;0.052699741
G150D;0.110568142
G150F;0.021491823
G150I;0.043553505
G150H;0.01493263
G150L;0.083840497
G150N;0.170576584
G150P;0.010266183
G150S;0.656831779
G150R;0.043596584
G150T;0.083244346
G150W;0.07734165
G150V;0.045810772
G150Y;0.016425893
D151A;0.985499615
D151C;0.779644302
D151E;0.974267953
D151G;0.939305973
D151F;1.026198483
D151I;0.787920781
D151H;0.928274298
D151K;0.886870084
D151L;0.768902536
D151N;0.978529947
D151Q;1.167344463
D151P;0.721221344
D151S;0.953835101
D151R;0.714340762
D151T;0.794847604
D151V;0.972492756
D151Y;0.90186952
I152A;0.166685406
I152C;0.299788321
I152D;0.016961958
I152G;0.101065002
I152F;0.055499654
I152H;0.031915264
I152K;0.028110795
I152M;0.24905574
I152L;0.591959775
I152N;0.046778139
I152P;0.135961886
I152S;0.045343821
I152R;0.032340801
I152T;0.29395153
I152V;0.817004047
I152Y;0.04883678
L153A;0.505038708
L153C;0.499949213
L153E;0.135758958
L153G;0.438085846
L153F;0.772661842
L153I;0.415810295
L153K;0.650093798
L153M;0.972176869
L153Q;0.723858235
L153P;0.226452702
L153S;0.824983633
L153R;0.806419965
L153T;0.67022054
L153W;0.803164604
L153V;0.512878592
L153Y;0.700104833
S154A;0.257897555
S154C;0.404591627
S154D;0.028875715
S154G;0.127053146
S154F;0.070660163
S154I;0.101802703
S154H;0.022458889
S154L;0.07725642
S154P;0.049251684
S154R;0.2115314
S154T;0.200400876
S154W;0.109150202
S154V;0.072404778
S154Y;0.067566871
S155A;0.786918337
S155C;0.924188721
S155E;0.388711547
S155D;0.25504816
S155G;0.816967431
S155F;0.307386642
S155I;0.306362715
S155H;0.56307644
S155K;0.070102892
S155M;0.331326502
S155L;0.736899149
S155N;0.694240428
S155P;0.378545245
S155R;0.179943344
S155T;0.533335269
S155W;0.655690014
S155V;0.501689579
S155Y;0.614475213
K156A;0.375917056
K156E;0.058984989
K156D;0.036792203
K156G;0.052729566
K156I;0.679441262
K156H;0.27177372
K156M;0.443346243
K156L;0.689604907
K156N;0.204442564
K156Q;0.312454193
K156P;0.015957632
K156S;0.252459564
K156R;0.674010415
K156T;0.355056914
K156W;0.369106964
K156V;0.447057943
K156Y;0.215384431
I157A;0.602426679
I157C;1.10459777
I157D;0.036383401
I157G;0.062730001
I157F;0.273047529
I157H;0.492406928
I157K;0.346071068
I157M;0.999693578
I157L;0.95752698
I157N;0.289647474
I157P;0.06530354
I157S;0.397814363
I157R;0.499582681
I157T;0.762126235
I157V;0.947624659
I157Y;0.071522925
A158C;1.1008311
A158E;0.550044038
A158D;0.487228761
A158G;0.814387559
A158F;0.243441246
A158I;0.515670247
A158H;0.514612065
A158L;0.153929772
A158N;0.764357159
A158P;0.909068129
A158S;0.873176233
A158R;0.708630189
A158T;0.650884395
A158V;0.953042213
A158Y;0.051607661
T159A;0.992654158
T159C;1.05515571
T159D;0.853797138
T159G;0.945198401
T159F;0.802826214
T159I;0.945462092
T159H;0.420813759
T159K;0.510204011
T159M;1.219970421
T159L;1.001949061
T159N;0.896891167
T159P;0.910218364
T159S;0.990831397
T159R;0.821232596
T159V;1.036926922
T159Y;1.106177215
D160A;1.025337891
D160C;1.046561443
D160E;0.944627341
D160G;1.024528557
D160F;0.977707948
D160I;0.881039942
D160H;0.992290341
D160K;0.964204708
D160L;1.009591749
D160N;1.006409096
D160Q;0.911472908
D160P;0.308915667
D160S;1.071382818
D160R;0.914596507
D160T;1.029846726
D160V;0.870921701
D160Y;1.009465022
E161A;1.052363798
E161D;0.993208092
E161G;1.028314888
E161I;1.03483935
E161H;1.033061024
E161K;1.050292222
E161L;0.91219128
E161N;1.172448368
E161Q;1.034312066
E161P;0.952355475
E161S;0.87054347
E161R;1.058685622
E161T;1.205067593
E161V;1.045318696
E161Y;1.033936888
N162A;0.995565693
N162C;0.930140613
N162E;1.069397165
N162D;0.989847862
N162G;0.999849181
N162F;1.054076389
N162I;0.927742375
N162H;1.02679722
N162K;1.029582958
N162M;1.109808137
N162L;1.022490273
N162Q;0.95049673
N162P;0.601473337
N162S;0.97850183
N162R;0.956866247
N162T;0.986947454
N162V;1.009006688
N162Y;0.914194103
G163A;0.980699132
G163C;0.811060251
G163E;0.899167118
G163D;0.914647645
G163I;0.990883365
G163K;0.798985583
G163L;1.24768601
G163Q;0.93694096
G163P;0.120352216
G163S;0.907074665
G163R;1.048650991
G163T;0.735409164
G163W;0.775103363
G163V;0.795389889
K164A;0.718307633
K164E;0.927805075
K164D;0.886599116
K164G;1.011658151
K164F;1.109250023
K164I;0.942820692
K164H;0.777560865
K164M;1.03805748
K164L;0.830377137
K164N;0.958185783
K164Q;0.936046115
K164P;0.451145834
K164S;0.927686214
K164R;0.950060586
K164T;0.942795106
K164V;0.799731756
K164Y;0.804570763
S165A;0.927940267
S165C;0.654068404
S165D;0.321296201
S165G;0.721892872
S165F;0.86120174
S165I;0.45479251
S165H;1.004333459
S165L;0.82349261
S165N;1.106661773
S165P;0.912190993
S165R;0.65505094
S165T;0.891848648
S165W;0.523700466
S165V;0.836538037
S165Y;0.74468591
K166A;0.502166729
K166E;0.440687382
K166D;0.335198924
K166G;0.394763968
K166I;0.480997571
K166H;0.595108338
K166M;0.702864036
K166L;0.740202334
K166N;0.506050927
K166Q;0.654938649
K166P;0.167840093
K166S;0.470956104
K166R;1.039985649
K166T;0.142179708
K166W;0.325380007
K166V;0.658552595
K166Y;0.680785084
G167A;0.957030772
G167C;1.121656878
G167E;0.850222628
G167D;0.339047675
G167F;0.716460807
G167I;0.099408199
G167H;1.055237522
G167L;1.102047936
G167N;1.061182522
G167P;0.781173017
G167S;1.031980323
G167R;1.139924376
G167T;0.841965989
G167W;0.494095566
G167V;0.18227928
G167Y;0.786489499
F168A;0.249690005
F168C;0.236891436
F168D;0.031915264
F168I;0.232343721
F168H;0.804125887
F168M;0.665550014
F168L;0.094666101
F168N;0.050885875
F168P;0.014437857
F168S;0.208596807
F168R;0.228146737
F168T;0.113281651
F168W;0.15067873
F168V;0.294287439
F168Y;0.870284839
G169A;1.044262046
G169C;0.65024841
G169E;0.037672642
G169D;0.038082465
G169K;0.013475334
G169M;0.062460774
G169L;0.023713576
G169Q;0.011369813
G169P;0.043941305
G169S;0.455809943
G169R;0.034884791
G169T;0.02181259
G169W;0.049860563
G169V;0.04447894
F170A;0.164348695
F170C;0.126042227
F170G;0.012766106
F170I;0.042800271
F170H;0.635970013
F170M;0.315486696
F170L;0.049255932
F170N;0.292366613
F170S;0.061896926
F170R;0.028536001
F170T;0.07875195
F170W;0.744857024
F170V;0.04101328
F170Y;0.9494581
V171A;0.875520122
V171C;0.794765609
V171E;0.057502501
V171D;0.032661687
V171G;0.397099684
V171F;0.088764501
V171I;0.817026792
V171M;0.322826338
V171L;0.459979377
V171N;0.05775143
V171P;0.074983711
V171S;0.399924781
V171T;0.667736862
V171Y;0.030758914
H172A;0.277624343
H172C;0.257256369
H172E;0.090958502
H172D;0.182747675
H172G;0.194044804
H172F;0.097580002
H172I;0.055126365
H172K;0.242556005
H172L;0.279770495
H172N;0.298646226
H172Q;0.73270601
H172P;0.025456222
H172S;0.248253629
H172R;0.149581205
H172T;0.065911958
H172V;0.04890242
H172Y;0.130079543
F173A;0.038298317
F173C;0.203148822
F173D;0.020213
F173G;0.009474844
F173I;0.33299337
F173H;0.15592886
F173M;0.547360897
F173L;0.739520468
F173N;0.019250477
F173P;0.014102093
F173S;0.038612014
F173R;0.038942478
F173T;0.024255601
F173W;0.312611
F173V;0.152823052
F173Y;0.96824545
E174A;0.986194248
E174D;0.913007681
E174G;0.989115565
E174I;0.93572252
E174H;0.884493019
E174K;1.053700209
E174L;0.867557989
E174N;1.08178288
E174Q;1.007713577
E174P;0.619668626
E174S;0.897457219
E174R;0.865188608
E174T;1.021969302
E174V;0.951073498
E174Y;0.937303269
E175A;1.005272604
E175D;1.011483466
E175G;0.880462718
E175I;0.919805076
E175H;0.994479621
E175K;1.038989061
E175L;0.867536077
E175N;0.985717686
E175Q;1.028297419
E175P;0.843753688
E175S;0.965447953
E175R;1.016035026
E175T;0.811840428
E175V;1.026708753
E175Y;0.933160761
E176A;0.897948709
E176D;0.924992675
E176G;0.902172873
E176F;0.419724681
E176I;0.835341592
E176H;0.717560565
E176K;0.906989159
E176L;0.94950938
E176N;0.936801121
E176Q;0.876837103
E176P;0.988697739
E176S;0.77681857
E176R;1.00281634
E176T;0.93003221
E176V;0.968400431
E176Y;0.689464008
G177A;1.045686049
G177C;0.957656588
G177E;0.965640707
G177D;1.015404036
G177F;1.126075866
G177I;1.142658116
G177H;0.971818675
G177L;0.840534857
G177N;0.951644001
G177P;0.876968356
G177S;0.94939709
G177R;0.960332901
G177T;0.858351513
G177W;0.91353342
G177V;1.039998499
G177Y;0.862694585
A178C;0.97705806
A178E;0.911374429
A178D;0.993007503
A178G;0.95101882
A178F;0.986604836
A178I;1.129310248
A178H;1.061903443
A178L;0.894915938
A178N;0.827720415
A178Q;0.798684735
A178P;0.924839134
A178S;1.016407216
A178R;0.899918172
A178T;0.982946977
A178V;1.024489614
A178Y;0.946710419
A179C;0.667790118
A179E;0.485330641
A179D;0.589099698
A179G;0.955147086
A179F;0.921177443
A179I;0.406538144
A179H;0.57446121
A179L;0.63322325
A179N;0.223637089
A179P;0.368011134
A179S;0.964776256
A179R;0.649578948
A179T;0.632446651
A179V;0.624416197
A179Y;0.708215258
K180A;0.825992415
K180E;0.998266373
K180D;0.901048808
K180G;0.893960624
K180I;0.967442824
K180H;0.872907487
K180M;0.942127619
K180L;0.964763413
K180N;0.948953542
K180Q;1.012571795
K180P;0.638189924
K180S;0.921122873
K180R;1.001866279
K180T;0.988981057
K180W;1.020306339
K180V;0.992267103
K180Y;0.901095418
E181A;0.867824446
E181D;1.025900382
E181G;0.86888267
E181F;0.420519614
E181I;0.771008399
E181H;0.885787956
E181K;0.79810541
E181L;0.945093468
E181N;0.889396142
E181Q;0.901113459
E181P;0.619066579
E181S;0.773149367
E181R;0.617774016
E181T;0.934902623
E181V;0.880837011
E181Y;0.911556806
A182C;0.854751825
A182E;0.088422603
A182D;0.074935477
A182G;0.697171277
A182F;0.338035594
A182I;0.822755767
A182H;0.024014099
A182L;0.773448773
A182N;0.056125975
A182P;0.091569885
A182S;0.917549262
A182R;0.066774381
A182T;0.91624181
A182V;1.010176792
A182Y;0.078900168
I183A;0.878095887
I183C;1.025858095
I183D;0.294973179
I183G;0.690436283
I183F;0.766240116
I183H;0.950202249
I183K;1.008202305
I183M;0.96639938
I183L;0.922618922
I183N;0.717395337
I183Q;0.993020502
I183P;0.130064385
I183S;0.755204745
I183R;0.934328072
I183T;0.95100536
I183V;1.024614326
I183Y;0.803558133
D184A;0.920251617
D184C;0.870197167
D184E;1.064362616
D184G;0.886958521
D184F;0.874958599
D184I;0.804472306
D184H;0.894010198
D184K;0.833938855
D184L;1.178789754
D184N;0.869828385
D184Q;1.035312265
D184P;0.673059926
D184S;0.894479409
D184R;1.178738395
D184T;0.883194126
D184V;0.89532811
D184Y;0.90858969
A185C;0.985819453
A185E;0.993225532
A185D;0.823479553
A185G;0.818152949
A185F;0.758282508
A185I;1.112554455
A185H;0.494886053
A185L;0.86344347
A185N;0.943646015
A185P;0.077938088
A185S;0.939967582
A185R;0.560930885
A185T;1.028322362
A185V;0.960047607
A185Y;0.760847429
L186A;0.645219625
L186C;0.917884755
L186E;0.392787653
L186G;0.479377333
L186F;0.590106004
L186I;1.094817912
L186K;0.609795733
L186M;0.692146915
L186Q;0.411377884
L186P;0.221923395
L186S;0.719068969
L186R;0.609304468
L186T;0.753716955
L186W;0.57760906
L186V;1.042199053
L186Y;0.505133773
N187A;1.408195559
N187C;0.974205714
N187E;0.96757416
N187D;0.962531812
N187G;0.958689329
N187F;0.924012367
N187I;0.769871911
N187H;0.992637585
N187K;1.034804345
N187M;1.171809215
N187L;0.96846812
N187Q;1.000988138
N187P;0.464477724
N187S;1.039508749
N187R;1.027414547
N187T;1.0405576
N187V;0.81084922
N187Y;0.955870023
G188A;0.827014353
G188C;0.810427711
G188E;0.949142115
G188D;0.773161816
G188F;0.574623075
G188I;0.129914782
G188H;0.863766081
G188L;0.592232492
G188N;0.829428563
G188P;0.192219046
G188S;0.937625076
G188R;1.279470658
G188T;0.863398621
G188W;0.347385768
G188V;0.352351137
G188Y;0.540353386
M189A;0.778353075
M189E;0.716211855
M189G;0.801629647
M189F;0.871993096
M189I;0.923263263
M189K;0.761294156
M189L;1.04303602
M189N;0.80054805
M189Q;0.890765183
M189P;0.270893736
M189S;0.617171502
M189R;0.696916156
M189T;0.780911993
M189W;0.860378775
M189V;0.940465321
L190A;1.089639727
L190E;0.991558888
L190G;0.736799305
L190F;1.020502945
L190I;0.995115482
L190H;0.909375494
L190K;0.798423642
L190M;0.98449501
L190Q;0.930791897
L190P;0.954500969
L190S;0.792113094
L190R;0.932539433
L190T;1.143818115
L190W;0.784803056
L190V;1.021934262
L191A;0.853018048
L191C;1.021809582
L191E;0.796305074
L191G;0.578387847
L191F;1.02186369
L191I;1.155247436
L191H;0.583242422
L191K;0.644121407
L191M;1.023319734
L191Q;0.64116662
L191P;0.520881349
L191S;0.917796963
L191R;0.825313557
L191T;0.809682619
L191W;0.646856373
L191V;1.030155189
L191Y;0.831808743
N192A;0.989202983
N192C;1.028335879
N192E;1.229206413
N192D;0.995612316
N192G;0.920909087
N192F;0.781487383
N192I;0.937524048
N192H;0.771378206
N192K;0.925284516
N192M;0.703740782
N192L;0.803772765
N192Q;0.988747982
N192P;0.167194545
N192S;0.968018551
N192R;0.866139172
N192T;1.00384307
N192W;0.551095202
N192V;1.13128918
N192Y;0.69238734
G193A;0.994089168
G193C;0.933225191
G193E;0.782166483
G193D;1.022131157
G193F;0.814528209
G193I;0.448511108
G193H;1.206708458
G193L;0.968613516
G193N;1.013348646
G193P;0.203456659
G193S;1.048120097
G193R;0.997456334
G193T;0.789845536
G193W;0.645337128
G193V;0.645759188
G193Y;0.637007453
Q194A;1.091049501
Q194C;2.868778599
Q194E;1.078387558
Q194D;1.020224754
Q194G;1.018160262
Q194I;0.940740064
Q194H;1.106452862
Q194K;1.048921589
Q194L;1.068201167
Q194N;1.171251225
Q194P;0.387851124
Q194S;1.153527183
Q194R;1.128068907
Q194T;1.06879892
Q194V;0.973517143
Q194Y;1.016358362
E195A;0.963037742
E195D;0.986846317
E195G;0.982113709
E195F;0.734518192
E195I;0.998389223
E195H;1.073649351
E195K;1.072498521
E195L;0.922013168
E195N;0.982742093
E195Q;0.976396087
E195P;0.891029452
E195S;1.053873928
E195R;0.959095343
E195T;1.177805262
E195V;0.939699592
E195Y;0.950719637
I196A;0.841103269
I196C;0.825232881
I196D;0.098324393
I196G;0.036021148
I196F;0.813812083
I196H;0.152393594
I196K;0.038926079
I196M;1.050810932
I196L;1.106330975
I196N;0.087992657
I196P;0.269063372
I196S;0.278667843
I196R;0.07021443
I196T;0.830127581
I196V;1.049993656
I196Y;0.308585751
Y197A;0.839083323
Y197C;0.670965463
Y197E;0.153338644
Y197D;0.258099142
Y197G;0.522133468
Y197F;0.896740007
Y197I;0.790602093
Y197H;0.675273848
Y197K;0.718390639
Y197L;0.630036085
Y197N;0.523818869
Y197Q;0.61331057
Y197P;0.040416073
Y197S;0.527856762
Y197R;0.819824831
Y197T;0.596723963
Y197W;0.483217325
Y197V;0.706631079
V198A;1.085770394
V198C;0.927632561
V198D;0.313196428
V198G;0.3420948
V198F;0.202743853
V198I;1.170472458
V198H;0.050987681
V198M;0.830848447
V198L;1.043956695
V198P;0.078357692
V198S;0.586686985
V198R;0.091263665
V198T;0.793452137
A199C;1.162015553
A199E;0.293941804
A199D;0.234994571
A199G;1.099738901
A199F;0.219401538
A199H;0.951443208
A199L;0.464970232
A199P;0.069190814
A199S;0.820620117
A199T;0.822250097
A199V;0.867020788
P200A;1.022150666
P200D;0.338725181
P200G;1.33915207
P200F;1.162015553
P200I;1.02570219
P200H;1.030841169
P200L;0.990326208
P200N;1.05266057
P200Q;1.379698133
P200S;1.052319688
P200R;1.133948359
P200T;1.005246804
P200V;0.976336844
