variant (shifted by 1993 positions);fitness
D1D;0.0
D1A;-1.0
D1C;-1.0
D1E;-1.0
D1F;-1.0
D1G;-1.0
D1H;-1.0
D1I;-1.0
D1K;-1.0
D1L;-1.0
D1M;-1.0
D1N;-0.907379585
D1P;-1.0
D1Q;-1.0
D1R;-1.0
D1S;-0.984784139
D1T;-1.0
D1V;-1.0
D1W;-1.0
D1Y;-1.0
F2A;-0.929302556
F2C;-0.953761446
F2D;-1.0
F2E;-1.0
F2G;-0.968419374
F2H;-1.0
F2I;-0.9020223
F2K;-1.0
F2L;-0.705816853
F2M;-0.810422596
F2N;-1.0
F2P;-1.0
F2Q;-1.0
F2R;-1.0
F2S;-0.962633998
F2T;-0.925268038
F2V;-0.911686334
F2W;-0.348261251
F2Y;-0.81424731
K3A;-0.745980214
K3C;-0.801221611
K3D;-1.0
K3E;-1.0
K3F;-0.747670132
K3G;-0.669199451
K3H;-1.0
K3I;-0.722361407
K3L;-0.766730851
K3M;-0.750719739
K3N;-1.0
K3P;-1.0
K3Q;-0.937621396
K3R;-0.22724334
K3S;-0.777082305
K3T;-0.806776638
K3V;-0.78475365
K3W;-0.720471627
K3Y;-0.464169105
N4A;0.247817899
N4C;0.102700472
N4D;-0.655736037
N4E;-0.569042102
N4F;-0.344024597
N4G;0.130787894
N4H;-0.23580424
N4I;-0.346411427
N4K;-0.934737473
N4L;-0.1141348
N4M;-0.000468605
N4P;-1.0
N4Q;0.168026216
N4R;-0.941320723
N4S;0.067305128
N4T;-0.010003151
N4V;-0.534045895
N4W;0.039676085
N4Y;-0.519282754
W5A;-0.859912544
W5C;-0.913273702
W5D;-1.0
W5E;-1.0
W5F;-0.421621864
W5G;-0.980303203
W5H;-1.0
W5I;-0.912867808
W5K;-1.0
W5L;-0.841046019
W5M;-0.790974018
W5N;-1.0
W5P;-1.0
W5Q;-1.0
W5R;-0.979709691
W5S;-0.976580659
W5T;-1.0
W5V;-0.955048105
W5Y;-0.581636892
L6A;-0.617142497
L6C;-0.588664054
L6D;-1.0
L6E;-1.0
L6F;-0.828318429
L6G;-0.933983035
L6H;-1.0
L6I;-0.163553085
L6K;-1.0
L6M;-0.216417452
L6N;-1.0
L6P;-1.0
L6Q;-1.0
L6R;-1.0
L6S;-0.980682551
L6T;-0.756949057
L6V;-0.373221958
L6W;-0.873517798
L6Y;-1.0
T7A;0.062657595
T7C;-0.268836401
T7D;-1.0
T7E;-1.0
T7F;0.110379728
T7G;0.164418202
T7H;-0.798536928
T7I;-0.404723379
T7K;-0.549722197
T7L;-0.456437727
T7M;-0.291239152
T7N;-1.0
T7P;-0.933080364
T7Q;-0.552338214
T7R;-0.70330794
T7S;-0.107830087
T7V;-0.359219343
T7W;-0.316952674
T7Y;-0.359229061
S8A;0.193340981
S8C;-0.637739342
S8D;-1.0
S8E;-1.0
S8F;-0.678149136
S8G;0.294902171
S8H;-0.890821216
S8I;-0.839438396
S8K;-1.0
S8L;-0.985224421
S8M;-0.494388871
S8N;-1.0
S8P;-0.936194255
S8Q;-1.0
S8R;-0.86719845
S8T;-0.567162817
S8V;-0.425222984
S8W;-0.896921431
S8Y;-0.628627442
K9A;-0.732721727
K9C;-0.405090952
K9D;-1.0
K9E;-1.0
K9F;-0.842095347
K9G;-1.0
K9H;-1.0
K9I;-0.67876532
K9L;-0.584254882
K9M;-0.767064339
K9N;-1.0
K9P;-1.0
K9Q;-0.923115859
K9R;-0.891852921
K9S;-0.930662409
K9T;-1.0
K9V;-0.741079948
K9W;-1.0
K9Y;-0.926807825
L10A;-0.671428782
L10C;-0.263811147
L10D;-1.0
L10E;-1.0
L10F;-0.437094334
L10G;-1.0
L10H;-1.0
L10I;-0.439927442
L10K;-1.0
L10M;-0.408924453
L10N;-1.0
L10P;-1.0
L10Q;-1.0
L10R;-1.0
L10S;-1.0
L10T;-1.0
L10V;-0.557031616
L10W;-1.0
L10Y;-1.0
F11A;-0.541674336
F11C;0.39569774
F11D;-1.0
F11E;-1.0
F11G;-0.865542068
F11H;-1.0
F11I;0.428795727
F11K;-0.927689287
F11L;0.052707542
F11M;0.217037171
F11N;-1.0
F11P;-1.0
F11Q;-1.0
F11R;-0.965092149
F11S;-0.659551489
F11T;-0.195001034
F11V;0.504759742
F11W;-1.0
F11Y;-0.370836483
P12A;-1.0
P12C;-1.0
P12D;-1.0
P12E;-0.808644349
P12F;-0.975546275
P12G;-0.958318785
P12H;-1.0
P12I;-1.0
P12K;-1.0
P12L;-1.0
P12M;-1.0
P12N;-1.0
P12Q;-1.0
P12R;-1.0
P12S;-1.0
P12T;-1.0
P12V;-1.0
P12W;-1.0
P12Y;-1.0
K13A;-0.425675735
K13C;0.381253139
K13D;-0.964729487
K13E;-0.861714353
K13F;-0.81208735
K13G;-0.216361605
K13H;0.308770995
K13I;-0.571600998
K13L;-0.566303781
K13M;-0.349105086
K13N;-0.296145763
K13P;-1.0
K13Q;-0.66181135
K13R;-0.028943381
K13S;-0.337486939
K13T;-0.512415391
K13V;-0.309802696
K13W;-0.803336893
K13Y;-0.097881896
L14A;-1.0
L14C;-1.0
L14D;-1.0
L14E;-1.0
L14F;-0.633409722
L14G;-1.0
L14H;-1.0
L14I;0.132450011
L14K;-1.0
L14M;-0.156342149
L14N;-1.0
L14P;-1.0
L14Q;-1.0
L14R;-1.0
L14S;-1.0
L14T;-1.0
L14V;-0.596248516
L14W;-1.0
L14Y;-1.0
P15A;-1.0
P15C;-1.0
P15D;-1.0
P15E;-1.0
P15F;-1.0
P15G;-1.0
P15H;-1.0
P15I;-1.0
P15K;-1.0
P15L;-1.0
P15M;-1.0
P15N;-1.0
P15Q;-1.0
P15R;-1.0
P15S;-1.0
P15T;-1.0
P15V;-1.0
P15W;-1.0
P15Y;-1.0
G16A;-0.978863029
G16C;-1.0
G16D;-1.0
G16E;-1.0
G16F;-0.955437262
G16H;-1.0
G16I;-1.0
G16K;-1.0
G16L;-0.826043499
G16M;-0.844922943
G16N;-1.0
G16P;-1.0
G16Q;-1.0
G16R;-1.0
G16S;-1.0
G16T;-1.0
G16V;-1.0
G16W;-0.9709459
G16Y;-1.0
L17A;-0.699672969
L17C;-0.200776598
L17D;-1.0
L17E;-1.0
L17F;-0.588243401
L17G;-1.0
L17H;-1.0
L17I;0.184295699
L17K;-1.0
L17M;-0.425610214
L17N;-1.0
L17P;-1.0
L17Q;-1.0
L17R;-1.0
L17S;-1.0
L17T;-1.0
L17V;0.360919929
L17W;-1.0
L17Y;-1.0
P18A;-0.400235794
P18C;-0.671726362
P18D;-1.0
P18E;-1.0
P18F;-0.716432702
P18G;-0.901178537
P18H;-0.968145347
P18I;-0.91328223
P18K;-1.0
P18L;-0.93505241
P18M;-0.708830123
P18N;-1.0
P18Q;-1.0
P18R;-1.0
P18S;-0.762329465
P18T;-1.0
P18V;-0.953810738
P18W;-0.423199681
P18Y;-0.564883133
F19A;-1.0
F19C;-1.0
F19D;-1.0
F19E;-1.0
F19G;-0.951192488
F19H;-1.0
F19I;0.047548468
F19K;-1.0
F19L;-0.0549798
F19M;-0.154289287
F19N;-1.0
F19P;-1.0
F19Q;-1.0
F19R;-1.0
F19S;-1.0
F19T;-1.0
F19V;-0.096181975
F19W;-0.101278708
F19Y;-0.24109531
I20A;-0.860352983
I20C;-1.0
I20D;-1.0
I20E;-1.0
I20F;-0.14056918
I20G;-1.0
I20H;-1.0
I20K;-1.0
I20L;-0.104611703
I20M;-0.667753577
I20N;-1.0
I20P;-1.0
I20Q;-1.0
I20R;-1.0
I20S;-1.0
I20T;-1.0
I20V;-0.175329365
I20W;-0.534862327
I20Y;-0.543146048
S21A;-0.698279975
S21C;-0.261108513
S21D;-1.0
S21E;-1.0
S21F;-0.706055786
S21G;-0.286515513
S21H;-0.698237727
S21I;-1.0
S21K;-1.0
S21L;-1.0
S21M;-0.414910653
S21N;-0.709387314
S21P;-1.0
S21Q;-0.454449793
S21R;-1.0
S21T;-0.28989351
S21V;-0.873146423
S21W;-0.833707624
S21Y;-0.871020327
C22A;-1.0
C22D;-1.0
C22E;-1.0
C22F;-1.0
C22G;-1.0
C22H;-1.0
C22I;-1.0
C22K;-1.0
C22L;-1.0
C22M;-1.0
C22N;-1.0
C22P;-1.0
C22Q;-1.0
C22R;-1.0
C22S;-1.0
C22T;-1.0
C22V;-1.0
C22W;-1.0
C22Y;-1.0
Q23A;-0.958718153
Q23C;-1.0
Q23D;-1.0
Q23E;-1.0
Q23F;-1.0
Q23G;-1.0
Q23H;-1.0
Q23I;-1.0
Q23K;-1.0
Q23L;-1.0
Q23M;-1.0
Q23N;-1.0
Q23P;-1.0
Q23R;-1.0
Q23S;-0.9696804
Q23T;-1.0
Q23V;-0.9791275
Q23W;-1.0
Q23Y;-1.0
K24A;-0.037466264
K24C;-1.0
K24D;-0.952461756
K24E;-0.765610166
K24F;-0.86214689
K24G;-0.832029676
K24H;-0.595730027
K24I;-0.325968653
K24L;-0.315572783
K24M;-0.37668975
K24N;-0.259693056
K24P;-0.352455865
K24Q;-0.339465351
K24R;0.036856425
K24S;0.008867016
K24T;-0.165679887
K24V;-0.238209375
K24W;-0.339913817
K24Y;-0.218352379
G25A;-1.0
G25C;-1.0
G25D;-1.0
G25E;-1.0
G25F;-1.0
G25H;-1.0
G25I;-1.0
G25K;-1.0
G25L;-1.0
G25M;-1.0
G25N;-1.0
G25P;-1.0
G25Q;-1.0
G25R;-1.0
G25S;-1.0
G25T;-1.0
G25V;-1.0
G25W;-1.0
G25Y;-1.0
Y26A;-1.0
Y26C;-1.0
Y26D;-1.0
Y26E;-1.0
Y26F;0.143014834
Y26G;-1.0
Y26H;-1.0
Y26I;-1.0
Y26K;-1.0
Y26L;-1.0
Y26M;-1.0
Y26N;-1.0
Y26P;-1.0
Y26Q;-1.0
Y26R;-1.0
Y26S;-1.0
Y26T;-1.0
Y26V;-1.0
Y26W;-0.933998754
K27A;-0.106778514
K27C;-0.19998894
K27D;-1.0
K27E;-0.944538718
K27F;-0.539424821
K27G;-0.463604522
K27H;-0.106307114
K27I;-0.523811912
K27L;-0.582416472
K27M;-0.353028971
K27N;-0.441675474
K27P;-1.0
K27Q;-0.274618803
K27R;-0.020703233
K27S;-0.130415252
K27T;-0.148689992
K27V;-0.232883362
K27W;-0.415164219
K27Y;-0.14437004
G28A;-1.0
G28C;-1.0
G28D;-1.0
G28E;-1.0
G28F;-1.0
G28H;-1.0
G28I;-1.0
G28K;-1.0
G28L;-1.0
G28M;-1.0
G28N;-1.0
G28P;-1.0
G28Q;-1.0
G28R;-1.0
G28S;-1.0
G28T;-1.0
G28V;-1.0
G28W;-1.0
G28Y;-1.0
V29A;-0.057009075
V29C;0.062415991
V29D;-0.369264463
V29E;-0.365721853
V29F;-0.376379353
V29G;-0.141631931
V29H;-0.339894014
V29I;-0.032329054
V29K;-0.85465874
V29L;-0.33559427
V29M;0.114181969
V29N;-0.048658744
V29P;-0.359066022
V29Q;0.006553399
V29R;-0.416445566
V29S;-0.100889007
V29T;-0.014247413
V29W;-0.55356385
V29Y;-0.404393982
W30A;-1.0
W30C;-1.0
W30D;-1.0
W30E;-1.0
W30F;-1.0
W30G;-1.0
W30H;-1.0
W30I;-1.0
W30K;-1.0
W30L;-1.0
W30M;-1.0
W30N;-1.0
W30P;-1.0
W30Q;-1.0
W30R;-1.0
W30S;-1.0
W30T;-1.0
W30V;-1.0
W30Y;-1.0
A31C;0.416986576
A31D;0.047093417
A31E;-0.324955723
A31F;0.05360002
A31G;-0.057841748
A31H;0.017754386
A31I;0.168034591
A31K;-0.65608475
A31L;0.128287032
A31M;-0.07134416
A31N;-0.003011721
A31P;-1.0
A31Q;0.050284068
A31R;-0.447942155
A31S;-0.046146379
A31T;-0.023553264
A31V;0.36624209
A31W;-0.118341288
A31Y;0.0726707
G32A;-1.0
G32C;-1.0
G32D;-1.0
G32E;-1.0
G32F;-1.0
G32H;-0.976470971
G32I;-1.0
G32K;-1.0
G32L;-1.0
G32M;-1.0
G32N;-0.735976911
G32P;-1.0
G32Q;-1.0
G32R;-1.0
G32S;-0.986975311
G32T;-1.0
G32V;-1.0
G32W;-1.0
G32Y;-1.0
T33A;0.022703179
T33C;0.222021291
T33D;-0.088109224
T33E;-0.052097091
T33F;-0.647617156
T33G;0.060910695
T33H;-0.077187366
T33I;-0.291210326
T33K;0.2152441
T33L;-0.711678083
T33M;-0.027785132
T33N;0.093504857
T33P;-1.0
T33Q;-0.467136815
T33R;-0.124767236
T33S;0.1138275
T33V;0.01153745
T33W;-0.65044443
T33Y;-0.616261378
G34A;-1.0
G34C;-1.0
G34D;-1.0
G34E;-1.0
G34F;-1.0
G34H;-1.0
G34I;-1.0
G34K;-1.0
G34L;-1.0
G34M;-1.0
G34N;-1.0
G34P;-1.0
G34Q;-1.0
G34R;-1.0
G34S;-1.0
G34T;-1.0
G34V;-1.0
G34W;-1.0
G34Y;-1.0
I35A;-0.910384273
I35C;-0.395794328
I35D;-1.0
I35E;-0.946796544
I35F;-0.361455374
I35G;-0.946027814
I35H;-0.911928395
I35K;-1.0
I35L;-0.449566614
I35M;-0.126830673
I35N;-1.0
I35P;-0.873311035
I35Q;-0.907671563
I35R;-0.953543771
I35S;-0.890294151
I35T;-0.561968785
I35V;-0.233574548
I35W;-1.0
I35Y;-1.0
M36A;-1.0
M36C;-0.536294148
M36D;-1.0
M36E;-1.0
M36F;-1.0
M36G;-1.0
M36H;-1.0
M36I;-0.776034974
M36K;-1.0
M36L;-0.963831458
M36N;-0.908172451
M36P;-1.0
M36Q;-1.0
M36R;-1.0
M36S;-1.0
M36T;-1.0
M36V;-0.143486651
M36W;-1.0
M36Y;-1.0
T37A;-0.436384579
T37C;-0.181096563
T37D;-1.0
T37E;-0.793032712
T37F;0.082980584
T37G;-0.784200782
T37H;0.150451318
T37I;-0.101615162
T37K;-0.815974065
T37L;-0.082020425
T37M;-0.233528118
T37N;0.049549124
T37P;-1.0
T37Q;-0.078043242
T37R;-0.608074038
T37S;-0.345495346
T37V;-0.25339289
T37W;-0.833757648
T37Y;-0.280273591
T38A;-0.375372257
T38C;-1.0
T38D;-1.0
T38E;-1.0
T38F;-1.0
T38G;-0.009513327
T38H;-1.0
T38I;-1.0
T38K;-1.0
T38L;-1.0
T38M;-1.0
T38N;-1.0
T38P;-1.0
T38Q;-1.0
T38R;-1.0
T38S;-0.223894104
T38V;-1.0
T38W;-1.0
T38Y;-1.0
R39A;-0.297594401
R39C;-0.213571881
R39D;-1.0
R39E;-1.0
R39F;0.04995484
R39G;-1.0
R39H;-0.018911204
R39I;-0.309796172
R39K;-1.0
R39L;-0.575189852
R39M;-0.597338113
R39N;-0.762068275
R39P;-1.0
R39Q;-1.0
R39S;-0.160787375
R39T;-0.008565489
R39V;-0.336240466
R39W;-0.925545021
R39Y;0.202289273
C40A;-1.0
C40D;-1.0
C40E;-1.0
C40F;-1.0
C40G;-1.0
C40H;-1.0
C40I;-1.0
C40K;-1.0
C40L;-1.0
C40M;-1.0
C40N;-1.0
C40P;-1.0
C40Q;-1.0
C40R;-1.0
C40S;-1.0
C40T;-1.0
C40V;-1.0
C40W;-1.0
C40Y;-1.0
P41A;-0.385256223
P41C;-0.72226403
P41D;-0.865685983
P41E;-1.0
P41F;-0.726073257
P41G;0.572371566
P41H;-0.453381622
P41I;-1.0
P41K;-0.710791479
P41L;-0.559616
P41M;-0.394520013
P41N;-0.575254891
P41Q;-0.67
P41R;-0.565496069
P41S;-0.382464182
P41T;-0.514666336
P41V;-0.930738603
P41W;-0.794494766
P41Y;-0.804668695
C42A;-1.0
C42D;-1.0
C42E;-1.0
C42F;-1.0
C42G;-1.0
C42H;-1.0
C42I;-1.0
C42K;-1.0
C42L;-1.0
C42M;-1.0
C42N;-1.0
C42P;-1.0
C42Q;-1.0
C42R;-1.0
C42S;-1.0
C42T;-1.0
C42V;-1.0
C42W;-1.0
C42Y;-1.0
G43A;-1.0
G43C;-1.0
G43D;-1.0
G43E;-1.0
G43F;-1.0
G43H;-1.0
G43I;-1.0
G43K;-1.0
G43L;-1.0
G43M;-1.0
G43N;-1.0
G43P;-1.0
G43Q;-1.0
G43R;-1.0
G43S;-0.947039157
G43T;-1.0
G43V;-1.0
G43W;-1.0
G43Y;-1.0
A44C;-1.0
A44D;-1.0
A44E;-1.0
A44F;-1.0
A44G;-0.080565396
A44H;-1.0
A44I;-1.0
A44K;-1.0
A44L;-1.0
A44M;-1.0
A44N;-1.0
A44P;-1.0
A44Q;-1.0
A44R;-1.0
A44S;-0.087460563
A44T;-1.0
A44V;-0.975180522
A44W;-1.0
A44Y;-1.0
N45A;-0.347785783
N45C;-0.740973777
N45D;0.23472326
N45E;0.011345394
N45F;-0.82675679
N45G;-0.223607012
N45H;-0.557996055
N45I;-0.356744525
N45K;-1.0
N45L;-0.515027501
N45M;-0.16598871
N45P;-0.369529197
N45Q;-0.187494932
N45R;-0.864554874
N45S;-0.207800876
N45T;-0.159662165
N45V;-0.235051427
N45W;-0.912567791
N45Y;-1.0
I46A;-1.0
I46C;-1.0
I46D;-1.0
I46E;-1.0
I46F;-1.0
I46G;-1.0
I46H;-1.0
I46K;-1.0
I46L;-0.127223078
I46M;-0.559448839
I46N;-1.0
I46P;-1.0
I46Q;-1.0
I46R;-1.0
I46S;-1.0
I46T;-1.0
I46V;-0.110459924
I46W;-1.0
I46Y;-1.0
S47A;-0.398573434
S47C;-0.871031167
S47D;-1.0
S47E;-1.0
S47F;-1.0
S47G;-0.298002281
S47H;-1.0
S47I;-1.0
S47K;-1.0
S47L;-0.983227083
S47M;-1.0
S47N;-0.643514943
S47P;-1.0
S47Q;-0.660263282
S47R;-1.0
S47T;-1.0
S47V;-1.0
S47W;-1.0
S47Y;-1.0
G48A;-0.368613944
G48C;-1.0
G48D;-1.0
G48E;-1.0
G48F;-1.0
G48H;-1.0
G48I;-1.0
G48K;-1.0
G48L;-1.0
G48M;-1.0
G48N;-1.0
G48P;-1.0
G48Q;-1.0
G48R;-1.0
G48S;-1.0
G48T;-1.0
G48V;-1.0
G48W;-1.0
G48Y;-1.0
N49A;-0.15460322
N49C;-0.012101502
N49D;-0.45297104
N49E;-1.0
N49F;0.078658202
N49G;-0.866518067
N49H;-0.250150718
N49I;0.45672492
N49K;0.079008014
N49L;0.125369704
N49M;0.78209452
N49P;-1.0
N49Q;-0.393736981
N49R;-0.516705048
N49S;-0.018335535
N49T;-0.549390424
N49V;0.139652793
N49W;-0.445046605
N49Y;0.27094263
V50A;-0.905669448
V50C;-0.221951987
V50D;-1.0
V50E;-1.0
V50F;-1.0
V50G;-1.0
V50H;-1.0
V50I;-0.333914012
V50K;-1.0
V50L;-1.0
V50M;-1.0
V50N;-1.0
V50P;-1.0
V50Q;-1.0
V50R;-1.0
V50S;-1.0
V50T;-1.0
V50W;-1.0
V50Y;-1.0
R51A;-0.660096195
R51C;-0.631843913
R51D;-0.921086807
R51E;-1.0
R51F;-0.835383411
R51G;-0.853910689
R51H;-0.523460531
R51I;-0.485065655
R51K;0.421395422
R51L;-0.337657426
R51M;-0.199640405
R51N;-0.615156797
R51P;-1.0
R51Q;-0.444974211
R51S;-0.681569288
R51T;-0.801266136
R51V;-0.255104556
R51W;-0.522421394
R51Y;-0.715494177
L52A;-0.336496635
L52C;0.170109734
L52D;-0.905382902
L52E;-0.705725632
L52F;-0.205493114
L52G;-0.340933574
L52H;-0.088160286
L52I;-0.168286419
L52K;-0.816690991
L52M;-0.040590733
L52N;0.269128211
L52P;-0.952346493
L52Q;0.072955351
L52R;-0.185530955
L52S;-0.289728026
L52T;-0.044537297
L52V;0.100607881
L52W;-0.414806138
L52Y;-0.25821945
G53A;-0.718490038
G53C;-0.941849151
G53D;-0.949334001
G53E;-0.842231131
G53F;-1.0
G53H;-0.864460918
G53I;-1.0
G53K;-1.0
G53L;-1.0
G53M;-1.0
G53N;-0.2884952
G53P;-1.0
G53Q;-0.653880823
G53R;-0.972690639
G53S;-0.477108286
G53T;-1.0
G53V;-1.0
G53W;-1.0
G53Y;-1.0
S54A;-0.16166356
S54C;-0.399553343
S54D;-0.938275933
S54E;-0.941766613
S54F;-0.303844855
S54G;-0.292614059
S54H;-0.487092375
S54I;-0.535581992
S54K;-0.484541187
S54L;-0.467856066
S54M;-0.534206247
S54N;-0.443907227
S54P;-0.979370553
S54Q;-0.748535526
S54R;-0.176053014
S54T;-0.02267768
S54V;-0.439934156
S54W;-0.718373736
S54Y;-0.432012823
M55A;-0.622408545
M55C;0.112651488
M55D;-1.0
M55E;-1.0
M55F;-1.0
M55G;-1.0
M55H;-1.0
M55I;-0.000336212
M55K;-1.0
M55L;0.330643839
M55N;-0.934318717
M55P;-1.0
M55Q;-1.0
M55R;-1.0
M55S;-1.0
M55T;-0.982748812
M55V;-0.931960375
M55W;-1.0
M55Y;-1.0
R56A;-0.447665895
R56C;-0.814293788
R56D;-1.0
R56E;-1.0
R56F;-0.641832336
R56G;-0.656683153
R56H;-0.576463682
R56I;-1.0
R56K;-0.136637085
R56L;-0.605164005
R56M;-0.322727534
R56N;-0.860751958
R56P;-1.0
R56Q;-0.743118859
R56S;-0.647677787
R56T;-0.947379194
R56V;-0.958217825
R56W;-0.95242083
R56Y;-0.749895497
I57A;-0.903082894
I57C;-0.657343026
I57D;-1.0
I57E;-1.0
I57F;-1.0
I57G;-1.0
I57H;-1.0
I57K;-1.0
I57L;0.66114434
I57M;0.186361006
I57N;-1.0
I57P;-1.0
I57Q;-0.47911798
I57R;-1.0
I57S;-0.787514826
I57T;-0.181200872
I57V;-0.33843088
I57W;-1.0
I57Y;-1.0
T58A;-0.153087644
T58C;0.064953915
T58D;-0.97023595
T58E;-0.283557298
T58F;-0.404861449
T58G;-0.671974402
T58I;-0.134537793
T58K;-0.866695556
T58L;-0.159036165
T58M;-0.228365999
T58N;-0.271641772
T58P;-1.0
T58R;-0.586067937
T58S;-0.142115902
T58V;-0.246381506
T58W;-0.333611308
T58Y;-0.020414356
G59A;-0.871695258
G59C;-1.0
G59D;-1.0
G59E;-1.0
G59F;-1.0
G59H;-1.0
G59I;-1.0
G59K;-1.0
G59L;-1.0
G59M;-1.0
G59N;-1.0
G59P;-1.0
G59Q;-1.0
G59R;-1.0
G59S;-1.0
G59T;-1.0
G59V;-1.0
G59W;-0.981437128
G59Y;-1.0
P60A;-0.367728636
P60C;-1.0
P60D;-0.839380522
P60E;-1.0
P60F;-1.0
P60G;-0.993545947
P60H;-1.0
P60I;-1.0
P60K;-1.0
P60L;-1.0
P60M;-1.0
P60N;-0.938033412
P60Q;-1.0
P60R;-0.975834231
P60S;-0.293906016
P60T;-0.936222423
P60V;-1.0
P60W;-1.0
P60Y;-1.0
K61A;-0.516847719
K61C;-0.926016818
K61D;-1.0
K61E;-1.0
K61F;-0.888648922
K61G;-0.393125241
K61H;-0.543666901
K61I;-0.920275596
K61L;-0.904668781
K61M;-0.618096372
K61N;-0.69136307
K61P;-0.584318937
K61Q;-0.341769788
K61R;-0.105237024
K61S;-0.275039598
K61T;-0.53527599
K61V;-0.798115273
K61W;-0.73599994
K61Y;-0.822167431
T62A;-0.186424683
T62C;-0.400875461
T62D;-1.0
T62E;-1.0
T62F;-0.479442684
T62G;-0.233983309
T62H;-0.146232429
T62I;-0.51141589
T62K;-0.47730517
T62L;-0.337421709
T62M;-0.26838802
T62N;-0.6375484
T62P;-1.0
T62Q;-0.604308805
T62R;-0.048099146
T62S;-0.135540147
T62V;-0.494270419
T62W;-0.12451454
T62Y;-0.458519634
C63A;-1.0
C63D;-1.0
C63E;-1.0
C63F;-1.0
C63G;-1.0
C63H;-1.0
C63I;-1.0
C63K;-1.0
C63L;-1.0
C63M;-1.0
C63N;-1.0
C63P;-1.0
C63Q;-1.0
C63R;-0.978748589
C63S;-1.0
C63T;-1.0
C63V;-1.0
C63W;-1.0
C63Y;-0.95262292
M64A;-0.127072101
M64C;0.022016569
M64D;-1.0
M64E;-1.0
M64F;-0.077533184
M64G;-0.704814847
M64H;-0.837984594
M64I;-0.08148034
M64K;-0.77032895
M64L;-0.18371363
M64N;-0.583749369
M64P;-1.0
M64Q;-1.0
M64R;-0.558673467
M64S;-0.02545913
M64T;-0.139374633
M64V;-0.219472241
M64W;-0.138982331
M64Y;-0.190674827
N65A;-1.0
N65C;-0.946532375
N65D;-0.975335219
N65E;-1.0
N65F;-1.0
N65G;-1.0
N65H;-0.851223411
N65I;-1.0
N65K;-1.0
N65L;-1.0
N65M;-1.0
N65P;-1.0
N65Q;-1.0
N65R;-1.0
N65S;-0.986004534
N65T;-1.0
N65V;-1.0
N65W;-1.0
N65Y;-1.0
T66A;-0.290498148
T66C;-0.791833863
T66D;-1.0
T66E;-1.0
T66F;-0.598931501
T66G;-0.95610814
T66H;-0.932122096
T66I;0.355687235
T66K;-1.0
T66L;0.468227622
T66M;0.3440873
T66N;-1.0
T66P;-1.0
T66Q;-0.963946742
T66R;-0.938999371
T66S;-0.063735684
T66V;0.162496999
T66W;-0.803588723
T66Y;-0.644776818
W67A;-1.0
W67C;-1.0
W67D;-1.0
W67E;-1.0
W67F;-0.723597629
W67G;-1.0
W67H;-1.0
W67I;-1.0
W67K;-1.0
W67L;-0.949360433
W67M;-1.0
W67N;-1.0
W67P;-1.0
W67Q;-1.0
W67R;-0.960425465
W67S;-1.0
W67T;-1.0
W67V;-1.0
W67Y;-0.472561087
Q68A;0.084476581
Q68C;-0.177950736
Q68D;-0.775715431
Q68E;-0.56074969
Q68F;0.113742255
Q68G;0.015683281
Q68H;0.198823864
Q68I;-0.069592434
Q68K;-0.486310721
Q68L;-0.097115172
Q68M;0.017773099
Q68N;0.030386983
Q68P;-1.0
Q68R;-0.179371721
Q68S;-0.010968539
Q68T;0.083354316
Q68V;-0.09483274
Q68W;-0.075434088
Q68Y;-0.184797043
G69A;-0.342258214
G69C;-0.720943774
G69D;-0.984718212
G69E;-1.0
G69F;-1.0
G69H;-0.695044405
G69I;-1.0
G69K;-0.938124629
G69L;-0.996283305
G69M;-0.972528766
G69N;-0.399962984
G69P;-1.0
G69Q;-0.976899348
G69R;-0.942356253
G69S;-0.453393522
G69T;-0.976155152
G69V;-1.0
G69W;-1.0
G69Y;-0.969000088
T70A;-0.059041609
T70C;-0.416313056
T70D;-1.0
T70E;-1.0
T70F;-1.0
T70G;-0.358592843
T70H;-1.0
T70I;-1.0
T70K;-0.865014209
T70L;-1.0
T70M;-1.0
T70N;-1.0
T70P;-1.0
T70Q;-0.910685182
T70R;-0.582126359
T70S;0.027530768
T70V;-1.0
T70W;-1.0
T70Y;-1.0
F71A;-1.0
F71C;-1.0
F71D;-1.0
F71E;-1.0
F71G;-1.0
F71H;-1.0
F71I;-1.0
F71K;-1.0
F71L;-0.96982425
F71M;-1.0
F71N;-1.0
F71P;-1.0
F71Q;-1.0
F71R;-1.0
F71S;-0.989881648
F71T;-1.0
F71V;-1.0
F71W;-1.0
F71Y;-1.0
P72A;-1.0
P72C;-1.0
P72D;-1.0
P72E;-1.0
P72F;-1.0
P72G;-1.0
P72H;-1.0
P72I;-1.0
P72K;-1.0
P72L;-1.0
P72M;-1.0
P72N;-1.0
P72Q;-1.0
P72R;-1.0
P72S;-1.0
P72T;-1.0
P72V;-1.0
P72W;-1.0
P72Y;-1.0
I73A;-1.0
I73C;-1.0
I73D;-1.0
I73E;-1.0
I73F;-1.0
I73G;-1.0
I73H;-1.0
I73K;-1.0
I73L;-0.495908287
I73M;-0.678383608
I73N;-1.0
I73P;-1.0
I73Q;-1.0
I73R;-1.0
I73S;-1.0
I73T;-0.979357368
I73V;0.152003069
I73W;-1.0
I73Y;-1.0
N74A;-1.0
N74C;-1.0
N74D;-1.0
N74E;-1.0
N74F;-1.0
N74G;-1.0
N74H;-1.0
N74I;-1.0
N74K;-0.954625343
N74L;-1.0
N74M;-1.0
N74P;-1.0
N74Q;-1.0
N74R;-1.0
N74S;-1.0
N74T;-1.0
N74V;-1.0
N74W;-1.0
N74Y;-1.0
C75A;-0.171747909
C75D;-0.805778993
C75E;-0.786640916
C75F;-0.339079792
C75G;-0.802497703
C75H;-0.708571447
C75I;-0.468462767
C75K;-1.0
C75L;-0.37581746
C75M;-0.207458641
C75N;-0.250431862
C75P;-0.371954644
C75Q;-0.650876016
C75R;-0.929494855
C75S;-0.179774164
C75T;-0.343208271
C75V;-0.759981244
C75W;-0.525504508
C75Y;-0.288420221
Y76A;-0.822062009
Y76C;-0.448566802
Y76D;-1.0
Y76E;-1.0
Y76F;-0.455309185
Y76G;-0.971108547
Y76H;-0.424899633
Y76I;-1.0
Y76K;-1.0
Y76L;-0.856577586
Y76M;-0.873922144
Y76N;-0.558280032
Y76P;-1.0
Y76Q;-0.884562988
Y76R;-0.990490565
Y76S;-0.764782854
Y76T;-0.71680854
Y76V;-1.0
Y76W;-0.175277536
T77A;-0.965318004
T77C;-1.0
T77D;-1.0
T77E;-1.0
T77F;-1.0
T77G;-1.0
T77H;-1.0
T77I;-1.0
T77K;-1.0
T77L;-1.0
T77M;-0.94891785
T77N;-1.0
T77P;-1.0
T77Q;-1.0
T77R;-1.0
T77S;-0.824789
T77V;-0.989296796
T77W;-1.0
T77Y;-1.0
E78A;-0.65415593
E78C;-0.935360954
E78D;-0.328818616
E78F;-0.975436241
E78G;-0.6062059
E78H;-0.872749815
E78I;-0.526610538
E78K;-0.968609665
E78L;-0.537068409
E78M;-0.682256299
E78N;-0.660929051
E78P;-1.0
E78Q;-0.831523087
E78R;-0.92753304
E78S;-0.642001802
E78T;-0.645840781
E78V;-0.640001956
E78W;-1.0
E78Y;-0.956533637
G79A;-1.0
G79C;-1.0
G79D;-0.979139971
G79E;-1.0
G79F;-1.0
G79H;-1.0
G79I;-1.0
G79K;-1.0
G79L;-1.0
G79M;-1.0
G79N;-1.0
G79P;-1.0
G79Q;-1.0
G79R;-1.0
G79S;-1.0
G79T;-1.0
G79V;-1.0
G79W;-1.0
G79Y;-1.0
Q80A;-0.232096925
Q80C;-0.393351302
Q80D;0.192157633
Q80E;-0.069304908
Q80F;-0.591231212
Q80G;-0.912211729
Q80H;-0.309510183
Q80I;-0.09896605
Q80K;-0.953935387
Q80L;-0.207570573
Q80M;-0.34926159
Q80N;0.09874482
Q80P;-0.377462052
Q80R;-0.931755413
Q80S;-0.173731051
Q80T;-0.302274747
Q80V;-0.501055424
Q80W;-0.969342935
Q80Y;-0.452256418
C81A;0.37189697
C81D;-1.0
C81E;-1.0
C81F;-1.0
C81G;-0.766789062
C81H;-1.0
C81I;-1.0
C81K;-1.0
C81L;-0.939337378
C81M;-1.0
C81N;-1.0
C81P;-0.313581237
C81Q;-1.0
C81R;-0.993178085
C81S;-0.916952274
C81T;-1.0
C81V;-1.0
C81W;-1.0
C81Y;-1.0
A82C;-0.078191723
A82D;-0.478998933
A82E;-0.349724686
A82F;-0.766361681
A82G;-0.08306113
A82H;-0.652894765
A82I;-0.398053856
A82K;-0.418006963
A82L;-0.326890532
A82M;-0.103908579
A82N;-0.500060857
A82P;-1.0
A82Q;-0.18772015
A82R;-0.458620628
A82S;-0.128394647
A82T;-0.278506386
A82V;-0.226734828
A82W;-0.84966097
A82Y;-0.938798798
P83A;-0.02705862
P83C;-1.0
P83D;-1.0
P83E;-1.0
P83F;-1.0
P83G;-1.0
P83H;-1.0
P83I;-1.0
P83K;-1.0
P83L;-0.990248801
P83M;-1.0
P83N;-1.0
P83Q;-1.0
P83R;-1.0
P83S;-0.991703727
P83T;-1.0
P83V;-0.564190923
P83W;-1.0
P83Y;-1.0
K84A;0.045002597
K84C;-0.091004381
K84E;-0.83558429
K84F;-0.635910561
K84G;-1.0
K84H;-0.120577634
K84I;-0.111615793
K84L;-0.11301428
K84M;-0.214015439
K84N;-0.063596846
K84P;-1.0
K84Q;-0.050131664
K84R;-0.285720051
K84S;-0.040991565
K84T;-0.005803827
K84V;0.010535461
K84W;-1.0
K84Y;-0.755158012
P85A;-1.0
P85C;-1.0
P85D;-1.0
P85E;-1.0
P85F;-1.0
P85G;-1.0
P85H;-1.0
P85I;-0.965343566
P85K;-1.0
P85L;-0.964496033
P85M;-1.0
P85N;-1.0
P85Q;-1.0
P85R;-1.0
P85S;-0.995740139
P85T;-1.0
P85V;-0.627702139
P85W;-1.0
P85Y;-1.0
P86A;0.08270147
P86C;0.051898251
P86D;0.106151303
P86E;0.087763445
P86F;-0.238811534
P86G;0.05550889
P86H;-0.198763475
P86I;0.039744515
P86K;-0.028577456
P86L;0.245228288
P86M;0.050827025
P86N;0.32063319
P86Q;0.212554347
P86R;-0.036502455
P86S;0.084017838
P86T;0.182392989
P86V;0.183431645
P86W;-0.062112118
P86Y;-0.178014599
