mutant;react_rel
Q2Q;0.996056338
Q2A;0.65
Q2C;1.38
Q2D;1.06
Q2G;1.23
Q2F;1.25
Q2I;1.2
Q2H;0.98
Q2L;1.12
Q2P;1.07
Q2S;1.23
Q2R;1.09
Q2T;1.22
Q2Y;1.31
I3A;0.87
I3C;0.98
I3E;-0.4
I3D;-0.53
I3G;-0.5
I3H;-0.36
I3K;-0.27
I3M;0.96
I3L;1.03
I3N;-0.26
I3Q;-0.62
I3P;-0.26
I3S;-0.12
I3R;-0.43
I3T;0.63
I3W;-0.58
I3V;1.07
I3Y;0.21
F4A;1.1
F4C;1
F4E;1.05
F4D;1.07
F4G;1.05
F4I;1.03
F4H;1.04
F4K;1.06
F4M;1.17
F4L;1.05
F4N;1.03
F4Q;1.11
F4P;0.93
F4S;0.96
F4R;1.06
F4T;1.02
F4W;1.04
F4V;1.11
F4Y;1.03
V5A;0.93
V5C;0.95
V5E;-0.01
V5D;0
V5G;0.12
V5F;0.86
V5I;0.99
V5H;0.05
V5K;-0.05
V5M;1.13
V5L;0.98
V5N;0.08
V5Q;0.06
V5P;-0.03
V5S;-0.01
V5R;-0.05
V5T;0.91
V5W;-0.07
V5Y;0.87
K6A;0.93
K6C;0.87
K6E;0.52
K6D;0.85
K6G;0.97
K6F;1
K6I;0.92
K6H;1.03
K6M;0.98
K6L;0.95
K6N;0.99
K6Q;0.95
K6P;0.08
K6S;0.98
K6R;0.98
K6T;0.99
K6W;0.95
K6V;0.96
K6Y;0.96
T7A;0.96
T7C;1.04
T7E;0.95
T7D;0.97
T7G;0.64
T7F;0.95
T7I;0.54
T7H;1.02
T7K;1.01
T7M;1.01
T7L;0.97
T7N;0.98
T7Q;1.02
T7P;0.01
T7S;1
T7R;1
T7W;0.5
T7V;0.52
T7Y;0.61
L8A;0.69
L8C;0.04
L8E;0.1
L8D;0.21
L8G;0.03
L8F;0.97
L8I;1.02
L8H;0.66
L8K;0
L8M;0.96
L8N;0.03
L8Q;0.37
L8P;0.19
L8S;0.55
L8R;0.03
L8T;0.8
L8W;0.79
L8V;0.98
L8Y;0.84
T9A;1.05
T9C;0.72
T9E;0.97
T9D;0.93
T9G;0.97
T9F;0.99
T9I;0.95
T9H;0.95
T9K;0.93
T9M;0.87
T9L;0.98
T9N;0.93
T9Q;0.98
T9P;0.42
T9S;0.93
T9R;0.93
T9W;0.94
T9V;0.99
T9Y;0.94
G10A;0.93
G10C;0.08
G10E;0.05
G10D;0.58
G10F;0.57
G10I;0.03
G10H;0.07
G10K;0.07
G10M;0.21
G10L;0.19
G10N;0.82
G10Q;-0.03
G10P;0.07
G10S;0.87
G10R;0.02
G10T;-0.05
G10W;0.95
G10V;0.08
G10Y;0.49
K11A;0.74
K11C;0.11
K11E;-0.02
K11D;0.07
K11G;0.75
K11F;0.94
K11I;0.74
K11H;0.87
K11M;0.93
K11L;0.78
K11N;0.68
K11Q;0.77
K11P;0.02
K11S;0.8
K11R;0.98
K11T;0.8
K11W;0.01
K11V;0.88
K11Y;0.91
T12A;1.03
T12C;1.12
T12F;0.93
T12I;1.02
T12N;1.02
T12P;0.57
T12S;1.07
T12V;0.95
I13A;0.95
I13C;0.98
I13E;0.75
I13D;0.91
I13G;0.91
I13F;0.95
I13H;1.05
I13K;0.49
I13M;0.96
I13L;0.98
I13N;1
I13Q;0.97
I13P;-0.31
I13S;0.95
I13R;0.93
I13T;0.95
I13W;0.98
I13V;1.04
I13Y;0.95
T14A;1.03
T14C;0.96
T14E;1.1
T14D;1.02
T14G;0.94
T14F;1
T14I;1.02
T14H;1.02
T14K;0.92
T14L;0.95
T14N;1.06
T14Q;1.07
T14P;1.04
T14S;1.04
T14R;0.97
T14V;0.95
T14Y;1.11
L15A;0.91
L15C;0.99
L15E;0.87
L15D;-0.19
L15G;-0.08
L15F;0.98
L15I;1
L15H;-0.06
L15K;-0.15
L15M;0.95
L15N;-0.12
L15Q;0.94
L15P;-0.1
L15S;0.35
L15R;-0.1
L15T;0.97
L15W;0.83
L15V;0.94
L15Y;0.78
E16A;0.99
E16C;1
E16D;1.07
E16G;0.97
E16F;1
E16I;1
E16H;1.06
E16K;0.98
E16M;0.97
E16L;1.03
E16N;1.01
E16Q;1.01
E16P;1.03
E16S;1.01
E16R;0.99
E16T;1.04
E16W;1
E16V;0.96
E16Y;0.96
V17A;0.96
V17C;0.95
V17E;1
V17D;0.6
V17G;0.95
V17F;0.95
V17I;0.88
V17H;0.98
V17K;0.12
V17M;0.92
V17L;0.94
V17N;1.01
V17Q;0.93
V17P;1.01
V17S;0.97
V17R;0.49
V17T;0.99
V17W;0.9
V17Y;0.96
E18A;0.98
E18C;1.09
E18D;1.02
E18G;1.03
E18F;1.01
E18I;0.97
E18H;1.04
E18K;0.98
E18M;1.14
E18L;1.03
E18N;1.09
E18Q;1.04
E18P;1.02
E18S;1.02
E18R;1.06
E18T;0.98
E18W;0.97
E18V;1.02
E18Y;1
S19A;0.98
S19C;0.96
S19E;0.98
S19D;1.02
S19G;1
S19F;0.93
S19I;1.01
S19H;1
S19K;1.07
S19M;1
S19L;1.03
S19N;0.97
S19Q;1.01
S19P;1.03
S19R;1.03
S19T;1.07
S19W;0.77
S19V;1.01
S19Y;1.03
S20A;1.01
S20C;1
S20E;1.03
S20D;1.01
S20G;0.99
S20F;1.01
S20I;1.03
S20H;0.99
S20K;1.05
S20M;0.91
S20L;0.96
S20N;0.98
S20Q;1.04
S20P;1
S20R;0.99
S20T;0.94
S20W;0.99
S20V;0.97
S20Y;0.98
D21A;0.97
D21C;1
D21E;1
D21G;0.91
D21F;0.92
D21I;0.95
D21H;1
D21K;0.91
D21L;0.9
D21N;0.96
D21Q;0.86
D21P;0.99
D21S;1.04
D21R;0.9
D21T;0.94
D21W;1
D21V;0.88
D21Y;0.87
T22A;1.07
T22G;1.05
T22I;0.97
T22N;1
T22S;0.97
T22R;1.02
T22V;1.15
I23A;0.96
I23C;0.81
I23E;-0.72
I23D;-0.52
I23G;0.73
I23F;0.45
I23H;-0.4
I23K;-0.28
I23M;0.86
I23L;0.83
I23N;0.31
I23Q;-0.31
I23P;0.58
I23S;0.89
I23R;-0.5
I23T;0.97
I23W;-0.24
I23V;1
I23Y;0.58
D24A;1.04
D24C;1.02
D24E;0.99
D24G;1
D24F;0.98
D24I;0.96
D24H;0.97
D24K;0.99
D24M;1.03
D24L;1.05
D24N;0.99
D24Q;1.04
D24P;1.01
D24S;1.04
D24R;1.01
D24T;1.02
D24W;1.05
D24V;0.99
D24Y;1.06
N25A;0.98
N25C;0.99
N25E;0.98
N25D;0.98
N25G;0.95
N25F;1.01
N25I;0.98
N25H;0.99
N25K;0.99
N25M;0.99
N25L;0.97
N25Q;1.05
N25P;0.77
N25S;0.99
N25R;0.99
N25T;0.97
N25W;1.03
N25V;0.95
N25Y;0.97
V26A;0.97
V26C;0.91
V26E;0.11
V26D;0.09
V26G;0.12
V26F;0.94
V26I;1.02
V26H;0.08
V26K;0.07
V26M;1.04
V26L;0.99
V26N;0.09
V26Q;0.11
V26P;0.2
V26S;0.39
V26R;0.09
V26T;0.94
V26W;0.03
V26Y;0.08
K27A;0.55
K27C;0.64
K27E;0.83
K27D;0.21
K27G;0.39
K27F;0.69
K27I;0.1
K27H;0.76
K27M;0.35
K27L;-0.05
K27N;0.66
K27Q;0.79
K27P;0.06
K27S;0.55
K27R;0.94
K27T;0.64
K27W;0.39
K27V;0.06
K27Y;0.06
S28A;0.98
S28C;0.96
S28E;0.97
S28D;1
S28G;1
S28F;0.95
S28I;0.99
S28H;1.01
S28K;0.97
S28M;0.9
S28L;1.02
S28N;1.06
S28Q;0.96
S28P;0.84
S28R;1
S28T;1.01
S28W;0.97
S28V;1.01
S28Y;1.03
K29A;0.97
K29C;0.94
K29G;0.94
K29F;0.99
K29I;0.94
K29H;0.93
K29M;1.01
K29L;1.01
K29N;0.93
K29Q;0.95
K29P;0.21
K29S;0.96
K29R;0.96
K29T;0.99
K29W;0.91
K29V;0.97
K29Y;0.99
I30A;0.09
I30C;0.71
I30E;0.12
I30D;0.1
I30G;0.15
I30F;0.9
I30H;0.14
I30K;0.22
I30M;0.88
I30L;0.97
I30N;0.22
I30Q;0.22
I30P;0.17
I30S;0.16
I30R;0.15
I30T;0.92
I30W;0.04
I30V;0.97
I30Y;0.92
Q31A;1.02
Q31C;1
Q31E;1.12
Q31D;1.08
Q31G;1.02
Q31F;1.14
Q31I;0.8
Q31H;1.15
Q31K;0.89
Q31M;0.99
Q31L;0.96
Q31N;1.07
Q31P;-0.33
Q31S;1.06
Q31R;1
Q31T;1.01
Q31W;1.02
Q31V;1.04
Q31Y;1.07
D32A;1.06
D32C;1
D32E;1.02
D32G;1.01
D32F;1
D32I;0.99
D32H;1.05
D32K;1.15
D32M;1.13
D32L;1.02
D32N;0.96
D32Q;1.1
D32P;0.74
D32S;1.03
D32R;1.03
D32T;1
D32W;1.1
D32V;1.02
D32Y;1.14
K33A;1.02
K33C;1.07
K33E;0.99
K33D;0.98
K33G;0.98
K33F;1.05
K33I;1.06
K33H;0.96
K33M;1.06
K33L;0.98
K33N;1.03
K33Q;1.03
K33P;-0.1
K33S;1.07
K33R;1.01
K33T;1
K33W;1
K33V;1.07
K33Y;0.97
E34A;0.82
E34C;0.67
E34D;1
E34G;0.68
E34F;0.91
E34I;0.91
E34H;0.88
E34K;0.5
E34M;0.98
E34L;1.03
E34N;0.74
E34Q;0.97
E34P;0
E34S;0.85
E34R;0.24
E34T;0.86
E34W;0.88
E34V;0.86
E34Y;0.8
G35A;0.92
G35C;0.07
G35E;0.74
G35D;0.87
G35F;0.16
G35I;0.23
G35H;0.04
G35K;0.03
G35M;0.39
G35L;0.35
G35N;0.74
G35Q;0
G35P;0.36
G35S;0.46
G35R;-0.05
G35T;0.17
G35W;0.74
G35V;0.44
G35Y;0.34
I36A;0.94
I36C;0.91
I36E;0.94
I36D;0.9
I36G;0.41
I36F;0.92
I36H;0.83
I36K;0.88
I36M;0.98
I36L;0.96
I36N;0.9
I36Q;1
I36P;0.88
I36S;0.92
I36R;0.94
I36T;1.05
I36W;0.8
I36V;1
I36Y;0.75
P37A;0.99
P37C;1.02
P37E;0.93
P37D;0.99
P37G;0.95
P37F;0.96
P37I;0.98
P37H;1
P37K;0.96
P37M;0.99
P37L;0.98
P37N;0.89
P37Q;0.96
P37S;0.99
P37R;1.01
P37T;1
P37W;0.9
P37V;0.99
P37Y;0.96
P38A;1
P38C;0.95
P38E;0.98
P38D;0.96
P38G;0.98
P38F;0.94
P38I;0.93
P38H;1
P38K;0.97
P38M;0.97
P38L;0.92
P38N;0.98
P38Q;0.94
P38S;1.02
P38R;0.93
P38T;1.01
P38W;0.81
P38V;0.96
P38Y;0.85
D39A;1
D39C;0.78
D39E;0.98
D39G;0.95
D39F;0.99
D39I;1.01
D39H;0.98
D39K;1.02
D39M;0.94
D39L;0.95
D39N;0.99
D39Q;0.96
D39P;0.97
D39S;1
D39R;0.96
D39W;0.86
D39V;0.92
D39Y;1.04
Q40A;1.03
Q40C;0.93
Q40E;1.02
Q40D;0.98
Q40G;1.04
Q40F;1.1
Q40I;1.01
Q40H;1.11
Q40K;0.88
Q40M;1.02
Q40L;1.01
Q40N;1.01
Q40P;0.84
Q40S;1.02
Q40R;1.03
Q40T;1.06
Q40W;0.95
Q40V;1.01
Q40Y;1.09
Q41A;0.93
Q41C;0.94
Q41E;0.67
Q41D;0.1
Q41G;0.52
Q41F;0.44
Q41I;1
Q41H;0.26
Q41K;-0.02
Q41M;0.97
Q41L;0.91
Q41N;0.74
Q41P;0.42
Q41S;0.82
Q41R;-0.07
Q41T;0.75
Q41W;0.49
Q41V;0.82
Q41Y;0.77
R42A;-0.27
R42C;-0.13
R42E;-0.25
R42D;-0.1
R42G;-0.06
R42F;0.72
R42I;0.85
R42H;-0.01
R42K;1
R42M;0.69
R42L;0.83
R42N;0.01
R42Q;-0.22
R42P;0.31
R42S;0.01
R42T;0.47
R42W;1.03
R42V;0.2
R42Y;0.67
L43A;0.7
L43C;0.95
L43E;0.01
L43D;-0.05
L43G;-0.04
L43F;0.91
L43I;1.08
L43H;0.24
L43K;-0.03
L43M;1.05
L43N;-0.09
L43Q;-0.07
L43P;0.39
L43S;-0.06
L43R;-0.09
L43T;0.32
L43W;0.84
L43V;0.96
L43Y;0.87
I44A;0.01
I44C;-0.03
I44E;0.06
I44D;0.07
I44G;0.04
I44F;-0.02
I44H;0
I44K;0.03
I44M;0.5
I44L;0.98
I44N;0.07
I44Q;0.23
I44P;-0.02
I44S;0
I44R;0.06
I44T;-0.05
I44W;-0.07
I44V;0.73
I44Y;-0.05
F45A;0.93
F45C;0.95
F45E;0.45
F45D;0.08
F45G;0.96
F45I;0.86
F45H;0.98
F45K;0.86
F45M;0.88
F45L;0.49
F45N;0.88
F45Q;0.87
F45P;0.03
F45S;0.94
F45R;0.84
F45T;0.92
F45W;1.03
F45V;0.93
F45Y;1.03
A46C;1.03
A46E;0.92
A46D;0.83
A46G;1
A46F;1.05
A46I;1.04
A46H;1.06
A46K;1.04
A46M;0.99
A46L;1.02
A46N;1.01
A46Q;1.02
A46P;0.45
A46S;1.04
A46R;1.03
A46T;1.07
A46W;0.99
A46V;0.97
A46Y;1.01
G47A;0.9
G47C;0.14
G47E;0.08
G47D;0.13
G47F;0.14
G47I;0.11
G47H;0.71
G47K;0.56
G47M;0.25
G47L;0.03
G47N;1.05
G47Q;0.34
G47P;0.85
G47S;0.9
G47R;0.79
G47T;0.47
G47W;0.17
G47V;0.25
G47Y;0.01
K48A;0.11
K48C;0.24
K48E;0.04
K48D;0
K48G;0.05
K48F;0.61
K48I;0.02
K48H;0.8
K48M;0.17
K48L;0.47
K48N;0.09
K48Q;0.24
K48P;0.1
K48S;0.26
K48R;0.93
K48T;0.05
K48W;0.7
K48V;0.24
K48Y;0.86
Q49A;0.29
Q49E;0.55
Q49G;0.29
Q49H;0.06
Q49K;-0.46
Q49M;0.76
Q49P;0.95
Q49S;0.54
Q49T;0.14
Q49Y;-0.61
L50A;0.95
L50C;0.97
L50E;-0.71
L50D;-0.76
L50G;0.46
L50F;0.91
L50I;0.91
L50H;-0.31
L50M;0.97
L50Q;0.21
L50P;0.73
L50S;-0.33
L50R;-0.54
L50T;0.76
L50W;0.57
L50V;0.97
E51A;1.03
E51C;0.65
E51D;0.6
E51G;1.08
E51F;0.9
E51I;1.01
E51H;0.88
E51K;0.94
E51M;0.97
E51L;1.11
E51N;0.87
E51Q;1.06
E51P;1.07
E51S;0.93
E51R;1.01
E51T;1.11
E51W;0.96
E51V;1.11
E51Y;0.89
D52A;1.01
D52C;1
D52E;1.01
D52G;0.94
D52F;1.05
D52I;1.06
D52H;0.98
D52K;0.97
D52M;1.04
D52L;1.05
D52N;1.01
D52Q;1.02
D52P;1.01
D52S;1.03
D52R;1.01
D52T;1.01
D52W;1.06
D52V;1.03
D52Y;1.18
G53A;0.93
G53C;0.87
G53E;0.87
G53D;0.95
G53F;0.99
G53I;0.94
G53H;0.9
G53K;0.84
G53M;0.93
G53L;0.89
G53N;0.92
G53Q;0.98
G53P;0.93
G53S;0.89
G53R;0.93
G53T;0.9
G53W;0.88
G53V;0.87
G53Y;0.89
R54A;0.92
R54C;0.89
R54E;0.91
R54D;0.77
R54G;0.95
R54F;0.95
R54I;0.82
R54H;0.98
R54K;1
R54M;0.91
R54L;0.93
R54N;0.97
R54Q;0.94
R54P;0.83
R54S;0.94
R54T;0.97
R54V;0.87
R54Y;0.96
T55A;1.17
T55C;1.03
T55E;1.15
T55D;1.05
T55G;1.15
T55F;1.1
T55I;1.11
T55H;1.06
T55K;1.02
T55M;1.02
T55L;1.09
T55N;1.02
T55Q;1.06
T55P;1.05
T55S;1
T55R;1.07
T55W;1.12
T55V;1.16
T55Y;1.07
L56A;0.99
L56C;1.09
L56E;0.11
L56D;0.11
L56G;0.27
L56F;1.1
L56I;0.97
L56H;0.18
L56K;0.07
L56M;0.96
L56N;0.61
L56Q;0.31
L56P;0.87
L56S;0.4
L56R;0.1
L56T;1.09
L56W;0.93
L56V;1.08
L56Y;0.64
S57A;1.1
S57C;1
S57E;0.98
S57D;0.98
S57G;1.02
S57F;0.92
S57I;0.98
S57H;1.03
S57K;0.98
S57M;0.99
S57L;1.03
S57N;1
S57Q;1
S57P;1.06
S57R;1.06
S57T;1.07
S57W;1
S57V;0.99
S57Y;0.98
D58A;1.01
D58C;0.98
D58E;0.95
D58G;1.04
D58I;0.97
D58H;0.93
D58K;1.09
D58M;1.18
D58L;0.96
D58N;0.96
D58Q;0.94
D58P;0.52
D58S;0.95
D58R;1.02
D58T;0.99
D58W;1.03
D58V;1.08
D58Y;0.94
Y59A;0.78
Y59C;0.86
Y59E;-0.11
Y59D;-0.01
Y59G;-0.23
Y59F;1.01
Y59I;0.4
Y59H;0.74
Y59K;-0.09
Y59M;0.58
Y59L;0.58
Y59N;0.62
Y59Q;-0.22
Y59P;-0.66
Y59S;0.76
Y59R;0.26
Y59T;0.8
Y59W;1.03
Y59V;0.84
N60A;0.98
N60C;1.02
N60E;0.99
N60D;0.94
N60G;1.02
N60F;0.95
N60I;0.97
N60H;1.01
N60K;1
N60M;0.98
N60L;1
N60Q;1.01
N60P;0.97
N60S;1.01
N60R;1
N60T;0.97
N60W;0.98
N60V;0.93
N60Y;0.98
I61A;0.92
I61C;0.97
I61E;-0.04
I61D;-0.02
I61G;0.06
I61F;0.87
I61H;-0.18
I61K;-0.02
I61M;0.93
I61L;0.98
I61N;-0.04
I61Q;-0.1
I61P;0.06
I61S;0.04
I61R;-0.11
I61T;0.87
I61W;0.21
I61V;0.97
I61Y;0.2
Q62A;0.98
Q62C;1.01
Q62E;0.97
Q62D;0.98
Q62G;1.01
Q62F;0.99
Q62I;0.97
Q62H;0.96
Q62K;1.04
Q62M;1.04
Q62L;1.02
Q62N;0.98
Q62P;0.92
Q62S;1
Q62R;1.02
Q62T;1.01
Q62W;1
Q62V;0.97
Q62Y;1.01
K63A;0.99
K63C;0.97
K63E;1
K63D;0.99
K63G;0.96
K63F;0.96
K63I;0.98
K63H;1.01
K63M;0.95
K63L;1
K63N;0.98
K63Q;1
K63P;0.97
K63S;0.96
K63R;0.98
K63T;0.97
K63W;0.98
K63V;0.96
K63Y;1
E64A;1.02
E64C;0.95
E64D;0.97
E64G;1
E64F;0.97
E64I;1
E64H;0.99
E64K;0.97
E64M;0.93
E64L;0.97
E64N;1.01
E64Q;1.01
E64P;0.95
E64S;0.98
E64R;1.01
E64T;0.96
E64W;0.99
E64V;0.92
E64Y;1
S65A;0.98
S65C;0.97
S65E;0.99
S65D;0.99
S65G;0.97
S65F;0.93
S65I;0.99
S65H;0.98
S65K;0.93
S65M;1.01
S65L;0.9
S65N;1.01
S65Q;0.96
S65P;0.61
S65R;1.01
S65T;0.95
S65W;0.78
S65V;0.96
S65Y;0.92
T66A;0.95
T66C;0.98
T66E;0.92
T66D;1.05
T66G;0.9
T66F;1.05
T66I;0.94
T66H;0.96
T66K;0.94
T66M;0.9
T66L;0.98
T66N;0.99
T66Q;0.98
T66P;0.9
T66S;0.94
T66R;0.98
T66W;0.99
T66V;1.03
T66Y;0.93
L67A;0.94
L67C;1.03
L67E;0.13
L67D;0.16
L67G;0.9
L67F;0.93
L67I;0.98
L67H;0.09
L67K;0.19
L67M;1.01
L67N;0.14
L67Q;0.18
L67P;0.12
L67S;0.78
L67R;0.08
L67T;0.94
L67W;0.85
L67V;0.98
L67Y;0.14
H68A;1.02
H68C;0.61
H68E;-0.45
H68G;0.98
H68F;1.05
H68I;0.88
H68K;-0.13
H68M;0.96
H68L;0.83
H68N;0.98
H68Q;0.91
H68P;-0.24
H68S;0.86
H68R;0.84
H68T;0.5
H68V;1.01
H68Y;1.04
L69A;1.08
L69C;0.94
L69E;0.87
L69D;0.84
L69G;0.94
L69F;1.05
L69I;1
L69H;0.96
L69K;0.89
L69M;1
L69N;0.97
L69Q;0.95
L69P;-0.02
L69S;0.99
L69R;0.94
L69T;0.95
L69W;0.95
L69V;0.89
L69Y;1
V70A;0.05
V70E;-0.06
V70D;-0.03
V70G;0.11
V70I;-0.01
V70H;-0.1
V70K;-0.04
V70M;0.18
V70L;-0.06
V70N;-0.03
V70Q;-0.02
V70P;0.4
V70S;-0.05
V70R;-0.09
V70T;0.01
V70Y;-0.07
L71A;1.02
L71C;0.96
L71E;1.01
L71D;0.98
L71G;1.02
L71F;1.03
L71I;0.99
L71H;1.04
L71K;1
L71M;1.02
L71N;1.02
L71Q;1.01
L71P;0.36
L71S;1.02
L71R;1
L71T;1.01
L71W;1.07
L71V;1.02
L71Y;1.02
R72A;0.02
R72C;0.1
R72E;0.09
R72D;0.08
R72G;0.08
R72F;0.05
R72I;0.1
R72H;0.04
R72K;0.02
R72M;0.16
R72L;0.08
R72N;0.04
R72Q;0.07
R72P;0.03
R72S;0.09
R72T;0.08
R72W;0.05
R72V;0.07
R72Y;0.06
L73A;0.64
L73C;0.18
L73E;0.08
L73D;0.09
L73G;0.05
L73F;1
L73I;0.09
L73H;0.97
L73K;0.09
L73M;1.03
L73N;0.86
L73Q;0.99
L73P;0.1
L73S;0.85
L73R;0.09
L73T;0.89
L73W;1.04
L73V;0.96
L73Y;1.05
R74A;0.99
R74C;0.79
R74E;0.93
R74D;0.82
R74G;0.98
R74F;0.99
R74I;1
R74H;1.06
R74K;0.99
R74M;1
R74L;0.98
R74N;1
R74Q;1.03
R74P;0.99
R74S;1.01
R74T;0.98
R74W;1
R74V;0.99
R74Y;1.02
G75A;0.11
G75C;0.17
G75E;0.11
G75D;0.13
G75F;0.11
G75I;0.18
G75H;0.16
G75K;0.15
G75M;0.09
G75L;0.15
G75N;0.17
G75Q;0.11
G75P;0.12
G75S;0.11
G75R;0.14
G75T;0.11
G75W;0.12
G75V;0.11
G75Y;0.13
G76A;0.12
G76C;0.14
G76E;0.12
G76D;0.18
G76H;0.2
G76L;0.16
G76Q;0.12
G76P;0.14
G76S;0.15
G76R;0.15
G76T;0.13
G76W;0.1
G76V;0.12
G76Y;0.1
