mutant;log2_ratio
I1F;-1.991997331
I1K;-0.095094229
I1M;-0.123988681
I1L;-0.608514517
I1P;-2.485536804
I1S;0.877033275
I1R;-0.251588207
I1T;-0.342622216
I1V;-0.681225853
E2A;-0.55400677
E2D;0.837198805
E2G;-0.34154217
E2H;-1.694123426
E2K;-0.122230844
E2M;-0.007489507
E2N;0.542369192
E2Q;-0.507693878
E2P;-1.921332864
E2V;-0.431048999
K3E;-0.682203244
K3D;-2.467614896
K3I;-1.730649302
K3H;0.023190111
K3M;-0.632236232
K3L;-2.149601851
K3N;0.237745301
K3Q;-0.934903047
K3S;-0.940102668
K3R;-0.617918568
K3T;-0.29609176
K3V;-1.006283745
K3Y;-1.077452066
F4C;-0.165935768
F4D;-0.593145778
F4I;-0.11340211
F4M;-0.810376495
F4L;0.294234495
F4S;-0.09615495
F4W;-0.678181882
F4V;-0.400233624
F4Y;-0.299862929
K5A;0.893841563
K5E;-0.194553249
K5I;-0.577467261
K5N;-0.265642773
K5Q;-0.064436882
K5P;-0.377012347
K5R;-0.343337111
K5T;-0.502178954
K5V;0.577472993
L6D;-0.178108279
L6G;0.099425696
L6F;0.054986609
L6I;-0.200931634
L6H;-0.262037436
L6M;-0.016051521
L6P;-0.151339657
L6S;0.771851038
L6R;2.692921761
L6V;-0.038351609
L6Y;0.113231496
L7D;-1.517245664
L7F;0.526175211
L7I;-0.250638945
L7H;-0.157888975
L7P;-0.41762926
L7S;-0.172653849
L7R;-0.22428137
L7V;-0.576943244
L7Y;-0.061855211
A8E;0.351996053
A8D;-0.056877534
A8G;0.207328971
A8I;-0.981192764
A8L;-0.052577397
A8P;-0.074995623
A8S;0.626988673
A8T;-0.214887436
A8V;-0.265309319
E9A;1.622289485
E9D;0.052838079
E9G;-0.381438994
E9K;-0.214268785
E9M;-0.261164019
E9L;-0.813111462
E9N;-1.694123426
E9Q;-0.263151372
E9R;0.006316292
E9T;-0.345985452
E9W;-1.315611803
E9V;-0.527319363
E9Y;1.143819816
K10A;-0.377012347
K10E;0.174501178
K10D;-0.315611803
K10G;0.07670562
K10I;-0.931355087
K10H;-0.454588216
K10M;1.220441097
K10L;-1.52582951
K10N;0.134200227
K10Q;-0.006779595
K10P;0.30329803
K10S;1.496419606
K10R;0.086335241
K10T;0.156861702
K10V;0.758388779
V11A;-0.037358858
V11E;0.153741214
V11G;-0.174697267
V11I;-0.811569297
V11K;-0.554799467
V11M;-0.012556833
V11L;-0.390340872
V11Q;0.099425696
V11W;-0.80103863
E12A;-0.385008091
E12D;0.267028304
E12G;-0.394047829
E12H;-0.432425468
E12K;0.048307466
E12L;0.06289982
E12N;-2.241611221
E12Q;0.635575758
E12S;0.110652952
E12T;-0.237609291
E12W;-1.637539898
E12V;-0.558391064
E12Y;0.143819816
E13A;0.079519217
E13D;0.16622703
E13G;-0.009333435
E13H;-0.882652396
E13K;-0.366675715
E13L;-1.398073963
E13N;-1.60511842
E13Q;-0.391328857
E13S;-0.007489507
E13R;-0.990989599
E13T;-1.222502398
E13V;-0.654566909
E13Y;1.23990692
I14A;-1.070499305
I14F;1.379841468
I14K;0.34735321
I14M;0.171513494
I14L;0.262469499
I14N;0.114160246
I14P;-0.411827118
I14S;-0.185438074
I14R;-0.788863916
I14T;-0.263470339
I14V;-0.137530747
V15A;0.047172222
V15E;0.290900439
V15D;-0.428086532
V15G;-0.280169597
V15F;-0.953041723
V15I;0.323289505
V15K;-0.623734098
V15M;-0.179313194
V15L;0.033969029
V15Q;2.163641257
V15P;-0.228148962
V15S;-0.137274562
V15R;0.143819816
V15W;-1.538004224
A16E;0.060153969
A16G;-0.086376721
A16Q;-1.508256881
A16P;-0.345568074
A16S;0.009318251
A16R;-1.166748417
A16T;-0.164573687
A16V;-0.258871752
K17A;1.460882156
K17E;0.376607065
K17I;-0.194596402
K17M;0.700493272
K17L;-0.090052102
K17N;0.120487312
K17Q;0.21438626
K17S;-1.117672425
K17R;0.008254233
K17T;0.13609881
K17W;-0.506434145
K17V;1.591278793
K17Y;-0.620466384
N18A;-0.80103863
N18D;0.454209202
N18G;-0.717710246
N18I;-0.340749294
N18H;-0.243368496
N18K;-0.517416105
N18M;-0.650795994
N18Q;-0.702634926
N18P;-1.122966725
N18S;-0.054706435
N18R;1.052927234
N18T;-0.238282257
N18Y;-0.166899556
A19E;0.365653308
A19D;-0.453115327
A19G;-0.056695216
A19M;0.723916561
A19P;-0.16152241
A19S;-0.523207222
A19R;0.491743119
A19T;0.182630593
A19V;-0.032763396
R20A;0.390656994
R20C;-0.426643115
R20E;-0.010109256
R20G;-0.079895033
R20H;0.654014548
R20M;-0.754896848
R20L;0.663348103
R20Q;0.742575611
R20P;0.200164573
R20S;0.523923525
R20W;0.711018607
A21E;0.402442434
A21D;0.491743119
A21G;-0.458778169
A21K;-0.873607256
A21P;-0.035883959
A21S;-0.105663284
A21T;-0.164614559
A21V;-0.069728361
E22A;-0.697141571
E22D;-0.262054322
E22G;-0.774250325
E22K;-0.954312988
E22L;0.439275699
E22N;0.336464894
E22Q;-0.477232117
E22R;-0.486412492
E22T;-0.134004996
E22V;-0.23086812
E22Y;0.1844618
I23A;0.354239595
I23G;0.301059558
I23F;0.397674795
I23K;0.525094313
I23M;0.403443593
I23L;0.151101374
I23N;-0.061855211
I23S;-0.163608709
I23R;-0.142682769
I23T;0.25354412
I23V;-0.147685328
D24A;-0.421041377
D24E;0.771035117
D24G;-0.088319686
D24H;-0.369504811
D24K;-2.241611221
D24L;-1.953041723
D24N;-0.687695666
D24Q;0.472884092
D24T;-1.957157832
D24V;-0.653882179
D24Y;0.005618521
Y25A;0.053622007
Y25C;0.080340462
Y25D;2.050638289
Y25F;0.132309502
Y25I;-1.611067686
Y25H;-0.273354115
Y25N;0.76300309
Y25Q;-0.55377154
Y25S;0.636579897
Y25V;-2.241611221
S26A;-0.026105186
S26C;0.715115579
S26D;2.311661503
S26G;0.214576918
S26I;1.056506036
S26H;0.158319386
S26K;1.661668121
S26L;0.969790416
S26N;0.868204763
S26P;-0.7129473
S26R;-0.282314022
S26T;0.19783134
S26W;0.862305989
S26V;4.243815606
D27A;-0.758743237
D27E;0.127214692
D27G;0.26357
D27F;0.743281886
D27H;-0.714702418
D27N;-0.214311063
D27Q;0.210934012
D27S;0.39488158
D27V;-0.993250921
D27Y;-0.472778831
A28D;-0.241585618
A28G;0.377053184
A28P;-0.207393886
A28S;0.23918514
A28T;0.753397616
A28V;0.235893716
P29A;-1.248768053
P29E;-2.222502398
P29L;-0.77878273
P29Q;-1.460178307
P29S;-1.177216687
P29R;-0.865298829
P29T;-0.563918544
D30A;-0.611110175
D30E;0.107515015
D30G;-0.376923879
D30H;-0.630272364
D30K;2.150706201
D30N;-0.50715737
D30V;-0.323487126
D30Y;-0.569683223
E31A;-0.111856628
E31D;-0.005919217
E31G;-0.214157038
E31K;-0.465640726
E31Q;-0.084880081
E31V;-0.157944267
F32C;-2.462387612
F32I;-2.014521817
F32L;-0.735836798
F32S;-2.778918511
F32R;0.816093876
F32V;-2.45529439
F32Y;-0.118313345
R33C;-1.47315308
R33E;-2.870200655
R33G;-2.58696095
R33I;-0.989601939
R33K;0.102165949
R33N;-0.627555809
R33S;-0.961932033
R33T;-0.883082505
R33W;-1.875039211
D34Y;-2.892112725
D34E;-2.364819327
D34N;-2.642422119
P35A;-2.39477289
P35H;-2.600124774
P35L;-0.764617669
P35S;-2.399380161
P35R;-2.474643097
P35T;-2.151096818
P35V;-0.368079223
P35Y;-1.585700966
L36A;-2.351235713
L36E;-1.122966725
L36I;3.301059558
L36M;-2.355409051
L36Q;-2.556239796
L36P;-2.904139659
L36S;-1.825806535
L36R;-2.84939558
L36W;-2.611067686
L36V;0.952980967
M37G;-2.467614896
M37F;-2.569368395
M37I;-1.091830989
M37K;-2.382124862
M37L;0.806367852
M37R;-2.432246755
M37T;-0.407575668
M37V;-0.506429296
D38A;-0.834807927
D38E;-1.569914876
D38G;-1.669975669
D38I;0.190279127
D38H;-1.542073032
D38N;-1.43126196
D38S;-2.135039557
D38V;1.450171394
D38Y;1.508216831
T39A;-1.315611803
T39D;0.799865415
T39G;-2.353086508
T39F;0.19896137
T39I;-0.539875209
T39M;-2.104107698
T39N;-0.544287829
T39P;-2.906726531
T39S;-0.650958851
T39V;-1.985463201
T39Y;-1.208696599
L40G;-2.386001131
L40I;-0.183700127
L40H;0.06289982
L40M;-0.221854179
L40Q;-1.69754243
L40P;-1.120481461
L40R;-2.451324734
L40V;0.401638703
M41I;-0.397391583
M41K;-2.650536044
M41L;-0.900543171
M41T;-2.924134919
M41V;-1.638897728
T42A;0.102402279
T42F;0.06289982
T42I;-0.014704332
T42K;-0.993683708
T42M;-2.453115327
T42L;-0.297233274
T42N;2.496223734
T42P;-1.122966725
T42S;-0.025506681
T42V;-0.93710018
T42Y;-1.490698509
D43A;-1.211287723
D43C;-1.03997736
D43E;0.317785188
D43G;-2.805144488
D43I;-2.578646209
D43H;-0.63427793
D43N;-0.338768176
D43Q;-2.386001131
D43S;-2.093219381
D43T;-2.112078409
D43V;-1.77274216
D43Y;-1.457630808
P44A;-2.60068072
P44T;-2.900574304
P44V;-2.315611803
V45A;-1.71078888
V45M;-1.427299757
V45L;-2.107503607
V45G;-2.652949337
R46I;-0.500389404
R46K;1.52038803
R46S;-0.094035616
R46G;-1.273751176
R46T;-0.819574581
L47A;-0.200134585
L47H;-2.485536804
L47M;-1.02915851
L47P;-2.682669273
L47V;1.547481253
P48A;-1.806909218
P48H;-2.198020465
P48Q;-0.467614896
P48S;-1.990794327
P48R;-1.682286281
P48T;-1.789436907
S49A;1.714162827
S49C;-1.27144422
S49G;-1.044309781
S49F;0.893989813
S49P;-2.257691827
S49T;-0.189449627
S49Y;1.535244758
G50A;-1.851257985
G50C;-1.886840193
G50E;-0.315611803
G50D;-1.599139381
G50N;-2.274969818
G50S;-0.734085928
G50R;-0.293815879
T51I;2.257384677
T51P;2.580894136
T51S;0.229193571
T51A;-0.393202927
T51N;0.027421925
V52I;0.13355148
V52A;-0.944924396
V52L;-1.111941355
V52D;-2.472202166
V52F;-0.749842867
M53A;0.684388197
M53G;-0.856180184
M53F;-2.208696599
M53I;3.517392083
M53K;-2.742840537
M53L;5.521548927
M53R;-2.683552295
M53T;1.828146537
M53V;3.199846384
D54H;-2.290520822
D54E;0.013285337
D54G;-1.918327561
D54N;-1.128548557
R55C;-2.452150636
R55H;-0.876232343
R55S;-1.480860317
R55L;-1.676878046
S56A;-0.29637972
S56C;-0.382725999
S56F;-1.487672549
S56P;-0.480482215
S56T;-0.726791826
S56Y;-1.163608709
I57F;0.539011483
I57L;-1.087805885
I57N;-0.736062798
I57S;0.511003117
I57T;1.307887405
I57V;0.163600132
I58M;-1.355689242
I58L;-1.33722022
I58N;-2.409038667
I58S;-2.393614315
I58T;-1.438706934
I58V;-1.541760266
L59Q;-0.239785176
L59P;-2.301217447
L59R;-0.24653342
L59M;1.064160367
L59V;-0.408721207
R60Q;-1.055595589
R60P;-2.465974538
R60C;-2.203137074
R60W;-2.537556113
H61E;-0.65264679
H61D;-2.905900364
H61K;-0.993683708
H61N;-2.731946107
H61Q;-2.306133518
H61P;-2.839372875
H61R;-2.519442867
H61Y;-2.7596288
L62Q;-2.495219358
L62P;-2.625709709
L62R;-2.42917736
L62M;0.398356984
L62V;-1.695394914
L63A;0.731693912
L63I;0.157781143
L63H;-0.00769228
L63P;-1.414637865
L63R;-0.153688458
L63T;-1.093219381
L63V;0.024731345
N64C;-1.730649302
N64E;-0.453115327
N64D;-1.135467611
N64F;0.951174738
N64I;-0.331467462
N64H;-0.759183501
N64K;-2.130852498
N64L;-1.20458049
N64S;-0.740409962
N64T;-1.145069522
N64V;-1.425236294
N64Y;1.114790767
S65A;-1.128717165
S65C;-2.194020022
S65G;-1.315611803
S65F;-1.004692455
S65L;-2.215084927
S65N;-1.830184976
S65T;-1.50403604
S65Y;-0.710266047
P66A;0.071297394
P66C;-0.563539316
P66G;-0.520431595
P66F;-1.248497607
P66H;-0.356246
P66L;-0.257160048
P66Q;-0.378805629
P66S;-0.351991037
P66R;-0.36225944
P66T;-0.921274797
T67A;-2.383882204
T67C;-0.730649302
T67I;-1.822487613
T67H;-1.851664703
T67L;-2.122966725
T67N;-0.740225562
T67S;-0.776674169
T67R;-2.393614315
T67V;-2.756184394
T67Y;-0.315611803
D68E;-2.440688936
D68N;3.057723143
P69Q;-2.0218806
P69T;-3.589429884
P69F;-2.500036374
F70Y;1.621398132
F70I;-2.263956208
F70R;-0.984405894
F70L;-2.770719513
F70V;-2.793190768
N71D;-2.100622532
N71F;-2.538004224
N71I;-2.325249693
N71K;-2.802654314
N71S;-0.85507506
N71T;2.857491588
N71V;-1.900574304
N71Y;-2.822181309
R72C;-2.488397295
R72D;-2.116302995
R72G;-2.585045146
R72F;-0.578646209
R72H;-2.412001816
R72L;-2.201908464
R72N;-2.675507748
R72Q;-2.200134585
R72S;-2.649235231
R72Y;-2.355140167
Q73A;2.995589885
Q73E;-1.173501566
Q73D;-1.140525096
Q73G;-2.07594139
Q73H;-1.788274384
Q73K;-0.216639716
Q73M;0.186888538
Q73L;0.080204361
Q73N;0.269350698
Q73S;-0.663535106
Q73R;-0.764441016
M74G;-0.868152826
M74F;-1.756184394
M74I;-0.021247725
M74K;0.016040178
M74L;0.717729492
M74N;-1.0218806
M74Q;-0.508256881
M74R;-0.061009303
M74T;0.242581174
M74V;-0.264079195
L75M;-1.182745858
L75V;-1.728703075
T76A;-0.703549255
T76D;-0.586259393
T76G;-2.145686801
T76I;-0.650072416
T76L;-0.106158437
T76N;-0.349753322
T76P;-1.938466485
T76S;-0.29156013
T76R;-0.894474104
T76V;-0.422527007
T76Y;-0.548588975
E77A;-0.865488532
E77D;-0.516395425
E77G;-0.509131683
E77I;-0.730649302
E77K;-0.549051426
E77M;-0.550077056
E77L;-1.947880018
E77N;-0.047122967
E77Q;-0.716108759
E77S;-1.122966725
E77R;-0.296752776
E77T;-0.510868094
E77V;-0.829707236
S78A;-0.113977942
S78C;-0.056193248
S78E;0.15387348
S78D;-0.137274562
S78G;0.294002474
S78I;-0.862799525
S78H;-1.993683708
S78K;-0.13005615
S78N;-0.193595514
S78R;0.107255271
S78T;-0.507094967
S78W;-2.694123426
S78V;-1.730649302
S78Y;-0.856180184
M79F;-1.508256881
M79I;-1.064716961
M79K;-0.622656786
M79L;-0.472887256
M79S;-2.315611803
M79R;-0.671683148
M79T;-1.307386833
M79W;-0.43108902
M79V;-1.187068433
L80A;-0.615172085
L80F;-0.315611803
L80I;-1.012219659
L80M;-1.305884255
L80Q;-2.760325697
L80R;-2.858826382
L80V;-0.610273216
E81A;-0.188671568
E81D;-0.074672706
E81G;-0.611622435
E81K;0.262318595
E81M;-0.547785245
E81L;-1.335789685
E81N;-1.467614896
E81Q;-0.225723849
E81S;0.737499534
E81W;-1.60511842
E81V;0.287296322
E81Y;0.169815024
P82A;-0.030209584
P82E;-0.656648721
P82H;-1.219396488
P82K;-2.569368395
P82L;-2.264611488
P82Q;-0.599805373
P82S;1.22060813
P82R;-0.801483289
P82T;-0.362907701
P82V;-2.315611803
V83A;-0.522208135
V83E;-0.024549582
V83G;-2.723978461
V83I;0.965158967
V83K;-0.730649302
V83M;-0.284250628
V83L;0.411757417
V83Q;-1.315611803
V83R;-1.231547538
V83W;-0.382725999
P84A;0.357443806
P84L;0.308653384
P84Q;-0.443673669
P84S;0.142957962
P84R;-0.433780535
P84T;0.872467912
E85A;-0.324760738
E85D;-0.06585936
E85G;0.257597189
E85K;0.309920738
E85Q;-0.079710434
E85S;-0.93710018
E85T;-1.615172085
E85V;0.250346884
L86I;-0.321772787
L86Q;-1.142917243
L86R;-0.670398947
L86V;-1.02225286
K87E;-0.196905875
K87M;0.385252476
K87N;-0.191843719
K87Q;0.725910726
K87R;-0.011620723
K87T;-0.147654324
E88A;0.535308811
E88D;-0.036942771
E88G;0.914443142
E88K;-0.21137965
E88Q;-0.245734705
E88V;-0.07851382
Q89E;-0.64523429
Q89H;-0.484901548
Q89K;0.080316874
Q89L;-0.375769547
Q89P;-1.663983882
Q89R;0.049726137
I90A;-0.818112143
I90F;-1.692524112
I90L;-0.578290094
I90N;-2.77167657
I90S;-2.434235172
I90T;-1.409077777
I90V;0.318403091
Q91A;-1.60511842
Q91E;0.537825184
Q91D;0.057846593
Q91H;-0.067620613
Q91K;-0.151336523
Q91L;-0.101527237
Q91N;-0.4884484
Q91P;-2.782087186
Q91S;-1.415147476
Q91R;0.180205648
Q91T;0.207950153
Q91Y;-0.163608709
A92C;-1.625951923
A92E;-0.60511842
A92D;0.380017289
A92G;0.006866738
A92I;-2.175434145
A92H;0.421353791
A92L;-0.663535106
A92N;-0.766718557
A92P;-2.481734799
A92S;0.946482135
A92R;-1.218314601
A92T;-0.111615606
A92V;0.015469935
A92Y;-0.113977942
W93C;-2.238751639
W93G;-2.417199675
W93F;0.819037724
W93K;-1.863099598
W93L;-1.294245514
W93Q;-0.919683126
W93S;-2.320258168
W93R;-2.18077043
W93T;-1.538004224
W93Y;-1.03997736
M94A;0.480854803
M94G;0.429131142
M94F;1.555654883
M94I;0.429957178
M94K;-0.062251501
M94L;0.406242844
M94N;-0.527115908
M94Q;0.051170528
M94S;-1.245222475
M94R;0.70097182
M94T;0.483792653
M94V;0.476668725
R95A;0.487849203
R95E;-0.339859349
R95G;-0.046220194
R95I;-0.242281442
R95K;-2.281936165
R95M;-0.921947954
R95N;-0.807464899
R95Q;-0.035503884
R95S;0.127871444
R95T;0.394536252
R95W;-0.921332864
E96A;0.036900682
E96D;-0.085950733
E96G;-0.013461885
E96H;-1.274969818
E96K;0.297807298
E96M;-2.190080921
E96L;-0.315611803
E96N;-0.408721207
E96Q;-0.023806699
E96P;-1.408721207
E96S;-0.163608709
E96R;-1.052577397
E96T;2.512207222
E96V;-0.009462212
K97E;0.821484525
K97D;0.07517815
K97G;1.316656413
K97I;0.254332557
K97H;0.243815606
K97M;1.854313199
K97L;-1.178108279
K97N;1.022685435
K97Q;0.413275559
K97P;-0.291364257
K97S;0.003070633
K97R;0.495541853
K97T;0.332697858
K97V;-0.558182106
K97Y;0.298205561
Q98E;0.470468832
Q98H;0.142416965
Q98K;0.523880998
Q98M;-1.163608709
Q98L;-0.153945931
Q98P;0.395622026
Q98S;-0.016051521
Q98R;1.000853345
Q98V;1.182639065
Q98Y;-0.578646209
S99C;-0.270492414
S99G;-0.090464311
S99I;-0.201037116
S99H;-0.527115908
S99L;-0.485536804
S99N;-0.102810893
S99P;1.038025152
S99R;0.018372905
S99T;0.389847614
S99V;-2.052577397
S100C;-0.031497941
S100D;1.02344047
S100G;0.275896628
S100I;0.493347099
S100H;-0.993683708
S100L;-1.101486997
S100N;0.05990774
S100P;1.12917304
S100R;-0.25835195
S100T;-0.53481654
S100V;0.405234126
S100Y;-0.635492069
D101A;-0.400151928
D101C;-0.615172085
D101E;-0.222128623
D101G;0.234729519
D101I;-0.805417071
D101H;-0.631373831
D101K;-1.143845455
D101N;-0.198165836
D101Q;0.099425696
D101P;-0.178108279
D101S;-0.976809889
D101T;-1.382725999
D101V;-0.402699326
D101Y;-0.674840208
H102A;-0.408721207
H102C;0.046958277
H102D;0.703293745
H102F;-0.315611803
H102L;-0.077794723
H102N;0.104355295
H102Q;-0.29862743
H102P;-0.061657536
H102S;-0.524198425
H102R;-0.012880064
H102Y;0.135073333
