variant,fitness
L4F,0.581268889
L4P,0.271741785
P5Q,0.422146169
L4H,0.268812135
A6G,0.8145548
L4R,0.165804027
A6S,0.989783576
P5S,0.323615345
G7F,0.752134089
L4M,1.08444462
A6F,0.964681089
L4T,0.207538415
W8C,0.076296645
A6R,1.061490662
E9D,1.233934247
P5R,0.241634365
L4Q,0.227748626
E9V,0.187600785
G7H,0.527199829
A6I,0.910499307
L4W,0.242428955
M10Q,1.372680411
W8G,0.092662767
A6T,1.142308557
E9G,2.099319313
A11I,0.113718614
P5T,0.366025411
G7N,0.448460273
M10A,0.904025472
K12D,0.529622291
A6H,0.827176602
L4V,0.567276852
W8F,0.487386029
M10S,1.243032612
K12S,0.917196172
E9H,0.254198134
A6V,0.965049014
A11P,0.058152164
P5V,0.210093649
T13M,0.705413423
S14C,0.27890144
G7P,0.309664437
M10E,2.207094488
K12I,0.63669881
A6L,1.516725344
W8L,0.111221239
M10R,0.838388039
P5A,0.398852739
K12R,0.89982034
E9K,0.371603412
A6Y,1.042880663
A11S,0.833029462
A6C,0.567995705
S14M,0.716990981
T13L,0.470943215
S14V,1.010614488
S14E,0.725349624
G7S,0.348624146
M10G,0.981945121
S15H,0.462754975
K12H,0.970298873
A6N,0.894393811
G16A,0.295663185
W8S,0.104129987
M10T,0.851173584
P5G,0.827341338
K12T,0.7907033
E9N,0.615290013
G7A,0.305118117
A11R,2.040908081
T13N,0.388788006
S14L,0.692028368
A6E,0.515129895
S14Y,0.917574196
S14D,0.454053546
G7R,0.556189368
G16W,0.17919543
M10F,0.358852909
S15L,0.802335538
Q17L,0.538741653
K12M,0.732561297
A6Q,0.988666084
G16C,0.378104551
W8R,0.192193379
M10W,0.568995407
P5L,0.327942052
Q17Y,2.203458399
K12V,0.331431807
E9Q,1.052193487
G7C,0.486401264
A11T,0.449490742
S14N,1.090485719
T13P,0.087387674
S15A,1.077888723
A6D,0.760414326
R18L,1.020529566
G7T,0.024831598
S14G,1.104197754
G16V,0.040970298
S15P,0.194398279
M10I,0.664678427
Q17N,0.2984452
K12L,0.911169915
R18V,0.992885271
W8Y,0.4956754
M10V,0.891775799
G16D,0.42102237
A6P,1.044997548
K12Y,0.551845251
R18A,0.935915056
F20H,0.180127498
E9S,1.063714333
L21Q,0.330103331
G7D,0.251223
A11V,0.103345078
T13S,0.492115261
S14Q,1.743019952
S15C,0.468705008
R18N,1.498533972
Q17A,1.343553825
S14F,0.814794351
G7V,0.077724409
S15R,1.306861885
M10K,1.102560146
Q17P,0.12287693
K12N,0.688156381
R18Y,0.867007092
N22H,0.191104856
A11D,0.331963069
E9A,1.317981452
G16M,0.450016242
R18C,0.552779669
T13A,0.658983784
F20T,0.079562905
H23P,0.034190683
E9T,0.899467911
L21P,0.109454749
T13V,0.528226935
S14P,0.727134572
K12A,0.680225047
S15D,0.92077903
R18Q,0.633304313
I24H,1.079320109
Q17E,0.673642948
S14I,1.19217961
S15T,0.964898963
M10L,0.722382863
Q17S,0.798911714
K12Q,0.823065802
Y19H,0.090963722
N22K,0.176948308
A11G,0.475167642
I24R,0.99769525
G16L,0.300054363
R18D,0.668930367
F20V,0.06234471
T13I,0.428832973
H23C,0.172244151
D25G,1.237291433
L21R,0.640307928
T13Y,0.867289276
S14R,1.49171078
K12E,0.821717574
S15G,1.224846881
R18P,1.372245636
I24K,1.494868453
Q17D,0.749241883
S14H,1.416064987
S15W,1.083782072
Q17R,1.272773627
K12P,0.061267341
Y19D,0.057448538
D25Q,1.942447821
N22S,0.566387259
I24T,0.983589148
G16N,0.513955424
R18G,0.332460056
F20Y,1.133935953
T13H,0.084955766
D25Y,1.042075197
H23R,0.060607017
D25F,1.138575996
L21T,0.244875204
S14A,1.486004561
S14T,1.098956339
S15F,1.103066226
Q17G,0.672532943
R18S,0.890886649
I24M,0.975948534
S14K,1.888502247
S15V,0.941664387
Q17T,0.234903552
Q26P,0.093198532
Y19F,0.153582607
D25P,0.16607765
N22R,0.113358739
I24V,0.735393738
G16S,0.355720578
T27I,0.676608257
R18F,0.91571772
L21I,1.165557394
Q26E,0.210800198
I24A,0.692881705
D25I,1.165943121
L21V,0.723199214
S14W,1.199468491
T27S,0.760399357
S15I,0.841734939
Q17H,0.970355774
R18T,1.32468388
I24L,0.96137972
S15Y,1.515227045
Q17W,1.353130552
Q26R,2.280922616
F20A,0.227098952
D25S,1.617697497
N22T,0.080871599
I24Y,1.029292251
G16R,0.473883115
T27H,0.340780686
R18I,1.683243439
T29G,0.383447447
L21K,2.702899304
Q26G,0.162256176
I24C,0.841481037
D25H,1.460187346
N22C,0.218036908
T27R,1.261572505
T29R,0.439849736
Q17M,0.512580759
R18W,0.824844876
I24N,1.33377755
Q17V,0.285005894
F20I,0.058359537
Q26Y,0.275175639
N22Y,0.118332683
D25R,3.159291618
D25A,1.802303014
Q31K,0.563799529
T27K,0.692250843
R18H,0.986778535
T29K,0.165330598
L21M,0.740773308
Q26H,0.574979613
D25K,2.430656901
I24G,0.89901251
T28S,0.481269323
T29W,0.53335865
I24P,0.28288424
N22D,0.354226797
Q31T,0.693832541
D32H,0.698396188
T27A,0.557788591
H23I,0.192325331
D25T,1.09535668
D25C,1.853621022
Q31M,0.732776084
T27M,0.767985557
D32V,0.63881394
T29M,0.203469551
Q26K,2.118778549
D25L,1.198836095
I24F,0.693820276
T28R,0.092289806
Q31A,0.947362798
I24S,0.76141968
P33W,0.067498151
Q31W,0.924825944
D32K,0.760826085
T27C,0.777117387
D25W,1.473870464
D25E,1.316201445
Q31L,0.540865251
T27L,0.899827584
D32Y,0.617182283
T29N,0.380181572
Q26M,0.393983323
D25N,1.717223013
T28N,0.083720206
Q31E,0.454173482
Q31Y,0.896513949
D32N,0.538291852
T27D,0.117797109
D25V,1.031891983
Q31N,1.268605223
T27N,0.662036963
P33A,0.055790381
T29Q,1.436759988
Q26L,0.173372414
T29A,0.457146955
Q31D,0.655563639
D32A,0.704252764
D32Q,0.385890772
T27F,1.024077297
Q31P,0.043327539
T27P,0.188857146
P33H,0.08686077
T29P,0.207137978
Q31G,0.896375772
T29E,0.327952431
D32E,0.254635298
D32P,0.499124674
Q31S,0.795291869
P33Q,0.069048133
T29S,0.688913348
Q31H,1.397860963
D32S,0.534497322
D32G,0.35020723
Q31R,1.368045172
P33S,0.041908444
D32T,0.386769319
D32I,0.337056451
P33R,0.240944946
